timestamp,open,high,low,close,volume
1788348840000,76599.90000000,76644.01000000,76597.14000000,76644.01000000,0.00814000
1788348900000,76665.98000000,76665.98000000,76665.98000000,76665.98000000,0.01033000
1788348960000,76631.40000000,76673.85000000,76629.65000000,76629.65000000,0.00089000
1788349020000,76680.44000000,76690.81000000,76673.86000000,76673.86000000,0.01644000
1788349080000,76613.44000000,76613.44000000,76613.44000000,76613.44000000,0.00012000
1788349140000,76613.44000000,76613.44000000,76613.44000000,76613.44000000,0.00000000
1788349200000,76613.44000000,76613.44000000,76613.44000000,76613.44000000,0.00000000
1788349260000,76681.25000000,76681.25000000,76681.25000000,76681.25000000,0.01260000
1788349320000,76681.25000000,76681.25000000,76681.25000000,76681.25000000,0.00000000
1788349380000,76663.77000000,76667.20000000,76612.72000000,76667.20000000,0.01484000
1788349440000,76667.20000000,76667.20000000,76667.20000000,76667.20000000,0.00000000
1788349500000,76618.22000000,76631.77000000,76618.22000000,76631.77000000,0.00202000
1788349560000,76652.67000000,76652.67000000,76652.67000000,76652.67000000,0.00012000
1788349620000,76607.05000000,76607.05000000,76607.05000000,76607.05000000,0.00401000
1788349680000,76607.06000000,76607.06000000,76607.06000000,76607.06000000,0.00012000
1788349740000,76648.97000000,76648.97000000,76620.32000000,76624.90000000,0.00142000
1788349800000,76624.90000000,76624.90000000,76624.89000000,76624.89000000,0.00060000
1788349860000,76595.13000000,76595.13000000,76595.13000000,76595.13000000,0.00012000
1788349920000,76595.13000000,76595.13000000,76595.13000000,76595.13000000,0.00000000
1788349980000,76595.13000000,76595.13000000,76595.13000000,76595.13000000,0.00000000
1788350040000,76673.23000000,76718.92000000,76655.19000000,76718.92000000,0.00676000
1788350100000,76690.20000000,76693.07000000,76690.20000000,76693.07000000,0.00212000
1788350160000,76748.29000000,76748.29000000,76748.28000000,76748.28000000,0.00020000
1788350220000,76724.50000000,76724.50000000,76724.50000000,76724.50000000,0.00012000
1788350280000,76724.50000000,76724.50000000,76724.50000000,76724.50000000,0.00000000
1788350340000,76776.60000000,76832.20000000,76776.60000000,76832.20000000,0.01307000
1788350400000,76819.40000000,76819.40000000,76783.05000000,76783.05000000,0.00354000
1788350460000,76783.05000000,76828.39000000,76783.05000000,76828.39000000,0.00223000
1788350520000,76813.70000000,76813.70000000,76781.23000000,76783.38000000,0.00558000
1788350580000,76783.37000000,76783.37000000,76758.06000000,76778.50000000,0.00212000
1788350640000,76778.82000000,76778.82000000,76706.67000000,76729.29000000,0.00506000
1788350700000,76729.29000000,76758.12000000,76684.22000000,76712.19000000,0.00797000
1788350760000,76740.95000000,76746.75000000,76713.80000000,76727.18000000,0.00198000
1788350820000,76727.18000000,76727.18000000,76727.18000000,76727.18000000,0.00119000
1788350880000,76749.80000000,76819.23000000,76749.03000000,76752.10000000,0.00357000
1788350940000,76752.10000000,76797.25000000,76752.10000000,76787.89000000,0.02547000
1788351000000,76794.32000000,76794.32000000,76779.24000000,76781.32000000,0.00535000
1788351060000,76787.40000000,76838.23000000,76787.40000000,76838.23000000,0.00515000
1788351120000,76838.23000000,76838.23000000,76799.96000000,76818.66000000,0.00191000
1788351180000,76819.25000000,76819.25000000,76819.25000000,76819.25000000,0.00153000
1788351240000,76829.25000000,76829.25000000,76775.80000000,76821.50000000,0.00323000
1788351300000,76808.43000000,76862.73000000,76760.23000000,76862.73000000,0.01907000
1788351360000,76862.72000000,76871.05000000,76841.76000000,76870.52000000,0.00942000
1788351420000,76877.95000000,76907.46000000,76877.95000000,76905.18000000,0.00688000
1788351480000,76892.27000000,76935.28000000,76879.12000000,76896.21000000,0.00369000
1788351540000,76896.20000000,76896.20000000,76860.85000000,76871.85000000,0.00338000
1788351600000,76834.96000000,76959.52000000,76834.96000000,76959.52000000,0.00854000
1788351660000,76967.76000000,77029.17000000,76956.94000000,77007.34000000,0.03282000
1788351720000,77029.17000000,77034.93000000,76983.09000000,76989.34000000,0.00400000
1788351780000,76979.37000000,77013.50000000,76949.54000000,77001.96000000,0.01006000
1788351840000,77003.92000000,77003.92000000,76978.39000000,76985.21000000,0.00371000
1788351900000,76985.20000000,77009.25000000,76969.52000000,76994.62000000,0.00442000
1788351960000,77019.44000000,77024.36000000,76999.41000000,77010.38000000,0.00368000
1788352020000,77010.37000000,77024.71000000,77010.37000000,77024.70000000,0.00369000
1788352080000,77024.69000000,77024.69000000,77007.78000000,77007.79000000,0.00743000
1788352140000,77007.78000000,77007.78000000,76990.90000000,76990.90000000,0.00371000
1788352200000,76990.90000000,76990.90000000,76979.34000000,76979.53000000,0.00238000
1788352260000,76979.52000000,76979.52000000,76955.11000000,76956.93000000,0.00309000
1788352320000,76956.92000000,76967.06000000,76929.10000000,76938.97000000,0.00329000
1788352380000,76938.96000000,76938.96000000,76901.22000000,76919.26000000,0.00564000
1788352440000,76921.28000000,76925.27000000,76896.05000000,76918.16000000,0.00284000
1788352500000,76920.88000000,76926.08000000,76902.37000000,76921.46000000,0.00296000
1788352560000,76921.45000000,76921.45000000,76871.11000000,76871.12000000,0.00644000
1788352620000,76871.11000000,76871.11000000,76828.95000000,76830.05000000,0.00684000
1788352680000,76848.71000000,76848.71000000,76793.81000000,76793.82000000,0.00245000
1788352740000,76793.81000000,76821.14000000,76790.67000000,76821.14000000,0.00319000
1788352800000,76821.13000000,76857.64000000,76806.83000000,76857.64000000,0.00336000
1788352860000,76857.63000000,76857.64000000,76838.50000000,76838.50000000,0.00413000
1788352920000,76840.78000000,76840.79000000,76830.83000000,76836.55000000,0.01724000
1788352980000,76822.94000000,76822.94000000,76801.07000000,76803.25000000,0.00360000
1788353040000,76803.24000000,76831.50000000,76803.24000000,76831.50000000,0.00301000
1788353100000,76831.50000000,76831.50000000,76769.57000000,76782.89000000,0.00565000
1788353160000,76782.88000000,76782.88000000,76771.36000000,76776.20000000,0.00303000
1788353220000,76793.23000000,76828.54000000,76789.36000000,76800.48000000,0.00161000
1788353280000,76800.48000000,76800.48000000,76742.18000000,76743.11000000,0.00177000
1788353340000,76769.57000000,76769.57000000,76769.56000000,76769.56000000,0.00116000
1788353400000,76739.27000000,76754.53000000,76735.49000000,76752.75000000,0.00141000
1788353460000,76752.75000000,76752.75000000,76752.75000000,76752.75000000,0.00114000
1788353520000,76752.75000000,76752.75000000,76720.68000000,76721.85000000,0.00182000
1788353580000,76721.85000000,76737.47000000,76721.85000000,76737.47000000,0.00090000
1788353640000,76740.37000000,76740.37000000,76722.71000000,76735.69000000,0.00095000
1788353700000,76757.64000000,76757.64000000,76718.87000000,76718.87000000,0.00103000
1788353760000,76691.15000000,76695.84000000,76664.39000000,76682.46000000,0.00090000
1788353820000,76682.45000000,76682.45000000,76656.61000000,76658.01000000,0.00102000
1788353880000,76658.01000000,76658.01000000,76656.60000000,76656.61000000,0.02767000
1788353940000,76656.60000000,76656.60000000,76622.83000000,76622.83000000,0.04179000
1788354000000,76654.51000000,76683.05000000,76654.51000000,76666.95000000,0.00240000
1788354060000,76644.80000000,76723.56000000,76644.80000000,76723.56000000,0.00213000
1788354120000,76774.79000000,76776.73000000,76743.74000000,76747.35000000,0.00177000
1788354180000,76769.92000000,76796.26000000,76760.19000000,76774.88000000,0.00181000
1788354240000,76810.84000000,76810.84000000,76785.07000000,76790.95000000,0.00504000
1788354300000,76827.75000000,76880.83000000,76827.75000000,76880.83000000,0.00089000
1788354360000,76880.83000000,76880.83000000,76846.42000000,76880.71000000,0.00133000
1788354420000,76889.63000000,76889.63000000,76820.26000000,76826.07000000,0.00104000
1788354480000,76826.07000000,76826.07000000,76755.15000000,76755.15000000,0.00315000
1788354540000,76755.14000000,76772.44000000,76733.19000000,76767.63000000,0.00114000
1788354600000,76785.15000000,76785.15000000,76752.75000000,76763.33000000,0.00084000
1788354660000,76792.47000000,76814.37000000,76788.85000000,76814.37000000,0.00664000
1788354720000,76814.36000000,76814.36000000,76771.06000000,76790.42000000,0.00113000
1788354780000,76790.41000000,76790.41000000,76754.31000000,76768.11000000,0.00089000
1788354840000,76768.10000000,76768.10000000,76750.98000000,76752.12000000,0.00180000
1788354900000,76752.12000000,76752.12000000,76752.12000000,76752.12000000,0.00073000
1788354960000,76752.11000000,76791.15000000,76752.11000000,76791.15000000,0.00082000
1788355020000,76787.33000000,76813.99000000,76787.33000000,76813.99000000,0.00049000
1788355080000,76813.99000000,76822.61000000,76813.99000000,76822.61000000,0.00071000
1788355140000,76822.61000000,76843.98000000,76822.61000000,76828.74000000,0.00074000
1788355200000,76819.87000000,76830.76000000,76775.19000000,76781.62000000,0.00499000
1788355260000,76728.31000000,76737.38000000,76728.31000000,76732.36000000,0.00068000
1788355320000,76736.56000000,76744.94000000,76736.56000000,76744.94000000,0.00100000
1788355380000,76770.19000000,76770.19000000,76755.91000000,76755.91000000,0.00054000
1788355440000,76755.90000000,76771.33000000,76738.01000000,76771.33000000,0.00258000
1788355500000,76771.32000000,76798.43000000,76740.52000000,76798.43000000,0.00082000
1788355560000,76793.38000000,76837.28000000,76754.02000000,76837.28000000,0.00275000
1788355620000,76883.18000000,76894.18000000,76874.95000000,76894.18000000,0.00219000
1788355680000,76890.52000000,76947.66000000,76890.52000000,76941.73000000,0.00716000
1788355740000,76909.19000000,76909.19000000,76885.46000000,76885.46000000,0.00069000
1788355800000,76884.07000000,76884.07000000,76803.71000000,76842.58000000,0.00225000
1788355860000,76801.31000000,76801.31000000,76751.97000000,76756.77000000,0.00050000
1788355920000,76756.76000000,76756.76000000,76730.66000000,76738.42000000,0.00070000
1788355980000,76695.91000000,76805.51000000,76695.91000000,76781.58000000,0.00783000
1788356040000,76781.58000000,76789.61000000,76758.56000000,76775.05000000,0.00203000
1788356100000,76734.62000000,76734.62000000,76700.18000000,76710.28000000,0.00046000
1788356160000,76712.27000000,76737.61000000,76712.27000000,76737.60000000,0.00051000
1788356220000,76656.70000000,76656.70000000,76627.69000000,76627.69000000,0.00038000
1788356280000,76624.32000000,76651.69000000,76624.32000000,76651.69000000,0.00041000
1788356340000,76639.27000000,76716.79000000,76639.27000000,76716.79000000,0.00163000
1788356400000,76731.67000000,76798.78000000,76731.67000000,76798.78000000,0.00230000
1788356460000,76782.80000000,76936.89000000,76782.80000000,76936.89000000,0.08612000
1788356520000,76921.41000000,77200.84000000,76921.41000000,77165.50000000,0.08193000
1788356580000,77187.02000000,77226.28000000,77187.02000000,77226.28000000,0.00144000
1788356640000,77251.39000000,77395.03000000,77251.39000000,77338.87000000,0.06522000
1788356700000,77383.32000000,77427.48000000,77323.70000000,77385.80000000,0.20431000
1788356760000,77381.59000000,77381.59000000,77258.75000000,77258.75000000,0.01677000
1788356820000,77188.37000000,77188.37000000,77188.37000000,77188.37000000,0.00005000
1788356880000,77203.60000000,77238.67000000,77203.60000000,77238.67000000,0.00145000
1788356940000,77188.78000000,77188.78000000,77125.45000000,77125.45000000,0.00562000
1788357000000,77103.01000000,77130.09000000,77103.01000000,77105.29000000,0.12959000
1788357060000,77105.29000000,77105.29000000,77105.29000000,77105.29000000,0.00000000
1788357120000,77161.21000000,77300.80000000,77161.21000000,77300.80000000,0.27174000
1788357180000,77236.80000000,77236.80000000,77236.80000000,77236.80000000,0.00196000
1788357240000,77200.88000000,77200.88000000,77178.20000000,77178.20000000,0.00414000
1788357300000,77106.85000000,77106.85000000,77077.85000000,77077.85000000,0.01037000
1788357360000,77087.69000000,77087.69000000,77087.69000000,77087.69000000,0.00032000
1788357420000,77194.34000000,77194.34000000,77002.31000000,77002.31000000,0.04162000
1788357480000,77050.90000000,77050.90000000,77050.90000000,77050.90000000,0.00130000
1788357540000,77091.81000000,77134.47000000,77091.81000000,77134.47000000,0.00142000
1788357600000,77132.15000000,77160.93000000,77109.12000000,77109.12000000,0.03342000
1788357660000,77111.60000000,77111.60000000,77111.60000000,77111.60000000,0.00971000
1788357720000,77049.23000000,77176.32000000,77049.23000000,77176.32000000,0.01578000
1788357780000,77202.95000000,77202.95000000,77060.27000000,77060.27000000,0.00187000
1788357840000,77038.09000000,77038.09000000,77038.09000000,77038.09000000,0.00197000
1788357900000,77111.01000000,77155.94000000,77111.01000000,77133.37000000,0.00380000
1788357960000,77203.84000000,77254.98000000,77203.84000000,77254.98000000,0.01738000
1788358020000,77248.65000000,77310.16000000,77248.65000000,77310.16000000,0.00220000
1788358080000,77250.04000000,77250.04000000,77250.04000000,77250.04000000,0.00012000
1788358140000,77297.00000000,77306.99000000,77297.00000000,77303.13000000,0.00138000
1788358200000,77182.76000000,77271.02000000,77182.76000000,77270.09000000,0.00840000
1788358260000,77270.09000000,77270.09000000,77270.09000000,77270.09000000,0.00000000
1788358320000,77281.12000000,77281.12000000,77226.20000000,77226.20000000,0.00416000
1788358380000,77227.24000000,77227.24000000,77206.23000000,77206.23000000,0.00022000
1788358440000,77265.38000000,77316.30000000,77265.38000000,77316.30000000,0.01500000
1788358500000,77316.30000000,77316.30000000,77316.30000000,77316.30000000,0.00000000
1788358560000,77316.98000000,77316.98000000,77300.00000000,77300.00000000,0.08238000
1788358620000,77300.00000000,77300.00000000,77274.50000000,77274.50000000,0.09110000
1788358680000,77274.50000000,77274.50000000,77274.50000000,77274.50000000,0.00000000
1788358740000,77274.50000000,77274.50000000,77274.50000000,77274.50000000,0.00000000
1788358800000,77310.78000000,77310.78000000,77305.78000000,77305.78000000,0.00702000
1788358860000,77305.78000000,77305.78000000,77305.78000000,77305.78000000,0.00000000
1788358920000,77450.21000000,77475.16000000,77431.44000000,77431.45000000,0.01786000
1788358980000,77376.57000000,77376.57000000,77280.14000000,77280.14000000,0.01217000
1788359040000,77301.77000000,77301.77000000,77251.72000000,77251.72000000,0.00821000
1788359100000,77253.41000000,77258.73000000,77253.41000000,77258.72000000,0.00658000
1788359160000,77278.26000000,77278.26000000,77278.26000000,77278.26000000,0.01203000
1788359220000,77276.86000000,77276.86000000,77276.86000000,77276.86000000,0.00194000
1788359280000,77276.86000000,77276.86000000,77276.86000000,77276.86000000,0.00000000
1788359340000,77317.87000000,77317.87000000,77317.87000000,77317.87000000,0.00194000
1788359400000,77255.17000000,77255.17000000,77156.56000000,77156.56000000,0.00235000
1788359460000,77137.06000000,77137.06000000,77137.06000000,77137.06000000,0.00003000
1788359520000,77185.94000000,77185.94000000,77185.94000000,77185.94000000,0.00871000
1788359580000,77185.94000000,77185.94000000,77185.94000000,77185.94000000,0.00000000
1788359640000,77185.94000000,77185.94000000,77185.94000000,77185.94000000,0.00000000
1788359700000,77185.94000000,77185.94000000,77185.94000000,77185.94000000,0.00000000
1788359760000,77185.94000000,77185.94000000,77185.94000000,77185.94000000,0.00000000
1788359820000,77185.94000000,77185.94000000,77185.94000000,77185.94000000,0.00000000
1788359880000,77185.94000000,77185.94000000,77185.94000000,77185.94000000,0.00000000
1788359940000,77185.94000000,77185.94000000,77185.94000000,77185.94000000,0.00000000
1788360000000,77214.28000000,77214.28000000,77214.28000000,77214.28000000,0.00004000
1788360060000,77214.28000000,77214.28000000,77214.28000000,77214.28000000,0.00000000
1788360120000,77214.28000000,77214.28000000,77214.28000000,77214.28000000,0.00000000
1788360180000,77216.49000000,77216.49000000,77216.49000000,77216.49000000,0.00389000
1788360240000,77331.73000000,77345.39000000,77330.17000000,77330.17000000,0.02779000
1788360300000,77317.60000000,77317.60000000,77317.60000000,77317.60000000,0.00323000
1788360360000,77275.95000000,77275.95000000,77275.95000000,77275.95000000,0.00005000
1788360420000,77275.95000000,77275.95000000,77275.95000000,77275.95000000,0.00000000
1788360480000,77248.91000000,77248.91000000,77248.91000000,77248.91000000,0.00013000
1788360540000,77248.91000000,77248.91000000,77248.91000000,77248.91000000,0.00000000
1788360600000,77201.33000000,77201.33000000,77201.33000000,77201.33000000,0.00025000
1788360660000,77201.33000000,77201.33000000,77201.33000000,77201.33000000,0.00000000
1788360720000,77201.33000000,77201.33000000,77201.33000000,77201.33000000,0.00000000
1788360780000,77151.39000000,77151.39000000,77151.39000000,77151.39000000,0.00010000
1788360840000,77151.39000000,77151.39000000,77151.39000000,77151.39000000,0.00000000
1788360900000,77151.39000000,77151.39000000,77151.39000000,77151.39000000,0.00000000
1788360960000,77214.28000000,77214.28000000,77151.82000000,77151.82000000,0.00129000
1788361020000,77151.82000000,77151.82000000,77151.82000000,77151.82000000,0.00000000
1788361080000,77125.00000000,77125.00000000,77125.00000000,77125.00000000,0.00194000
1788361140000,77063.38000000,77063.38000000,77063.38000000,77063.38000000,0.00014000
1788361200000,76996.40000000,76996.40000000,76948.32000000,76972.27000000,0.05471000
1788361260000,76903.59000000,76903.59000000,76903.59000000,76903.59000000,0.02668000
1788361320000,76964.44000000,76964.44000000,76963.11000000,76963.11000000,0.00431000
1788361380000,77106.33000000,77110.18000000,77106.33000000,77110.18000000,0.00212000
1788361440000,77110.18000000,77110.18000000,77110.18000000,77110.18000000,0.00000000
1788361500000,77069.95000000,77069.95000000,77069.95000000,77069.95000000,0.00005000
1788361560000,77069.95000000,77069.95000000,77069.95000000,77069.95000000,0.00000000
1788361620000,77012.60000000,77012.60000000,77007.30000000,77007.30000000,0.02679000
1788361680000,77007.30000000,77007.30000000,77007.30000000,77007.30000000,0.00000000
1788361740000,76862.73000000,76866.64000000,76838.23000000,76866.64000000,0.01122000
1788361800000,76798.64000000,76798.64000000,76798.64000000,76798.64000000,0.00037000
1788361860000,76790.69000000,76804.12000000,76790.69000000,76796.81000000,0.00332000
1788361920000,76817.97000000,76817.97000000,76808.90000000,76815.67000000,0.00158000
1788361980000,76776.60000000,76779.00000000,76745.46000000,76760.62000000,0.02542000
1788362040000,76751.99000000,76799.45000000,76750.61000000,76799.45000000,0.00332000
1788362100000,76812.05000000,76858.24000000,76812.05000000,76858.24000000,0.01663000
1788362160000,76864.39000000,76864.39000000,76840.01000000,76840.01000000,0.00220000
1788362220000,76869.99000000,76929.30000000,76869.99000000,76876.27000000,0.01732000
1788362280000,76924.44000000,77030.97000000,76924.44000000,77030.97000000,0.00975000
1788362340000,77040.21000000,77128.29000000,77040.21000000,77120.69000000,0.00679000
1788362400000,77103.16000000,77112.33000000,77019.13000000,77030.09000000,0.02498000
1788362460000,76982.33000000,76982.33000000,76976.46000000,76978.79000000,0.00207000
1788362520000,76984.81000000,77048.30000000,76984.81000000,77048.30000000,0.00190000
1788362580000,77044.45000000,77050.62000000,77005.44000000,77019.49000000,0.01053000
1788362640000,76991.66000000,77030.00000000,76991.66000000,77030.00000000,0.00463000
1788362700000,76986.96000000,76998.83000000,76986.96000000,76998.83000000,0.00185000
1788362760000,77008.19000000,77018.30000000,76971.58000000,77018.30000000,0.25359000
1788362820000,77031.32000000,77076.41000000,77031.32000000,77076.41000000,0.01115000
1788362880000,77106.12000000,77106.12000000,77065.45000000,77065.45000000,0.00775000
1788362940000,77031.95000000,77031.95000000,77019.79000000,77023.11000000,0.00466000
1788363000000,77038.53000000,77058.28000000,77038.53000000,77058.28000000,0.00360000
1788363060000,77012.58000000,77111.79000000,77008.51000000,77082.00000000,0.03793000
1788363120000,77104.12000000,77172.36000000,77076.19000000,77172.36000000,0.01330000
1788363180000,77186.16000000,77246.14000000,77186.16000000,77245.29000000,0.01258000
1788363240000,77250.00000000,77331.97000000,77250.00000000,77331.97000000,0.01489000
1788363300000,77308.67000000,77331.98000000,77308.67000000,77331.98000000,0.00355000
1788363360000,77304.48000000,77328.11000000,77304.48000000,77322.22000000,0.01161000
1788363420000,77322.22000000,77322.22000000,77322.22000000,77322.22000000,0.00000000
1788363480000,77322.22000000,77322.22000000,77322.22000000,77322.22000000,0.00000000
1788363540000,77322.22000000,77322.22000000,77322.22000000,77322.22000000,0.00000000
1788363600000,77161.19000000,77161.19000000,77134.27000000,77134.27000000,0.00551000
1788363660000,77141.30000000,77211.06000000,77141.30000000,77211.06000000,0.02995000
1788363720000,77288.93000000,77339.16000000,77288.93000000,77339.16000000,0.00148000
1788363780000,77339.16000000,77339.16000000,77339.16000000,77339.16000000,0.00000000
1788363840000,77339.16000000,77339.16000000,77339.16000000,77339.16000000,0.00000000
1788363900000,77362.34000000,77362.34000000,77300.42000000,77300.42000000,0.03253000
1788363960000,77276.64000000,77293.90000000,77276.64000000,77293.90000000,0.10633000
1788364020000,77291.45000000,77291.83000000,77291.45000000,77291.83000000,0.00200000
1788364080000,77236.45000000,77236.45000000,77236.45000000,77236.45000000,0.00022000
1788364140000,77236.45000000,77236.45000000,77236.45000000,77236.45000000,0.00000000
1788364200000,77236.45000000,77236.45000000,77236.45000000,77236.45000000,0.00000000
1788364260000,77167.57000000,77170.00000000,77167.57000000,77170.00000000,0.00432000
1788364320000,77170.00000000,77170.00000000,77170.00000000,77170.00000000,0.00000000
1788364380000,77170.00000000,77170.00000000,77170.00000000,77170.00000000,0.00000000
1788364440000,77208.69000000,77208.69000000,77208.69000000,77208.69000000,0.00012000
1788364500000,77258.63000000,77258.63000000,77258.63000000,77258.63000000,0.00150000
1788364560000,77258.63000000,77258.63000000,77258.63000000,77258.63000000,0.00000000
1788364620000,77258.63000000,77258.63000000,77258.63000000,77258.63000000,0.00000000
1788364680000,77258.63000000,77258.63000000,77258.63000000,77258.63000000,0.00000000
1788364740000,77258.63000000,77258.63000000,77258.63000000,77258.63000000,0.00000000
1788364800000,77258.63000000,77258.63000000,77258.63000000,77258.63000000,0.00000000
1788364860000,77258.63000000,77258.63000000,77258.63000000,77258.63000000,0.00000000
1788364920000,77236.27000000,77236.27000000,77207.27000000,77207.27000000,0.00594000
1788364980000,77246.14000000,77246.14000000,77246.14000000,77246.14000000,0.00130000
1788365040000,77246.14000000,77246.14000000,77246.14000000,77246.14000000,0.00000000
1788365100000,77280.78000000,77288.29000000,77273.06000000,77273.06000000,0.09188000
1788365160000,77254.06000000,77256.33000000,77254.06000000,77256.33000000,0.00086000
1788365220000,77256.33000000,77256.33000000,77256.33000000,77256.33000000,0.00000000
1788365280000,77256.33000000,77256.33000000,77256.33000000,77256.33000000,0.00000000
1788365340000,77256.33000000,77256.33000000,77256.33000000,77256.33000000,0.00000000
1788365400000,77256.33000000,77256.33000000,77256.33000000,77256.33000000,0.00000000
1788365460000,77346.99000000,77346.99000000,77342.16000000,77342.16000000,0.00410000
1788365520000,77342.16000000,77342.16000000,77342.16000000,77342.16000000,0.00000000
1788365580000,77342.16000000,77342.16000000,77342.16000000,77342.16000000,0.00000000
1788365640000,77367.44000000,77367.44000000,77357.19000000,77357.19000000,0.00055000
1788365700000,77357.19000000,77357.19000000,77357.19000000,77357.19000000,0.00000000
1788365760000,77357.19000000,77357.19000000,77357.19000000,77357.19000000,0.00000000
1788365820000,77344.95000000,77344.95000000,77344.95000000,77344.95000000,0.00012000
1788365880000,77403.79000000,77450.00000000,77403.79000000,77450.00000000,0.33046000
1788365940000,77461.19000000,77488.68000000,77458.84000000,77458.85000000,0.03709000
1788366000000,77488.78000000,77533.77000000,77488.78000000,77505.22000000,0.07402000
1788366060000,77505.22000000,77505.22000000,77505.22000000,77505.22000000,0.00000000
1788366120000,77505.22000000,77505.22000000,77505.22000000,77505.22000000,0.00000000
1788366180000,77505.22000000,77505.22000000,77505.22000000,77505.22000000,0.00000000
1788366240000,77505.22000000,77505.22000000,77505.22000000,77505.22000000,0.00000000
1788366300000,77505.22000000,77505.22000000,77505.22000000,77505.22000000,0.00000000
1788366360000,77521.61000000,77568.12000000,77521.61000000,77568.12000000,0.04050000
1788366420000,77568.12000000,77568.12000000,77568.12000000,77568.12000000,0.00000000
1788366480000,77560.68000000,77560.68000000,77510.54000000,77510.54000000,0.01481000
1788366540000,77510.54000000,77510.54000000,77510.54000000,77510.54000000,0.00000000
1788366600000,77526.58000000,77526.58000000,77526.58000000,77526.58000000,0.01156000
1788366660000,77522.57000000,77522.57000000,77503.53000000,77508.34000000,0.02703000
1788366720000,77538.30000000,77563.40000000,77538.30000000,77563.40000000,0.00818000
1788366780000,77558.43000000,77558.43000000,77558.43000000,77558.43000000,0.00019000
1788366840000,77558.43000000,77558.43000000,77558.43000000,77558.43000000,0.00000000
1788366900000,77500.36000000,77500.36000000,77447.98000000,77447.98000000,0.02064000
1788366960000,77420.78000000,77420.78000000,77414.10000000,77414.10000000,0.00266000
1788367020000,77414.10000000,77414.10000000,77414.10000000,77414.10000000,0.00000000
1788367080000,77422.64000000,77422.64000000,77422.64000000,77422.64000000,0.00420000
1788367140000,77422.64000000,77422.64000000,77422.64000000,77422.64000000,0.00000000
1788367200000,77422.64000000,77422.64000000,77422.64000000,77422.64000000,0.00000000
1788367260000,77422.64000000,77422.64000000,77422.64000000,77422.64000000,0.00000000
1788367320000,77422.64000000,77422.64000000,77422.64000000,77422.64000000,0.00000000
1788367380000,77315.74000000,77315.74000000,77282.87000000,77282.87000000,0.00040000
1788367440000,77282.87000000,77282.87000000,77282.87000000,77282.87000000,0.00000000
1788367500000,77274.38000000,77274.38000000,77274.38000000,77274.38000000,0.01130000
1788367560000,77294.66000000,77294.66000000,77294.66000000,77294.66000000,0.00323000
1788367620000,77294.66000000,77294.66000000,77294.66000000,77294.66000000,0.00000000
1788367680000,77229.98000000,77235.77000000,77229.98000000,77235.77000000,0.01370000
1788367740000,77262.08000000,77323.97000000,77262.08000000,77323.97000000,0.00014000
1788367800000,77323.97000000,77323.97000000,77323.97000000,77323.97000000,0.00000000
1788367860000,77323.97000000,77323.97000000,77323.97000000,77323.97000000,0.00000000
1788367920000,77285.21000000,77285.21000000,77285.21000000,77285.21000000,0.00407000
1788367980000,77285.21000000,77285.21000000,77285.21000000,77285.21000000,0.00000000
1788368040000,77285.21000000,77285.21000000,77285.21000000,77285.21000000,0.00000000
1788368100000,77278.58000000,77280.29000000,77278.58000000,77280.29000000,0.00339000
1788368160000,77245.69000000,77245.69000000,77245.69000000,77245.69000000,0.00012000
1788368220000,77214.00000000,77215.00000000,77214.00000000,77215.00000000,0.00517000
1788368280000,77215.00000000,77215.00000000,77215.00000000,77215.00000000,0.00000000
1788368340000,77176.32000000,77176.32000000,77176.32000000,77176.32000000,0.00016000
1788368400000,77232.13000000,77232.13000000,77211.84000000,77225.36000000,0.00038000
1788368460000,77192.24000000,77192.24000000,77192.24000000,77192.24000000,0.00011000
1788368520000,77185.50000000,77185.50000000,77185.50000000,77185.50000000,0.00025000
1788368580000,77168.05000000,77168.05000000,77155.97000000,77155.97000000,0.00071000
1788368640000,77193.64000000,77193.64000000,77193.64000000,77193.64000000,0.00004000
1788368700000,77193.66000000,77193.66000000,77184.10000000,77184.10000000,0.00036000
1788368760000,77121.86000000,77121.86000000,77117.78000000,77117.78000000,0.02857000
1788368820000,77096.58000000,77127.39000000,77072.73000000,77127.39000000,0.02885000
1788368880000,77113.73000000,77113.73000000,77113.71000000,77113.71000000,0.00202000
1788368940000,77113.71000000,77113.71000000,77113.71000000,77113.71000000,0.00000000
1788369000000,77165.45000000,77165.45000000,77165.45000000,77165.45000000,0.00027000
1788369060000,77148.83000000,77148.83000000,77148.83000000,77148.83000000,0.00196000
1788369120000,77164.73000000,77164.73000000,77150.00000000,77150.00000000,0.06020000
1788369180000,77140.32000000,77140.32000000,77119.58000000,77134.10000000,0.02732000
1788369240000,77134.10000000,77134.10000000,77134.10000000,77134.10000000,0.00000000
1788369300000,77134.10000000,77134.10000000,77134.10000000,77134.10000000,0.00000000
1788369360000,77134.10000000,77134.10000000,77134.10000000,77134.10000000,0.00000000
1788369420000,77106.73000000,77106.73000000,77106.73000000,77106.73000000,0.00002000
1788369480000,77062.89000000,77062.89000000,77049.99000000,77049.99000000,0.00228000
1788369540000,77029.17000000,77029.17000000,77009.99000000,77010.00000000,0.05949000
1788369600000,77036.60000000,77036.60000000,77036.60000000,77036.60000000,0.00130000
1788369660000,76984.69000000,76984.69000000,76984.69000000,76984.69000000,0.00003000
1788369720000,76984.69000000,76984.69000000,76984.69000000,76984.69000000,0.00000000
1788369780000,77052.47000000,77063.07000000,77052.47000000,77063.07000000,0.00048000
1788369840000,77068.28000000,77068.28000000,77068.28000000,77068.28000000,0.06143000
1788369900000,77062.77000000,77062.77000000,77062.77000000,77062.77000000,0.00067000
1788369960000,77095.75000000,77095.75000000,77095.75000000,77095.75000000,0.00453000
1788370020000,77095.75000000,77095.75000000,77095.75000000,77095.75000000,0.00000000
1788370080000,77052.05000000,77082.41000000,77051.28000000,77082.41000000,0.06178000
1788370140000,77086.37000000,77093.04000000,77086.37000000,77093.04000000,0.08567000
1788370200000,77111.42000000,77111.42000000,77106.81000000,77106.81000000,0.00910000
1788370260000,77102.24000000,77102.24000000,77089.37000000,77089.37000000,0.03467000
1788370320000,77089.37000000,77089.37000000,77089.37000000,77089.37000000,0.00000000
1788370380000,77154.31000000,77169.47000000,77154.31000000,77169.47000000,0.00129000
1788370440000,77169.47000000,77169.47000000,77169.47000000,77169.47000000,0.00000000
1788370500000,77192.11000000,77204.28000000,77192.11000000,77204.28000000,0.02851000
1788370560000,77203.61000000,77203.61000000,77178.57000000,77178.57000000,0.02667000
1788370620000,77178.57000000,77178.57000000,77178.57000000,77178.57000000,0.00000000
1788370680000,77190.47000000,77190.47000000,77171.08000000,77171.08000000,0.00733000
1788370740000,77158.83000000,77158.83000000,77147.68000000,77147.68000000,0.01493000
1788370800000,77181.29000000,77181.29000000,77181.29000000,77181.29000000,0.00130000
1788370860000,77181.29000000,77181.29000000,77181.29000000,77181.29000000,0.00000000
1788370920000,77164.13000000,77165.37000000,77164.13000000,77165.37000000,0.04197000
1788370980000,77165.37000000,77165.37000000,77165.37000000,77165.37000000,0.00000000
1788371040000,77214.00000000,77290.00000000,77214.00000000,77290.00000000,0.01686000
1788371100000,77306.14000000,77344.67000000,77306.14000000,77344.67000000,0.00544000
1788371160000,77344.67000000,77344.67000000,77344.67000000,77344.67000000,0.00000000
1788371220000,77333.66000000,77333.66000000,77333.66000000,77333.66000000,0.02898000
1788371280000,77333.66000000,77333.66000000,77333.66000000,77333.66000000,0.00000000
1788371340000,77380.00000000,77410.95000000,77380.00000000,77406.49000000,0.00398000
1788371400000,77388.11000000,77388.11000000,77388.11000000,77388.11000000,0.00129000
1788371460000,77381.53000000,77381.53000000,77364.86000000,77364.86000000,0.12331000
1788371520000,77364.86000000,77364.86000000,77364.86000000,77364.86000000,0.00000000
1788371580000,77364.86000000,77364.86000000,77364.86000000,77364.86000000,0.00000000
1788371640000,77364.86000000,77364.86000000,77364.86000000,77364.86000000,0.00000000
1788371700000,77341.82000000,77341.82000000,77329.14000000,77329.14000000,0.13362000
1788371760000,77328.96000000,77328.96000000,77320.21000000,77320.21000000,0.02737000
1788371820000,77322.39000000,77393.79000000,77322.39000000,77393.79000000,0.14577000
1788371880000,77393.79000000,77393.79000000,77393.79000000,77393.79000000,0.00000000
1788371940000,77393.79000000,77393.79000000,77393.79000000,77393.79000000,0.00000000
1788372000000,77393.79000000,77393.79000000,77393.79000000,77393.79000000,0.00000000
1788372060000,77336.51000000,77340.62000000,77336.51000000,77340.62000000,0.00258000
1788372120000,77340.62000000,77340.62000000,77340.62000000,77340.62000000,0.00000000
1788372180000,77372.65000000,77372.65000000,77372.65000000,77372.65000000,0.00197000
1788372240000,77350.88000000,77350.88000000,77350.88000000,77350.88000000,0.00006000
1788372300000,77348.27000000,77355.24000000,77348.27000000,77355.24000000,0.00096000
1788372360000,77355.24000000,77355.24000000,77355.24000000,77355.24000000,0.00000000
1788372420000,77355.24000000,77355.24000000,77355.24000000,77355.24000000,0.00000000
1788372480000,77339.59000000,77373.43000000,77339.59000000,77373.43000000,0.00410000
1788372540000,77390.00000000,77400.00000000,77390.00000000,77400.00000000,0.00075000
1788372600000,77431.60000000,77431.60000000,77431.60000000,77431.60000000,0.00644000
1788372660000,77419.68000000,77423.55000000,77419.68000000,77423.55000000,0.00335000
1788372720000,77413.60000000,77413.60000000,77410.09000000,77410.09000000,0.00124000
1788372780000,77410.09000000,77410.09000000,77410.09000000,77410.09000000,0.00000000
1788372840000,77402.70000000,77402.70000000,77401.98000000,77401.98000000,0.00650000
1788372900000,77440.00000000,77450.00000000,77440.00000000,77450.00000000,0.00050000
1788372960000,77450.00000000,77450.00000000,77450.00000000,77450.00000000,0.00000000
1788373020000,77450.00000000,77450.00000000,77450.00000000,77450.00000000,0.00000000
1788373080000,77403.59000000,77500.00000000,77401.46000000,77488.11000000,0.99390000
1788373140000,77482.08000000,77482.08000000,77445.56000000,77445.56000000,0.04541000
1788373200000,77445.56000000,77445.56000000,77445.56000000,77445.56000000,0.00000000
1788373260000,77421.34000000,77437.34000000,77421.34000000,77437.34000000,0.00567000
1788373320000,77416.45000000,77417.42000000,77416.45000000,77417.42000000,0.00502000
1788373380000,77419.49000000,77419.49000000,77419.49000000,77419.49000000,0.00052000
1788373440000,77419.49000000,77419.49000000,77419.49000000,77419.49000000,0.00000000
1788373500000,77419.49000000,77419.49000000,77419.49000000,77419.49000000,0.00000000
1788373560000,77445.61000000,77445.61000000,77445.61000000,77445.61000000,0.00012000
1788373620000,77470.03000000,77470.03000000,77470.03000000,77470.03000000,0.01265000
1788373680000,77470.03000000,77470.03000000,77470.03000000,77470.03000000,0.00000000
1788373740000,77470.03000000,77470.03000000,77470.03000000,77470.03000000,0.00000000
1788373800000,77470.03000000,77470.03000000,77470.03000000,77470.03000000,0.00000000
1788373860000,77447.85000000,77450.01000000,77443.98000000,77450.01000000,0.00119000
1788373920000,77450.01000000,77450.01000000,77450.01000000,77450.01000000,0.00000000
1788373980000,77409.38000000,77467.25000000,77397.86000000,77467.25000000,0.26105000
1788374040000,77467.25000000,77467.25000000,77467.25000000,77467.25000000,0.00000000
1788374100000,77467.25000000,77467.25000000,77467.25000000,77467.25000000,0.00000000
1788374160000,77418.98000000,77418.98000000,77418.98000000,77418.98000000,0.00290000
1788374220000,77418.98000000,77418.98000000,77418.98000000,77418.98000000,0.00000000
1788374280000,77418.98000000,77418.98000000,77418.98000000,77418.98000000,0.00000000
1788374340000,77328.92000000,77328.92000000,77325.22000000,77325.22000000,0.06138000
1788374400000,77325.22000000,77325.22000000,77325.22000000,77325.22000000,0.00000000
1788374460000,77318.32000000,77318.32000000,77318.32000000,77318.32000000,0.00197000
1788374520000,77318.32000000,77318.32000000,77318.32000000,77318.32000000,0.00000000
1788374580000,77318.32000000,77318.32000000,77318.32000000,77318.32000000,0.00000000
1788374640000,77318.32000000,77318.32000000,77318.32000000,77318.32000000,0.00000000
1788374700000,77317.76000000,77317.76000000,77317.76000000,77317.76000000,0.00004000
1788374760000,77317.76000000,77317.76000000,77317.76000000,77317.76000000,0.00000000
1788374820000,77317.76000000,77317.76000000,77317.76000000,77317.76000000,0.00000000
1788374880000,77317.76000000,77317.76000000,77317.76000000,77317.76000000,0.00000000
1788374940000,77317.76000000,77317.76000000,77317.76000000,77317.76000000,0.00000000
1788375000000,77375.02000000,77375.02000000,77375.02000000,77375.02000000,0.00023000
1788375060000,77368.60000000,77368.60000000,77368.60000000,77368.60000000,0.00103000
1788375120000,77368.60000000,77368.60000000,77368.60000000,77368.60000000,0.00000000
1788375180000,77368.60000000,77368.60000000,77368.60000000,77368.60000000,0.00000000
1788375240000,77340.02000000,77342.55000000,77340.02000000,77342.55000000,0.00198000
1788375300000,77342.55000000,77342.55000000,77342.55000000,77342.55000000,0.00000000
1788375360000,77344.31000000,77344.31000000,77344.30000000,77344.30000000,0.00032000
1788375420000,77344.30000000,77344.30000000,77344.30000000,77344.30000000,0.00000000
1788375480000,77341.90000000,77341.90000000,77341.90000000,77341.90000000,0.00006000
1788375540000,77341.90000000,77341.90000000,77341.90000000,77341.90000000,0.00000000
1788375600000,77377.25000000,77377.25000000,77377.25000000,77377.25000000,0.00725000
1788375660000,77362.14000000,77367.50000000,77357.77000000,77357.77000000,0.00051000
1788375720000,77339.78000000,77339.78000000,77339.78000000,77339.78000000,0.00037000
1788375780000,77352.12000000,77352.12000000,77352.12000000,77352.12000000,0.00003000
1788375840000,77352.12000000,77352.12000000,77352.12000000,77352.12000000,0.00000000
1788375900000,77357.93000000,77357.93000000,77357.93000000,77357.93000000,0.00050000
1788375960000,77354.86000000,77359.42000000,77354.86000000,77359.42000000,0.00709000
1788376020000,77359.42000000,77359.42000000,77359.42000000,77359.42000000,0.00000000
1788376080000,77385.42000000,77385.42000000,77385.42000000,77385.42000000,0.00003000
1788376140000,77389.31000000,77389.31000000,77389.31000000,77389.31000000,0.00038000
1788376200000,77389.31000000,77389.31000000,77389.31000000,77389.31000000,0.00000000
1788376260000,77368.27000000,77368.27000000,77328.01000000,77328.01000000,0.02853000
1788376320000,77334.71000000,77334.72000000,77334.71000000,77334.72000000,0.00225000
1788376380000,77358.93000000,77358.93000000,77358.93000000,77358.93000000,0.00012000
1788376440000,77384.54000000,77384.54000000,77384.54000000,77384.54000000,0.00197000
1788376500000,77390.45000000,77401.78000000,77376.60000000,77376.60000000,0.02486000
1788376560000,77376.60000000,77376.60000000,77376.60000000,77376.60000000,0.01190000
1788376620000,77359.42000000,77359.42000000,77324.53000000,77324.53000000,0.00204000
1788376680000,77324.53000000,77324.53000000,77324.53000000,77324.53000000,0.00000000
1788376740000,77304.83000000,77304.83000000,77304.83000000,77304.83000000,0.00485000
1788376800000,77304.83000000,77304.83000000,77304.83000000,77304.83000000,0.00000000
1788376860000,77304.83000000,77304.83000000,77304.83000000,77304.83000000,0.00000000
1788376920000,77277.05000000,77289.97000000,77277.05000000,77289.97000000,0.12912000
1788376980000,77257.40000000,77257.40000000,77257.40000000,77257.40000000,0.00016000
1788377040000,77257.40000000,77257.40000000,77257.40000000,77257.40000000,0.00000000
1788377100000,77257.40000000,77257.40000000,77257.40000000,77257.40000000,0.00000000
1788377160000,77226.34000000,77226.34000000,77226.34000000,77226.34000000,0.00039000
1788377220000,77226.34000000,77226.34000000,77226.34000000,77226.34000000,0.00000000
1788377280000,77226.34000000,77226.34000000,77226.34000000,77226.34000000,0.00000000
1788377340000,77226.34000000,77226.34000000,77226.34000000,77226.34000000,0.00000000
1788377400000,77226.34000000,77226.34000000,77226.34000000,77226.34000000,0.00000000
1788377460000,77171.48000000,77175.35000000,77143.77000000,77143.77000000,0.00988000
1788377520000,77158.19000000,77158.19000000,77158.19000000,77158.19000000,0.00417000
1788377580000,77158.19000000,77158.19000000,77158.19000000,77158.19000000,0.00000000
1788377640000,77158.19000000,77158.19000000,77158.19000000,77158.19000000,0.00000000
1788377700000,77158.19000000,77158.19000000,77158.19000000,77158.19000000,0.00000000
1788377760000,77158.19000000,77158.19000000,77158.19000000,77158.19000000,0.00000000
1788377820000,77142.38000000,77142.38000000,77142.38000000,77142.38000000,0.00016000
1788377880000,77152.49000000,77152.49000000,77152.49000000,77152.49000000,0.00129000
1788377940000,77152.49000000,77152.49000000,77152.49000000,77152.49000000,0.00000000
1788378000000,77179.84000000,77179.84000000,77179.84000000,77179.84000000,0.00022000
1788378060000,77179.84000000,77179.84000000,77179.84000000,77179.84000000,0.00000000
1788378120000,77179.84000000,77179.84000000,77179.84000000,77179.84000000,0.00000000
1788378180000,77179.84000000,77179.84000000,77179.84000000,77179.84000000,0.00000000
1788378240000,77179.84000000,77179.84000000,77179.84000000,77179.84000000,0.00000000
1788378300000,77179.84000000,77179.84000000,77179.84000000,77179.84000000,0.00000000
1788378360000,77179.84000000,77179.84000000,77179.84000000,77179.84000000,0.00000000
1788378420000,77179.84000000,77179.84000000,77179.84000000,77179.84000000,0.00000000
1788378480000,77179.84000000,77179.84000000,77179.84000000,77179.84000000,0.00000000
1788378540000,77179.84000000,77179.84000000,77179.84000000,77179.84000000,0.00000000
1788378600000,77179.84000000,77179.84000000,77179.84000000,77179.84000000,0.00000000
1788378660000,77272.41000000,77272.41000000,77272.41000000,77272.41000000,0.00194000
1788378720000,77272.41000000,77272.41000000,77272.41000000,77272.41000000,0.00000000
1788378780000,77272.41000000,77272.41000000,77272.41000000,77272.41000000,0.00000000
1788378840000,77272.41000000,77272.41000000,77272.41000000,77272.41000000,0.00000000
1788378900000,77272.41000000,77272.41000000,77272.41000000,77272.41000000,0.00000000
1788378960000,77272.41000000,77272.41000000,77272.41000000,77272.41000000,0.00000000
1788379020000,77272.41000000,77272.41000000,77272.41000000,77272.41000000,0.00000000
1788379080000,77272.41000000,77272.41000000,77272.41000000,77272.41000000,0.00000000
1788379140000,77272.41000000,77272.41000000,77272.41000000,77272.41000000,0.00000000
1788379200000,77272.41000000,77272.41000000,77272.41000000,77272.41000000,0.00000000
1788379260000,77359.45000000,77359.45000000,77359.45000000,77359.45000000,0.00006000
1788379320000,77372.62000000,77379.20000000,77372.62000000,77379.20000000,0.00675000
1788379380000,77415.73000000,77463.78000000,77413.91000000,77463.78000000,0.00319000
1788379440000,77463.78000000,77463.78000000,77463.78000000,77463.78000000,0.00000000
1788379500000,77460.36000000,77460.36000000,77460.36000000,77460.36000000,0.00039000
1788379560000,77460.36000000,77460.36000000,77460.36000000,77460.36000000,0.00000000
1788379620000,77500.00000000,77500.00000000,77462.25000000,77462.25000000,0.08170000
1788379680000,77462.25000000,77462.25000000,77462.25000000,77462.25000000,0.00000000
1788379740000,77462.25000000,77462.25000000,77462.25000000,77462.25000000,0.00000000
1788379800000,77402.12000000,77402.12000000,77402.11000000,77402.11000000,0.00141000
1788379860000,77402.11000000,77402.11000000,77402.11000000,77402.11000000,0.00000000
1788379920000,77402.11000000,77402.11000000,77402.11000000,77402.11000000,0.00000000
1788379980000,77358.00000000,77358.00000000,77358.00000000,77358.00000000,0.00197000
1788380040000,77358.00000000,77358.00000000,77358.00000000,77358.00000000,0.00000000
1788380100000,77360.76000000,77360.76000000,77359.36000000,77359.36000000,0.02581000
1788380160000,77359.36000000,77359.36000000,77359.36000000,77359.36000000,0.00000000
1788380220000,77359.36000000,77359.36000000,77359.36000000,77359.36000000,0.00000000
1788380280000,77269.03000000,77269.03000000,77210.81000000,77210.81000000,0.00651000
1788380340000,77210.81000000,77210.81000000,77210.81000000,77210.81000000,0.00000000
1788380400000,77210.81000000,77210.81000000,77210.81000000,77210.81000000,0.00000000
1788380460000,77210.81000000,77210.81000000,77210.81000000,77210.81000000,0.00000000
1788380520000,77210.81000000,77210.81000000,77210.81000000,77210.81000000,0.00000000
1788380580000,77422.95000000,77422.95000000,77422.95000000,77422.95000000,0.00108000
1788380640000,77423.54000000,77450.72000000,77418.40000000,77450.72000000,0.02657000
1788380700000,77408.14000000,77413.23000000,77408.14000000,77413.23000000,0.00194000
1788380760000,77420.83000000,77420.83000000,77420.83000000,77420.83000000,0.00068000
1788380820000,77410.12000000,77410.12000000,77393.24000000,77393.24000000,0.01815000
1788380880000,77386.98000000,77387.28000000,77386.98000000,77387.28000000,0.00645000
1788380940000,77387.28000000,77387.28000000,77387.28000000,77387.28000000,0.00000000
1788381000000,77378.05000000,77378.05000000,77378.05000000,77378.05000000,0.00197000
1788381060000,77378.05000000,77378.05000000,77378.05000000,77378.05000000,0.00000000
1788381120000,77390.31000000,77405.26000000,77390.31000000,77405.26000000,0.02846000
1788381180000,77456.94000000,77456.94000000,77432.14000000,77432.14000000,0.00222000
1788381240000,77434.32000000,77434.32000000,77434.32000000,77434.32000000,0.00064000
1788381300000,77465.93000000,77468.97000000,77465.93000000,77468.97000000,0.00171000
1788381360000,77464.03000000,77464.03000000,77459.31000000,77459.31000000,0.01170000
1788381420000,77459.31000000,77459.31000000,77459.31000000,77459.31000000,0.00000000
1788381480000,77455.49000000,77471.17000000,77443.07000000,77471.17000000,0.05832000
1788381540000,77452.09000000,77452.09000000,77426.45000000,77426.45000000,0.01676000
1788381600000,77426.45000000,77426.45000000,77426.45000000,77426.45000000,0.00000000
1788381660000,77406.85000000,77406.85000000,77377.06000000,77377.06000000,0.00590000
1788381720000,77386.57000000,77386.57000000,77386.57000000,77386.57000000,0.00060000
1788381780000,77323.79000000,77323.79000000,77323.79000000,77323.79000000,0.00012000
1788381840000,77323.79000000,77323.79000000,77323.79000000,77323.79000000,0.00000000
1788381900000,77331.32000000,77331.32000000,77331.32000000,77331.32000000,0.00012000
1788381960000,77315.77000000,77322.45000000,77315.77000000,77322.45000000,0.03226000
1788382020000,77322.45000000,77322.45000000,77322.45000000,77322.45000000,0.00000000
1788382080000,77386.57000000,77386.57000000,77386.57000000,77386.57000000,0.00037000
1788382140000,77426.23000000,77426.23000000,77387.17000000,77387.17000000,0.01206000
1788382200000,77387.17000000,77387.17000000,77387.17000000,77387.17000000,0.00000000
1788382260000,77387.17000000,77387.17000000,77387.17000000,77387.17000000,0.00000000
1788382320000,77411.00000000,77411.00000000,77411.00000000,77411.00000000,0.00039000
1788382380000,77411.00000000,77411.00000000,77411.00000000,77411.00000000,0.00000000
1788382440000,77470.41000000,77470.41000000,77465.48000000,77465.48000000,0.02047000
1788382500000,77405.57000000,77405.57000000,77405.57000000,77405.57000000,0.00196000
1788382560000,77405.57000000,77405.57000000,77405.57000000,77405.57000000,0.00000000
1788382620000,77449.14000000,77449.14000000,77449.14000000,77449.14000000,0.00052000
1788382680000,77449.14000000,77449.14000000,77449.14000000,77449.14000000,0.00000000
1788382740000,77407.53000000,77407.53000000,77407.53000000,77407.53000000,0.00049000
1788382800000,77407.53000000,77407.53000000,77407.53000000,77407.53000000,0.00000000
1788382860000,77407.53000000,77407.53000000,77407.53000000,77407.53000000,0.00000000
1788382920000,77322.71000000,77322.71000000,77322.71000000,77322.71000000,0.00196000
1788382980000,77342.61000000,77342.61000000,77342.61000000,77342.61000000,0.00021000
1788383040000,77338.95000000,77338.95000000,77338.95000000,77338.95000000,0.00013000
1788383100000,77333.08000000,77338.95000000,77333.08000000,77337.28000000,0.00163000
1788383160000,77318.65000000,77318.65000000,77318.65000000,77318.65000000,0.00021000
1788383220000,77319.58000000,77319.58000000,77319.58000000,77319.58000000,0.00004000
1788383280000,77319.58000000,77319.58000000,77319.58000000,77319.58000000,0.00000000
1788383340000,77319.58000000,77319.58000000,77319.58000000,77319.58000000,0.00000000
1788383400000,77314.97000000,77314.97000000,77314.97000000,77314.97000000,0.00046000
1788383460000,77314.97000000,77314.97000000,77314.97000000,77314.97000000,0.00000000
1788383520000,77347.58000000,77347.58000000,77347.58000000,77347.58000000,0.00004000
1788383580000,77361.65000000,77361.65000000,77361.65000000,77361.65000000,0.00032000
1788383640000,77341.78000000,77341.78000000,77333.25000000,77333.25000000,0.00140000
1788383700000,77333.25000000,77333.25000000,77333.25000000,77333.25000000,0.00000000
1788383760000,77302.58000000,77302.58000000,77302.58000000,77302.58000000,0.00012000
1788383820000,77282.03000000,77282.03000000,77282.03000000,77282.03000000,0.00258000
1788383880000,77266.06000000,77266.06000000,77266.06000000,77266.06000000,0.00253000
1788383940000,77258.52000000,77258.52000000,77258.52000000,77258.52000000,0.00647000
1788384000000,77276.37000000,77276.37000000,77276.37000000,77276.37000000,0.00018000
1788384060000,77276.37000000,77276.37000000,77276.37000000,77276.37000000,0.00000000
1788384120000,77276.37000000,77276.37000000,77276.37000000,77276.37000000,0.00000000
1788384180000,77282.25000000,77282.25000000,77282.25000000,77282.25000000,0.00052000
1788384240000,77282.25000000,77282.25000000,77282.25000000,77282.25000000,0.00000000
1788384300000,77282.25000000,77282.25000000,77282.25000000,77282.25000000,0.00000000
1788384360000,77306.09000000,77306.09000000,77265.60000000,77265.60000000,0.04178000
1788384420000,77265.60000000,77265.60000000,77265.60000000,77265.60000000,0.00483000
1788384480000,77265.60000000,77265.60000000,77265.60000000,77265.60000000,0.00000000
1788384540000,77265.60000000,77265.60000000,77265.60000000,77265.60000000,0.00000000
1788384600000,77265.60000000,77265.60000000,77265.60000000,77265.60000000,0.00000000
1788384660000,77265.60000000,77265.60000000,77265.60000000,77265.60000000,0.00000000
1788384720000,77251.00000000,77251.00000000,77246.93000000,77246.93000000,0.00273000
1788384780000,77248.47000000,77248.47000000,77248.47000000,77248.47000000,0.00062000
1788384840000,77247.79000000,77247.79000000,77242.52000000,77242.52000000,0.00851000
1788384900000,77242.52000000,77242.52000000,77242.52000000,77242.52000000,0.00000000
1788384960000,77242.52000000,77242.52000000,77242.52000000,77242.52000000,0.00000000
1788385020000,77242.52000000,77242.52000000,77242.52000000,77242.52000000,0.00000000
1788385080000,77304.59000000,77304.59000000,77304.59000000,77304.59000000,0.00012000
1788385140000,77354.83000000,77354.83000000,77354.83000000,77354.83000000,0.00479000
1788385200000,77363.45000000,77363.45000000,77363.45000000,77363.45000000,0.00453000
1788385260000,77363.45000000,77363.45000000,77363.45000000,77363.45000000,0.00000000
1788385320000,77391.87000000,77391.87000000,77391.87000000,77391.87000000,0.00133000
1788385380000,77391.87000000,77391.87000000,77391.87000000,77391.87000000,0.00000000
1788385440000,77391.87000000,77391.87000000,77391.87000000,77391.87000000,0.00000000
1788385500000,77391.87000000,77391.87000000,77391.87000000,77391.87000000,0.00000000
1788385560000,77391.87000000,77391.87000000,77391.87000000,77391.87000000,0.00000000
1788385620000,77333.98000000,77333.98000000,77322.89000000,77322.89000000,0.00136000
1788385680000,77322.89000000,77322.89000000,77322.89000000,77322.89000000,0.00000000
1788385740000,77322.89000000,77322.89000000,77322.89000000,77322.89000000,0.00000000
1788385800000,77322.89000000,77322.89000000,77322.89000000,77322.89000000,0.00000000
1788385860000,77322.89000000,77322.89000000,77322.89000000,77322.89000000,0.00000000
1788385920000,77311.14000000,77311.14000000,77311.14000000,77311.14000000,0.00006000
1788385980000,77308.40000000,77308.40000000,77308.40000000,77308.40000000,0.00200000
1788386040000,77308.40000000,77308.40000000,77308.40000000,77308.40000000,0.00000000
1788386100000,77334.18000000,77334.18000000,77327.74000000,77327.74000000,0.04400000
1788386160000,77327.74000000,77327.74000000,77327.74000000,77327.74000000,0.00000000
1788386220000,77327.74000000,77327.74000000,77327.74000000,77327.74000000,0.00000000
1788386280000,77327.74000000,77327.74000000,77327.74000000,77327.74000000,0.00000000
1788386340000,77327.74000000,77327.74000000,77327.74000000,77327.74000000,0.00000000
1788386400000,77278.42000000,77278.42000000,77278.42000000,77278.42000000,0.01229000
1788386460000,77278.42000000,77278.42000000,77278.42000000,77278.42000000,0.00000000
1788386520000,77229.70000000,77229.70000000,77229.70000000,77229.70000000,0.00012000
1788386580000,77199.62000000,77199.62000000,77199.62000000,77199.62000000,0.00006000
1788386640000,77199.62000000,77199.62000000,77199.62000000,77199.62000000,0.00000000
1788386700000,77199.62000000,77199.62000000,77199.62000000,77199.62000000,0.00000000
1788386760000,77138.98000000,77140.64000000,77138.98000000,77140.64000000,0.00147000
1788386820000,77137.93000000,77144.81000000,77137.93000000,77144.81000000,0.00091000
1788386880000,77136.35000000,77136.35000000,77136.35000000,77136.35000000,0.00097000
1788386940000,77129.70000000,77140.28000000,77129.70000000,77131.44000000,0.12976000
1788387000000,77096.21000000,77096.21000000,77092.74000000,77092.74000000,0.00324000
1788387060000,77112.53000000,77112.53000000,77112.53000000,77112.53000000,0.00065000
1788387120000,77124.58000000,77128.17000000,77124.58000000,77128.17000000,0.02605000
1788387180000,77175.51000000,77176.23000000,77160.42000000,77176.23000000,0.28333000
1788387240000,77176.24000000,77176.24000000,77162.53000000,77162.53000000,1.78540000
1788387300000,77160.93000000,77160.93000000,77146.02000000,77155.80000000,0.05381000
1788387360000,77126.41000000,77126.41000000,77126.41000000,77126.41000000,0.00045000
1788387420000,77126.41000000,77126.41000000,77126.41000000,77126.41000000,0.00000000
1788387480000,77157.08000000,77157.08000000,77157.08000000,77157.08000000,0.00390000
1788387540000,77138.39000000,77138.39000000,77121.38000000,77121.38000000,0.35070000
1788387600000,77121.38000000,77121.38000000,77121.38000000,77121.38000000,0.00000000
1788387660000,77064.81000000,77064.81000000,77064.81000000,77064.81000000,0.00065000
1788387720000,77064.81000000,77064.81000000,77064.81000000,77064.81000000,0.00000000
1788387780000,77064.81000000,77064.81000000,77064.81000000,77064.81000000,0.00000000
1788387840000,77064.81000000,77064.81000000,77064.81000000,77064.81000000,0.00000000
1788387900000,77068.48000000,77068.48000000,77062.50000000,77062.50000000,0.00162000
1788387960000,77062.50000000,77062.50000000,77062.50000000,77062.50000000,0.00000000
1788388020000,77062.50000000,77062.50000000,77062.50000000,77062.50000000,0.00000000
1788388080000,77062.50000000,77062.50000000,77062.50000000,77062.50000000,0.00000000
1788388140000,77062.50000000,77062.50000000,77062.50000000,77062.50000000,0.00000000
1788388200000,77035.41000000,77040.98000000,77026.69000000,77026.69000000,0.00297000
1788388260000,77072.07000000,77072.07000000,77059.32000000,77059.32000000,0.00130000
1788388320000,77059.32000000,77059.32000000,77059.32000000,77059.32000000,0.00000000
1788388380000,77077.73000000,77077.73000000,77077.73000000,77077.73000000,0.00197000
1788388440000,77077.73000000,77077.73000000,77077.73000000,77077.73000000,0.00000000
1788388500000,77080.51000000,77090.01000000,77080.02000000,77080.02000000,0.05514000
1788388560000,77087.76000000,77087.76000000,77087.76000000,77087.76000000,0.00388000
1788388620000,77107.28000000,77107.28000000,77107.28000000,77107.28000000,0.01133000
1788388680000,77107.28000000,77107.28000000,77107.28000000,77107.28000000,0.00000000
1788388740000,77107.28000000,77107.28000000,77107.28000000,77107.28000000,0.00000000
1788388800000,77107.28000000,77107.28000000,77107.28000000,77107.28000000,0.00000000
1788388860000,77152.40000000,77152.40000000,77125.00000000,77128.39000000,0.03453000
1788388920000,77121.04000000,77121.04000000,77121.04000000,77121.04000000,0.00136000
1788388980000,77129.26000000,77143.37000000,77129.26000000,77143.37000000,0.12935000
1788389040000,77143.37000000,77143.37000000,77143.37000000,77143.37000000,0.00000000
1788389100000,77108.19000000,77108.19000000,77105.07000000,77105.07000000,0.08886000
1788389160000,77105.07000000,77105.07000000,77105.07000000,77105.07000000,0.00000000
1788389220000,77108.95000000,77109.45000000,77108.95000000,77109.45000000,0.00020000
1788389280000,77074.61000000,77074.61000000,77073.65000000,77073.65000000,0.00008000
1788389340000,77070.75000000,77070.75000000,77061.27000000,77067.04000000,0.06155000
1788389400000,77066.82000000,77069.34000000,77057.03000000,77069.34000000,0.00677000
1788389460000,77054.02000000,77075.81000000,77054.02000000,77075.81000000,0.00064000
1788389520000,77081.71000000,77081.71000000,77073.10000000,77073.10000000,0.00016000
1788389580000,77050.16000000,77050.16000000,77050.16000000,77050.16000000,0.02596000
1788389640000,77050.16000000,77050.16000000,77050.16000000,77050.16000000,0.00000000
1788389700000,77050.16000000,77050.16000000,77050.16000000,77050.16000000,0.00000000
1788389760000,77050.16000000,77050.16000000,77050.16000000,77050.16000000,0.00000000
1788389820000,77050.17000000,77050.17000000,77050.17000000,77050.17000000,0.00032000
1788389880000,77050.17000000,77050.17000000,77050.17000000,77050.17000000,0.00000000
1788389940000,77050.16000000,77050.16000000,77050.16000000,77050.16000000,0.02321000
1788390000000,77050.16000000,77050.17000000,77050.16000000,77050.16000000,0.14303000
1788390060000,77050.16000000,77050.16000000,77050.16000000,77050.16000000,0.03250000
1788390120000,77050.16000000,77050.16000000,77031.08000000,77031.08000000,0.08485000
1788390180000,77041.23000000,77103.49000000,77041.23000000,77103.49000000,0.02877000
1788390240000,77103.49000000,77103.49000000,77103.49000000,77103.49000000,0.00000000
1788390300000,77103.49000000,77103.49000000,77103.49000000,77103.49000000,0.00000000
1788390360000,77177.79000000,77177.79000000,77177.79000000,77177.79000000,0.00481000
1788390420000,77205.00000000,77205.00000000,77200.00000000,77200.00000000,0.06151000
1788390480000,77205.10000000,77208.61000000,77205.10000000,77208.61000000,0.00258000
1788390540000,77209.46000000,77209.46000000,77209.38000000,77209.38000000,0.00008000
1788390600000,77221.30000000,77228.49000000,77210.77000000,77210.77000000,0.01637000
1788390660000,77211.21000000,77215.39000000,77211.21000000,77215.39000000,0.00028000
1788390720000,77215.39000000,77215.39000000,77211.54000000,77215.39000000,0.00102000
1788390780000,77215.05000000,77215.39000000,77213.94000000,77214.16000000,0.00032000
1788390840000,77226.55000000,77226.55000000,77226.55000000,77226.55000000,0.00032000
1788390900000,77221.77000000,77223.26000000,77201.81000000,77201.81000000,0.00020000
1788390960000,77201.81000000,77201.81000000,77201.81000000,77201.81000000,0.00000000
1788391020000,77175.07000000,77175.07000000,77165.36000000,77165.36000000,0.00210000
1788391080000,77157.54000000,77157.54000000,77157.54000000,77157.54000000,0.00004000
1788391140000,77157.54000000,77157.54000000,77157.54000000,77157.54000000,0.00000000
1788391200000,77153.93000000,77153.93000000,77150.33000000,77150.33000000,0.00048000
1788391260000,77150.34000000,77150.34000000,77150.34000000,77150.34000000,0.00008000
1788391320000,77155.68000000,77155.68000000,77145.82000000,77145.82000000,0.00044000
1788391380000,77145.82000000,77145.82000000,77145.82000000,77145.82000000,0.00000000
1788391440000,77145.82000000,77145.82000000,77145.82000000,77145.82000000,0.00000000
1788391500000,77145.82000000,77145.82000000,77145.82000000,77145.82000000,0.00000000
1788391560000,77145.82000000,77145.82000000,77145.82000000,77145.82000000,0.00000000
1788391620000,77198.19000000,77198.19000000,77198.19000000,77198.19000000,0.00446000
1788391680000,77198.19000000,77198.19000000,77198.19000000,77198.19000000,0.00000000
1788391740000,77198.19000000,77198.19000000,77198.19000000,77198.19000000,0.00000000
1788391800000,77198.19000000,77198.19000000,77198.19000000,77198.19000000,0.00000000
1788391860000,77198.19000000,77198.19000000,77198.19000000,77198.19000000,0.00000000
1788391920000,77198.19000000,77198.19000000,77198.19000000,77198.19000000,0.00000000
1788391980000,77198.19000000,77198.19000000,77198.19000000,77198.19000000,0.00000000
1788392040000,77198.19000000,77198.19000000,77198.19000000,77198.19000000,0.00000000
1788392100000,77144.15000000,77144.15000000,77144.15000000,77144.15000000,0.00006000
1788392160000,77142.01000000,77142.01000000,77142.01000000,77142.01000000,0.00060000
1788392220000,77142.01000000,77142.01000000,77142.01000000,77142.01000000,0.00000000
1788392280000,77139.62000000,77139.62000000,77139.62000000,77139.62000000,0.00006000
1788392340000,77139.62000000,77139.62000000,77139.62000000,77139.62000000,0.00000000
1788392400000,77139.62000000,77139.62000000,77139.62000000,77139.62000000,0.00000000
1788392460000,77139.62000000,77139.62000000,77139.62000000,77139.62000000,0.00000000
1788392520000,77139.62000000,77139.62000000,77139.62000000,77139.62000000,0.00000000
1788392580000,77139.62000000,77139.62000000,77139.62000000,77139.62000000,0.00000000
1788392640000,77139.62000000,77139.62000000,77139.62000000,77139.62000000,0.00000000
1788392700000,77139.62000000,77139.62000000,77139.62000000,77139.62000000,0.00000000
1788392760000,77139.62000000,77139.62000000,77139.62000000,77139.62000000,0.00000000
1788392820000,77168.07000000,77168.07000000,77168.07000000,77168.07000000,0.00018000
1788392880000,77168.07000000,77168.07000000,77168.07000000,77168.07000000,0.00000000
1788392940000,77168.07000000,77168.07000000,77168.07000000,77168.07000000,0.00000000
1788393000000,77168.07000000,77168.07000000,77168.07000000,77168.07000000,0.00000000
1788393060000,77168.07000000,77168.07000000,77168.07000000,77168.07000000,0.00000000
1788393120000,77168.07000000,77168.07000000,77168.07000000,77168.07000000,0.00000000
1788393180000,77168.07000000,77168.07000000,77168.07000000,77168.07000000,0.00000000
1788393240000,77168.07000000,77168.07000000,77168.07000000,77168.07000000,0.00000000
1788393300000,77168.07000000,77168.07000000,77168.07000000,77168.07000000,0.00000000
1788393360000,77168.07000000,77168.07000000,77168.07000000,77168.07000000,0.00000000
1788393420000,77168.07000000,77168.07000000,77168.07000000,77168.07000000,0.00000000
1788393480000,77168.07000000,77168.07000000,77168.07000000,77168.07000000,0.00000000
1788393540000,77168.07000000,77168.07000000,77168.07000000,77168.07000000,0.00000000
1788393600000,77168.07000000,77168.07000000,77168.07000000,77168.07000000,0.00000000
1788393660000,77347.29000000,77347.29000000,77347.29000000,77347.29000000,0.00064000
1788393720000,77347.29000000,77347.29000000,77347.29000000,77347.29000000,0.00000000
1788393780000,77347.29000000,77347.29000000,77347.29000000,77347.29000000,0.00000000
1788393840000,77375.00000000,77375.00000000,77370.53000000,77370.53000000,0.04124000
1788393900000,77353.30000000,77372.54000000,77353.30000000,77372.54000000,0.00210000
1788393960000,77348.66000000,77348.66000000,77321.84000000,77321.84000000,0.00575000
1788394020000,77290.90000000,77290.90000000,77290.90000000,77290.90000000,0.00755000
1788394080000,77266.12000000,77266.12000000,77237.04000000,77237.04000000,0.00513000
1788394140000,77188.25000000,77188.25000000,77188.25000000,77188.25000000,0.00005000
1788394200000,77188.25000000,77188.25000000,77188.25000000,77188.25000000,0.00000000
1788394260000,77194.91000000,77245.76000000,77194.91000000,77245.76000000,0.04128000
1788394320000,77245.75000000,77245.75000000,77230.31000000,77230.31000000,0.00152000
1788394380000,77220.12000000,77220.12000000,77220.12000000,77220.12000000,0.00359000
1788394440000,77220.12000000,77220.12000000,77220.12000000,77220.12000000,0.00000000
1788394500000,77220.12000000,77220.12000000,77220.12000000,77220.12000000,0.00000000
1788394560000,77121.63000000,77121.63000000,77121.29000000,77121.29000000,0.00063000
1788394620000,77125.49000000,77127.88000000,77125.49000000,77127.88000000,0.00032000
1788394680000,77120.55000000,77120.55000000,77113.72000000,77113.72000000,0.12745000
1788394740000,77113.72000000,77113.72000000,77113.72000000,77113.72000000,0.00000000
1788394800000,77132.06000000,77132.06000000,77071.52000000,77071.52000000,0.01444000
1788394860000,77079.08000000,77079.08000000,77079.08000000,77079.08000000,0.00487000
1788394920000,77080.96000000,77080.96000000,77080.96000000,77080.96000000,0.00322000
1788394980000,77087.23000000,77087.23000000,77087.23000000,77087.23000000,0.00028000
1788395040000,77108.90000000,77108.90000000,77108.90000000,77108.90000000,0.00002000
1788395100000,77108.90000000,77108.90000000,77108.90000000,77108.90000000,0.00000000
1788395160000,77108.90000000,77108.90000000,77108.90000000,77108.90000000,0.00000000
1788395220000,77055.67000000,77055.67000000,77050.00000000,77050.00000000,0.03728000
1788395280000,77050.00000000,77050.00000000,77050.00000000,77050.00000000,0.00000000
1788395340000,77050.00000000,77050.00000000,77050.00000000,77050.00000000,0.00026000
1788395400000,77050.00000000,77050.00000000,77016.36000000,77016.36000000,0.30454000
1788395460000,77027.79000000,77057.60000000,77027.79000000,77057.51000000,0.04154000
1788395520000,77057.51000000,77057.51000000,77057.51000000,77057.51000000,0.00000000
1788395580000,77057.51000000,77057.51000000,77057.51000000,77057.51000000,0.00000000
1788395640000,77057.51000000,77057.51000000,77057.51000000,77057.51000000,0.00000000
1788395700000,77057.51000000,77057.51000000,77057.51000000,77057.51000000,0.00000000
1788395760000,77013.76000000,77013.76000000,77013.76000000,77013.76000000,0.00004000
1788395820000,77012.93000000,77012.93000000,76996.97000000,76996.97000000,0.02564000
1788395880000,77059.61000000,77059.61000000,77059.61000000,77059.61000000,0.00012000
1788395940000,77059.61000000,77059.61000000,77059.61000000,77059.61000000,0.00000000
1788396000000,77093.72000000,77129.35000000,77078.78000000,77129.35000000,0.00030000
1788396060000,77129.35000000,77129.35000000,77129.35000000,77129.35000000,0.00000000
1788396120000,77117.97000000,77117.97000000,77117.97000000,77117.97000000,0.00003000
1788396180000,77099.30000000,77099.30000000,77099.30000000,77099.30000000,0.00012000
1788396240000,77097.70000000,77097.70000000,77097.70000000,77097.70000000,0.00002000
1788396300000,77094.70000000,77094.70000000,77094.70000000,77094.70000000,0.00002000
1788396360000,77104.51000000,77104.51000000,77104.51000000,77104.51000000,0.00062000
1788396420000,77118.13000000,77118.13000000,77118.13000000,77118.13000000,0.00005000
1788396480000,77119.99000000,77119.99000000,77119.99000000,77119.99000000,0.00002000
1788396540000,77119.99000000,77119.99000000,77119.99000000,77119.99000000,0.00000000
1788396600000,77097.66000000,77097.66000000,77097.66000000,77097.66000000,0.00002000
1788396660000,77103.11000000,77104.42000000,77103.11000000,77104.42000000,0.00005000
1788396720000,77116.73000000,77116.73000000,77116.73000000,77116.73000000,0.00534000
1788396780000,77077.84000000,77077.84000000,77077.84000000,77077.84000000,0.00004000
1788396840000,77077.84000000,77077.84000000,77077.84000000,77077.84000000,0.00000000
1788396900000,77091.64000000,77091.64000000,77091.64000000,77091.64000000,0.00045000
1788396960000,77091.64000000,77091.64000000,77091.64000000,77091.64000000,0.00000000
1788397020000,77091.64000000,77091.64000000,77091.64000000,77091.64000000,0.00000000
1788397080000,77094.29000000,77135.82000000,77094.29000000,77135.82000000,0.00311000
1788397140000,77095.56000000,77095.56000000,77095.56000000,77095.56000000,0.00019000
1788397200000,77074.89000000,77074.89000000,77054.37000000,77054.37000000,0.00130000
1788397260000,77000.45000000,77000.45000000,77000.45000000,77000.45000000,0.02657000
1788397320000,77042.62000000,77056.22000000,77042.62000000,77056.22000000,0.00133000
1788397380000,77127.01000000,77127.01000000,77080.45000000,77092.10000000,0.08259000
1788397440000,77108.83000000,77108.83000000,77108.65000000,77108.65000000,0.00031000
1788397500000,77151.60000000,77151.68000000,77151.60000000,77151.68000000,0.03725000
1788397560000,77221.84000000,77225.80000000,77221.84000000,77225.80000000,0.00030000
1788397620000,77274.21000000,77274.21000000,77274.21000000,77274.21000000,0.00003000
1788397680000,77258.64000000,77258.64000000,77258.64000000,77258.64000000,0.00002000
1788397740000,77313.13000000,77313.13000000,77313.13000000,77313.13000000,0.00003000
1788397800000,77278.20000000,77284.36000000,77267.90000000,77267.90000000,0.06055000
1788397860000,77260.53000000,77288.87000000,77260.53000000,77280.55000000,0.06279000
1788397920000,77298.74000000,77375.00000000,77298.74000000,77375.00000000,0.02472000
1788397980000,77409.30000000,77422.02000000,77400.60000000,77422.02000000,0.03528000
1788398040000,77427.78000000,77427.78000000,77423.28000000,77423.28000000,0.00905000
1788398100000,77397.97000000,77397.97000000,77397.97000000,77397.97000000,0.00207000
1788398160000,77374.52000000,77374.52000000,77374.52000000,77374.52000000,0.00461000
1788398220000,77374.52000000,77374.52000000,77374.52000000,77374.52000000,0.00000000
1788398280000,77374.52000000,77374.52000000,77374.52000000,77374.52000000,0.00000000
1788398340000,77374.52000000,77374.52000000,77374.52000000,77374.52000000,0.00000000
1788398400000,77374.52000000,77374.52000000,77374.52000000,77374.52000000,0.00000000
1788398460000,77374.52000000,77374.52000000,77374.52000000,77374.52000000,0.00000000
1788398520000,77374.52000000,77374.52000000,77374.52000000,77374.52000000,0.00000000
1788398580000,77373.14000000,77373.14000000,77373.14000000,77373.14000000,0.00084000
1788398640000,77393.20000000,77393.20000000,77392.87000000,77392.87000000,0.00745000
1788398700000,77369.93000000,77370.97000000,77369.93000000,77370.97000000,0.00216000
1788398760000,77370.97000000,77370.97000000,77370.97000000,77370.97000000,0.00000000
1788398820000,77370.97000000,77370.97000000,77370.97000000,77370.97000000,0.00000000
1788398880000,77356.53000000,77356.53000000,77356.53000000,77356.53000000,0.00135000
1788398940000,77413.23000000,77413.23000000,77407.31000000,77407.31000000,0.00322000
1788399000000,77429.79000000,77468.48000000,77429.79000000,77459.96000000,0.04291000
1788399060000,77419.15000000,77419.15000000,77419.15000000,77419.15000000,0.00374000
1788399120000,77419.15000000,77419.15000000,77419.15000000,77419.15000000,0.00000000
1788399180000,77500.00000000,77520.27000000,77500.00000000,77511.06000000,0.02587000
1788399240000,77506.11000000,77526.00000000,77495.90000000,77500.65000000,1.18896000
1788399300000,77541.91000000,77548.75000000,77485.84000000,77485.84000000,0.04481000
1788399360000,77447.59000000,77447.59000000,77397.26000000,77397.26000000,0.00339000
1788399420000,77345.30000000,77345.30000000,77345.30000000,77345.30000000,0.00197000
1788399480000,77440.76000000,77440.76000000,77440.76000000,77440.76000000,0.00193000
1788399540000,77440.76000000,77440.76000000,77440.76000000,77440.76000000,0.00000000
1788399600000,77440.76000000,77440.76000000,77440.76000000,77440.76000000,0.00000000
1788399660000,77440.76000000,77440.76000000,77440.76000000,77440.76000000,0.00000000
1788399720000,77423.46000000,77423.46000000,77423.46000000,77423.46000000,0.00005000
1788399780000,77453.04000000,77453.04000000,77452.40000000,77452.40000000,0.02865000
1788399840000,77352.60000000,77352.60000000,77352.60000000,77352.60000000,0.00082000
1788399900000,77352.60000000,77352.60000000,77352.60000000,77352.60000000,0.00000000
1788399960000,77346.55000000,77346.55000000,77322.22000000,77322.22000000,0.02969000
1788400020000,77333.97000000,77333.97000000,77333.97000000,77333.97000000,0.03234000
1788400080000,77333.97000000,77333.97000000,77333.97000000,77333.97000000,0.00000000
1788400140000,77325.38000000,77325.38000000,77325.38000000,77325.38000000,0.00012000
1788400200000,77325.38000000,77325.38000000,77325.38000000,77325.38000000,0.00000000
1788400260000,77296.97000000,77328.54000000,77296.97000000,77323.93000000,0.14069000
1788400320000,77323.93000000,77323.93000000,77323.93000000,77323.93000000,0.00000000
1788400380000,77363.76000000,77391.31000000,77363.76000000,77391.31000000,0.01279000
1788400440000,77423.59000000,77428.73000000,77388.27000000,77388.27000000,0.00185000
1788400500000,77395.30000000,77395.30000000,77395.30000000,77395.30000000,0.00136000
1788400560000,77412.72000000,77412.72000000,77412.72000000,77412.72000000,0.00129000
1788400620000,77404.75000000,77411.80000000,77404.75000000,77411.80000000,0.00258000
1788400680000,77399.45000000,77399.45000000,77399.45000000,77399.45000000,0.00005000
1788400740000,77399.45000000,77399.45000000,77399.45000000,77399.45000000,0.00000000
1788400800000,77352.47000000,77352.47000000,77304.25000000,77304.25000000,0.00031000
1788400860000,77304.25000000,77304.25000000,77304.25000000,77304.25000000,0.00000000
1788400920000,77305.64000000,77305.64000000,77305.64000000,77305.64000000,0.00023000
1788400980000,77305.64000000,77305.64000000,77305.64000000,77305.64000000,0.00000000
1788401040000,77305.64000000,77305.64000000,77305.64000000,77305.64000000,0.00000000
1788401100000,77293.59000000,77293.59000000,77293.59000000,77293.59000000,0.00003000
1788401160000,77326.11000000,77326.11000000,77326.11000000,77326.11000000,0.00003000
1788401220000,77315.78000000,77315.78000000,77296.48000000,77296.48000000,0.00208000
1788401280000,77296.48000000,77296.48000000,77296.48000000,77296.48000000,0.00000000
1788401340000,77253.42000000,77262.13000000,77253.42000000,77260.92000000,0.00029000
1788401400000,77260.92000000,77260.92000000,77260.92000000,77260.92000000,0.00000000
1788401460000,77336.15000000,77336.15000000,77336.15000000,77336.15000000,0.01941000
1788401520000,77336.15000000,77336.15000000,77336.15000000,77336.15000000,0.00000000
1788401580000,77379.28000000,77379.28000000,77379.28000000,77379.28000000,0.00023000
1788401640000,77379.28000000,77379.28000000,77379.28000000,77379.28000000,0.00000000
1788401700000,77478.35000000,77478.35000000,77478.35000000,77478.35000000,0.00081000
1788401760000,77478.35000000,77478.35000000,77478.35000000,77478.35000000,0.00000000
1788401820000,77478.35000000,77478.35000000,77478.35000000,77478.35000000,0.00000000
1788401880000,77456.85000000,77465.73000000,77452.98000000,77452.98000000,0.00166000
1788401940000,77452.98000000,77452.98000000,77452.98000000,77452.98000000,0.00000000
1788402000000,77452.98000000,77452.98000000,77452.98000000,77452.98000000,0.00000000
1788402060000,77452.98000000,77452.98000000,77452.98000000,77452.98000000,0.00000000
1788402120000,77452.98000000,77452.98000000,77452.98000000,77452.98000000,0.00000000
1788402180000,77452.98000000,77452.98000000,77452.98000000,77452.98000000,0.00000000
1788402240000,77491.13000000,77560.00000000,77491.13000000,77537.10000000,0.61722000
1788402300000,77510.65000000,77532.68000000,77510.65000000,77517.65000000,0.05437000
1788402360000,77515.92000000,77515.92000000,77483.88000000,77497.38000000,0.02736000
1788402420000,77497.38000000,77497.38000000,77497.38000000,77497.38000000,0.00000000
1788402480000,77500.58000000,77607.16000000,77500.58000000,77599.68000000,0.59671000
1788402540000,77600.91000000,77600.91000000,77596.43000000,77596.43000000,0.01622000
1788402600000,77590.77000000,77642.11000000,77561.18000000,77642.11000000,0.02399000
1788402660000,77659.13000000,77690.60000000,77649.97000000,77690.60000000,0.06834000
1788402720000,77700.00000000,77730.86000000,77671.02000000,77671.02000000,0.01178000
1788402780000,77671.02000000,77671.02000000,77671.02000000,77671.02000000,0.00000000
1788402840000,77742.71000000,77875.00000000,77742.71000000,77858.41000000,0.13743000
1788402900000,77853.47000000,77880.25000000,77811.30000000,77871.80000000,0.07636000
1788402960000,77853.77000000,77853.77000000,77781.02000000,77781.02000000,0.02099000
1788403020000,77776.81000000,77776.81000000,77776.81000000,77776.81000000,0.00154000
1788403080000,77726.62000000,77726.62000000,77726.62000000,77726.62000000,0.01264000
1788403140000,77721.30000000,77721.91000000,77707.40000000,77721.91000000,0.00907000
1788403200000,77726.22000000,77807.99000000,77726.22000000,77807.99000000,0.01600000
1788403260000,77803.66000000,77803.66000000,77803.66000000,77803.66000000,0.00003000
1788403320000,77826.44000000,77826.44000000,77826.44000000,77826.44000000,0.00002000
1788403380000,77820.67000000,77820.67000000,77820.67000000,77820.67000000,0.00010000
1788403440000,77820.67000000,77820.67000000,77820.67000000,77820.67000000,0.00000000
1788403500000,77752.48000000,77757.93000000,77752.48000000,77757.93000000,0.02974000
1788403560000,77769.45000000,77769.45000000,77769.45000000,77769.45000000,0.01000000
1788403620000,77769.45000000,77769.45000000,77769.45000000,77769.45000000,0.00000000
1788403680000,77792.50000000,77827.50000000,77792.50000000,77822.57000000,0.09505000
1788403740000,77806.10000000,77822.57000000,77796.03000000,77822.57000000,1.95304000
1788403800000,77825.48000000,77825.48000000,77806.34000000,77816.04000000,0.06661000
1788403860000,77843.82000000,77867.86000000,77843.82000000,77855.73000000,0.04613000
1788403920000,77856.21000000,77856.21000000,77823.16000000,77823.16000000,0.02665000
1788403980000,77853.47000000,77853.47000000,77853.47000000,77853.47000000,0.02113000
1788404040000,77853.47000000,77853.47000000,77853.47000000,77853.47000000,0.06998000
1788404100000,77853.47000000,77853.47000000,77853.47000000,77853.47000000,0.01392000
1788404160000,77853.47000000,77853.47000000,77799.00000000,77799.00000000,0.02147000
1788404220000,77799.00000000,77799.00000000,77799.00000000,77799.00000000,0.00000000
1788404280000,77799.00000000,77799.00000000,77799.00000000,77799.00000000,0.00000000
1788404340000,77800.32000000,77800.32000000,77800.32000000,77800.32000000,0.00025000
1788404400000,77822.63000000,77822.63000000,77782.32000000,77782.32000000,0.02128000
1788404460000,77782.32000000,77782.32000000,77782.32000000,77782.32000000,0.00000000
1788404520000,77782.32000000,77782.32000000,77782.32000000,77782.32000000,0.00000000
1788404580000,77782.32000000,77782.32000000,77782.32000000,77782.32000000,0.00000000
1788404640000,77718.17000000,77718.17000000,77718.17000000,77718.17000000,0.00015000
1788404700000,77717.08000000,77720.52000000,77717.08000000,77720.52000000,0.00198000
1788404760000,77720.52000000,77720.52000000,77720.52000000,77720.52000000,0.00000000
1788404820000,77746.45000000,77746.45000000,77746.45000000,77746.45000000,0.00036000
1788404880000,77729.93000000,77729.93000000,77729.93000000,77729.93000000,0.00809000
1788404940000,77729.93000000,77729.93000000,77729.93000000,77729.93000000,0.00000000
1788405000000,77729.93000000,77729.93000000,77729.93000000,77729.93000000,0.00000000
1788405060000,77729.93000000,77729.93000000,77729.93000000,77729.93000000,0.00000000
1788405120000,77715.52000000,77715.52000000,77715.52000000,77715.52000000,0.00128000
1788405180000,77729.93000000,77780.99000000,77729.93000000,77780.99000000,0.05977000
1788405240000,77853.47000000,77853.47000000,77843.80000000,77843.80000000,0.11652000
1788405300000,77785.05000000,77785.05000000,77785.05000000,77785.05000000,0.00164000
1788405360000,77741.80000000,77741.80000000,77723.50000000,77723.50000000,0.01058000
1788405420000,77756.43000000,77756.43000000,77756.43000000,77756.43000000,0.00132000
1788405480000,77800.49000000,77850.98000000,77800.49000000,77845.90000000,0.03558000
1788405540000,77866.24000000,77866.24000000,77866.24000000,77866.24000000,0.01197000
1788405600000,77859.54000000,77863.88000000,77827.43000000,77827.43000000,0.08330000
1788405660000,77836.09000000,77838.14000000,77791.99000000,77791.99000000,0.03527000
1788405720000,77791.99000000,77791.99000000,77791.99000000,77791.99000000,0.00000000
1788405780000,77787.15000000,77787.15000000,77787.15000000,77787.15000000,0.03359000
1788405840000,77787.15000000,77787.15000000,77787.15000000,77787.15000000,0.00000000
1788405900000,77765.77000000,77768.40000000,77759.89000000,77768.40000000,0.00199000
1788405960000,77798.59000000,77798.59000000,77784.85000000,77784.85000000,0.02504000
1788406020000,77784.85000000,77784.85000000,77784.85000000,77784.85000000,0.00000000
1788406080000,77784.85000000,77784.85000000,77784.85000000,77784.85000000,0.00000000
1788406140000,77784.85000000,77784.85000000,77784.85000000,77784.85000000,0.00000000
1788406200000,77784.85000000,77784.85000000,77784.85000000,77784.85000000,0.00000000
1788406260000,77707.69000000,77753.49000000,77707.69000000,77753.49000000,0.04112000
1788406320000,77751.58000000,77751.58000000,77751.58000000,77751.58000000,0.00193000
1788406380000,77751.58000000,77751.58000000,77751.58000000,77751.58000000,0.00000000
1788406440000,77751.58000000,77751.58000000,77751.58000000,77751.58000000,0.00000000
1788406500000,77714.89000000,77714.89000000,77684.27000000,77684.27000000,0.00015000
1788406560000,77694.86000000,77694.86000000,77685.96000000,77685.96000000,0.00303000
1788406620000,77685.96000000,77685.96000000,77685.96000000,77685.96000000,0.00000000
1788406680000,77674.40000000,77674.40000000,77672.79000000,77672.79000000,0.00087000
1788406740000,77672.79000000,77672.79000000,77672.79000000,77672.79000000,0.00000000
1788406800000,77671.96000000,77671.96000000,77665.52000000,77665.52000000,0.00338000
1788406860000,77665.53000000,77670.76000000,77665.53000000,77670.76000000,0.01228000
1788406920000,77670.76000000,77670.76000000,77670.76000000,77670.76000000,0.00000000
1788406980000,77669.09000000,77669.09000000,77669.09000000,77669.09000000,0.01364000
1788407040000,77678.56000000,77678.56000000,77678.56000000,77678.56000000,0.00011000
1788407100000,77667.89000000,77667.89000000,77648.95000000,77651.48000000,0.01484000
1788407160000,77651.48000000,77651.48000000,77651.48000000,77651.48000000,0.00000000
1788407220000,77651.48000000,77651.48000000,77651.48000000,77651.48000000,0.00000000
1788407280000,77651.48000000,77651.48000000,77651.48000000,77651.48000000,0.00000000
1788407340000,77672.20000000,77683.35000000,77672.20000000,77683.35000000,0.00013000
1788407400000,77710.50000000,77710.50000000,77710.50000000,77710.50000000,0.00645000
1788407460000,77720.21000000,77720.21000000,77720.21000000,77720.21000000,0.00006000
1788407520000,77739.34000000,77745.03000000,77739.34000000,77745.03000000,0.03215000
1788407580000,77740.72000000,77740.72000000,77740.72000000,77740.72000000,0.00013000
1788407640000,77740.72000000,77740.72000000,77740.72000000,77740.72000000,0.00000000
1788407700000,77740.72000000,77740.72000000,77740.72000000,77740.72000000,0.00000000
1788407760000,77740.72000000,77740.72000000,77740.72000000,77740.72000000,0.00000000
1788407820000,77745.41000000,77745.41000000,77728.76000000,77728.76000000,0.00010000
1788407880000,77728.76000000,77728.76000000,77728.76000000,77728.76000000,0.00000000
1788407940000,77728.76000000,77728.76000000,77728.76000000,77728.76000000,0.00000000
1788408000000,77728.76000000,77728.76000000,77728.76000000,77728.76000000,0.00000000
1788408060000,77725.75000000,77725.75000000,77721.13000000,77721.13000000,0.00038000
1788408120000,77721.13000000,77721.13000000,77721.13000000,77721.13000000,0.00000000
1788408180000,77728.76000000,77758.63000000,77728.76000000,77758.63000000,0.00488000
1788408240000,77765.42000000,77765.42000000,77750.51000000,77750.51000000,0.01128000
1788408300000,77750.51000000,77750.51000000,77750.51000000,77750.51000000,0.00000000
1788408360000,77750.51000000,77750.51000000,77750.51000000,77750.51000000,0.00000000
1788408420000,77764.84000000,77765.15000000,77764.84000000,77765.15000000,0.00221000
1788408480000,77765.15000000,77775.52000000,77764.61000000,77775.52000000,0.00427000
1788408540000,77780.53000000,77785.45000000,77780.53000000,77785.17000000,0.00259000
1788408600000,77800.12000000,77811.53000000,77798.64000000,77811.53000000,0.00168000
1788408660000,77811.53000000,77811.53000000,77811.53000000,77811.53000000,0.00000000
1788408720000,77766.24000000,77766.24000000,77738.38000000,77738.38000000,0.00167000
1788408780000,77729.81000000,77729.81000000,77729.81000000,77729.81000000,0.00197000
1788408840000,77624.01000000,77640.54000000,77624.01000000,77640.54000000,0.00573000
1788408900000,77651.17000000,77651.17000000,77572.97000000,77572.97000000,0.02847000
1788408960000,77572.97000000,77572.97000000,77572.97000000,77572.97000000,0.00000000
1788409020000,77572.97000000,77572.97000000,77572.97000000,77572.97000000,0.00000000
1788409080000,77572.97000000,77572.97000000,77572.97000000,77572.97000000,0.00000000
1788409140000,77572.97000000,77572.97000000,77572.97000000,77572.97000000,0.00000000
1788409200000,77572.97000000,77572.97000000,77572.97000000,77572.97000000,0.00000000
1788409260000,77560.00000000,77560.00000000,77560.00000000,77560.00000000,0.00054000
1788409320000,77560.01000000,77620.95000000,77560.01000000,77620.95000000,0.04179000
1788409380000,77620.95000000,77620.95000000,77620.95000000,77620.95000000,0.00000000
1788409440000,77620.95000000,77620.95000000,77620.95000000,77620.95000000,0.00000000
1788409500000,77630.61000000,77630.65000000,77630.61000000,77630.65000000,0.00013000
1788409560000,77630.65000000,77630.65000000,77630.65000000,77630.65000000,0.00000000
1788409620000,77594.74000000,77594.74000000,77594.74000000,77594.74000000,0.00020000
1788409680000,77594.74000000,77594.74000000,77594.74000000,77594.74000000,0.00000000
1788409740000,77594.74000000,77594.74000000,77594.74000000,77594.74000000,0.00000000
1788409800000,77619.23000000,77619.23000000,77619.23000000,77619.23000000,0.00024000
1788409860000,77619.23000000,77619.23000000,77619.23000000,77619.23000000,0.00000000
1788409920000,77607.24000000,77607.24000000,77607.24000000,77607.24000000,0.00002000
1788409980000,77607.38000000,77607.38000000,77607.38000000,77607.38000000,0.00008000
1788410040000,77614.25000000,77614.25000000,77614.25000000,77614.25000000,0.02000000
1788410100000,77614.25000000,77614.25000000,77614.25000000,77614.25000000,0.00000000
1788410160000,77614.25000000,77614.25000000,77614.25000000,77614.25000000,0.00000000
1788410220000,77614.25000000,77614.25000000,77614.25000000,77614.25000000,0.00000000
1788410280000,77614.25000000,77614.25000000,77614.25000000,77614.25000000,0.00000000
1788410340000,77614.25000000,77614.25000000,77614.25000000,77614.25000000,0.00000000
1788410400000,77614.25000000,77614.25000000,77614.25000000,77614.25000000,0.00000000
1788410460000,77614.25000000,77614.25000000,77614.25000000,77614.25000000,0.00000000
1788410520000,77588.75000000,77588.75000000,77576.72000000,77576.72000000,0.12000000
1788410580000,77590.59000000,77590.59000000,77590.59000000,77590.59000000,0.00011000
1788410640000,77590.59000000,77590.59000000,77590.59000000,77590.59000000,0.00000000
1788410700000,77590.59000000,77590.59000000,77590.59000000,77590.59000000,0.00000000
1788410760000,77613.04000000,77623.25000000,77613.04000000,77623.25000000,0.02011000
1788410820000,77628.31000000,77628.31000000,77628.31000000,77628.31000000,0.00353000
1788410880000,77628.31000000,77628.31000000,77628.31000000,77628.31000000,0.00000000
1788410940000,77636.96000000,77636.96000000,77636.96000000,77636.96000000,0.00002000
1788411000000,77636.96000000,77636.96000000,77636.96000000,77636.96000000,0.00000000
1788411060000,77679.14000000,77699.47000000,77679.14000000,77699.47000000,0.01191000
1788411120000,77717.06000000,77766.48000000,77717.06000000,77766.48000000,0.07592000
1788411180000,77766.48000000,77766.48000000,77766.48000000,77766.48000000,0.00000000
1788411240000,77766.48000000,77766.48000000,77766.48000000,77766.48000000,0.00000000
1788411300000,77793.51000000,77794.99000000,77712.65000000,77712.65000000,0.05018000
1788411360000,77730.48000000,77730.84000000,77730.48000000,77730.84000000,0.00012000
1788411420000,77734.02000000,77747.88000000,77734.02000000,77747.88000000,0.00049000
1788411480000,77758.10000000,77758.10000000,77748.42000000,77748.42000000,0.00265000
1788411540000,77748.42000000,77769.96000000,77748.42000000,77765.83000000,0.00066000
1788411600000,77774.32000000,77778.41000000,77774.32000000,77778.41000000,0.00183000
1788411660000,77778.41000000,77778.41000000,77778.41000000,77778.41000000,0.00000000
1788411720000,77774.35000000,77774.35000000,77771.49000000,77771.49000000,0.00009000
1788411780000,77771.49000000,77771.49000000,77771.49000000,77771.49000000,0.00000000
1788411840000,77771.49000000,77771.49000000,77771.49000000,77771.49000000,0.00000000
1788411900000,77750.57000000,77750.57000000,77748.68000000,77748.68000000,0.00513000
1788411960000,77748.68000000,77748.68000000,77748.68000000,77748.68000000,0.00000000
1788412020000,77748.68000000,77748.68000000,77748.68000000,77748.68000000,0.00000000
1788412080000,77722.46000000,77742.63000000,77722.46000000,77742.63000000,0.00117000
1788412140000,77744.79000000,77744.79000000,77744.79000000,77744.79000000,0.00197000
1788412200000,77744.79000000,77744.79000000,77744.79000000,77744.79000000,0.00000000
1788412260000,77744.79000000,77744.79000000,77744.79000000,77744.79000000,0.00000000
1788412320000,77744.79000000,77744.79000000,77744.79000000,77744.79000000,0.00000000
1788412380000,77662.95000000,77662.95000000,77662.95000000,77662.95000000,0.00076000
1788412440000,77612.27000000,77612.29000000,77612.27000000,77612.29000000,0.04550000
1788412500000,77612.29000000,77612.29000000,77612.29000000,77612.29000000,0.00000000
1788412560000,77612.29000000,77612.29000000,77612.29000000,77612.29000000,0.00000000
1788412620000,77615.14000000,77616.69000000,77525.27000000,77525.27000000,1.23113000
1788412680000,77527.84000000,77527.84000000,77505.38000000,77521.68000000,0.02702000
1788412740000,77521.68000000,77521.68000000,77521.68000000,77521.68000000,0.00000000
1788412800000,77501.50000000,77501.50000000,77407.24000000,77407.24000000,0.03175000
1788412860000,77405.40000000,77405.40000000,77359.00000000,77401.11000000,0.00594000
1788412920000,77357.91000000,77357.91000000,77299.62000000,77299.62000000,0.00474000
1788412980000,77251.40000000,77251.40000000,77251.39000000,77251.39000000,0.00009000
1788413040000,77259.27000000,77290.24000000,77259.27000000,77290.24000000,0.01320000
1788413100000,77264.43000000,77264.43000000,77264.43000000,77264.43000000,0.00012000
1788413160000,77264.43000000,77264.43000000,77264.43000000,77264.43000000,0.00000000
1788413220000,77172.36000000,77172.36000000,77146.17000000,77146.17000000,0.00912000
1788413280000,77135.53000000,77135.53000000,77111.03000000,77118.42000000,0.00163000
1788413340000,77203.54000000,77203.54000000,77203.54000000,77203.54000000,0.00003000
1788413400000,77212.84000000,77212.84000000,77212.84000000,77212.84000000,0.00003000
1788413460000,77251.23000000,77291.90000000,77251.23000000,77291.90000000,0.00045000
1788413520000,77291.90000000,77291.90000000,77291.90000000,77291.90000000,0.00000000
1788413580000,77291.90000000,77291.90000000,77291.90000000,77291.90000000,0.00000000
1788413640000,77291.90000000,77291.90000000,77291.90000000,77291.90000000,0.00000000
1788413700000,77372.89000000,77374.31000000,77372.89000000,77374.31000000,0.00036000
1788413760000,77370.55000000,77370.55000000,77370.55000000,77370.55000000,0.00011000
1788413820000,77370.55000000,77370.55000000,77370.55000000,77370.55000000,0.00000000
1788413880000,77370.55000000,77370.55000000,77370.55000000,77370.55000000,0.00000000
1788413940000,77370.55000000,77370.55000000,77370.55000000,77370.55000000,0.00000000
1788414000000,77415.99000000,77416.31000000,77415.99000000,77416.31000000,0.01421000
1788414060000,77434.47000000,77434.47000000,77434.47000000,77434.47000000,0.00197000
1788414120000,77434.47000000,77434.47000000,77434.47000000,77434.47000000,0.00000000
1788414180000,77434.47000000,77434.47000000,77434.47000000,77434.47000000,0.00000000
1788414240000,77490.64000000,77506.63000000,77490.64000000,77506.63000000,0.01795000
1788414300000,77488.87000000,77488.87000000,77449.00000000,77449.00000000,0.00494000
1788414360000,77424.43000000,77424.43000000,77424.43000000,77424.43000000,0.00010000
1788414420000,77424.43000000,77424.43000000,77424.43000000,77424.43000000,0.00000000
1788414480000,77424.43000000,77424.43000000,77424.43000000,77424.43000000,0.00000000
1788414540000,77521.51000000,77529.55000000,77521.51000000,77529.55000000,0.00182000
1788414600000,77529.55000000,77529.55000000,77529.55000000,77529.55000000,0.00000000
1788414660000,77566.63000000,77685.48000000,77566.63000000,77641.80000000,0.06810000
1788414720000,77657.72000000,77702.12000000,77657.72000000,77702.12000000,0.01810000
1788414780000,77707.83000000,77707.83000000,77650.42000000,77650.42000000,0.01683000
1788414840000,77676.91000000,77677.06000000,77676.91000000,77677.06000000,0.01346000
1788414900000,77712.28000000,77713.51000000,77712.28000000,77713.51000000,0.00025000
1788414960000,77778.11000000,77787.83000000,77778.11000000,77787.83000000,0.00334000
1788415020000,77827.75000000,77827.75000000,77791.63000000,77795.70000000,0.01223000
1788415080000,77789.12000000,77789.12000000,77784.04000000,77784.04000000,0.00035000
1788415140000,77784.04000000,77784.04000000,77784.04000000,77784.04000000,0.00000000
1788415200000,77820.21000000,77820.21000000,77779.89000000,77779.90000000,0.04128000
1788415260000,77756.96000000,77756.96000000,77756.96000000,77756.96000000,0.00019000
1788415320000,77756.96000000,77756.96000000,77756.96000000,77756.96000000,0.00000000
1788415380000,77756.96000000,77756.96000000,77756.96000000,77756.96000000,0.00000000
1788415440000,77734.06000000,77734.06000000,77734.06000000,77734.06000000,0.00321000
1788415500000,77739.73000000,77739.73000000,77735.32000000,77735.32000000,0.00161000
1788415560000,77754.12000000,77776.01000000,77751.53000000,77751.53000000,0.03221000
1788415620000,77733.17000000,77733.17000000,77733.17000000,77733.17000000,0.00496000
1788415680000,77733.17000000,77733.17000000,77733.17000000,77733.17000000,0.00000000
1788415740000,77733.18000000,77733.18000000,77729.29000000,77729.29000000,0.00327000
1788415800000,77729.29000000,77729.29000000,77729.29000000,77729.29000000,0.00000000
1788415860000,77753.57000000,77753.69000000,77751.79000000,77751.79000000,0.06043000
1788415920000,77751.79000000,77751.79000000,77751.79000000,77751.79000000,0.00000000
1788415980000,77710.21000000,77710.21000000,77710.21000000,77710.21000000,0.00129000
1788416040000,77712.82000000,77712.82000000,77712.82000000,77712.82000000,0.00149000
1788416100000,77712.82000000,77712.82000000,77712.82000000,77712.82000000,0.00000000
1788416160000,77712.82000000,77712.82000000,77712.82000000,77712.82000000,0.00000000
1788416220000,77712.82000000,77712.82000000,77712.82000000,77712.82000000,0.00000000
1788416280000,77712.82000000,77712.82000000,77712.82000000,77712.82000000,0.00000000
1788416340000,77750.58000000,77755.36000000,77750.58000000,77755.36000000,0.05461000
1788416400000,77760.37000000,77760.37000000,77760.37000000,77760.37000000,0.00129000
1788416460000,77760.37000000,77760.37000000,77760.37000000,77760.37000000,0.00000000
1788416520000,77760.37000000,77760.37000000,77760.37000000,77760.37000000,0.00000000
1788416580000,77760.37000000,77760.37000000,77760.37000000,77760.37000000,0.00000000
1788416640000,77779.90000000,77779.90000000,77733.50000000,77733.50000000,0.07766000
1788416700000,77748.72000000,77748.72000000,77733.74000000,77733.74000000,0.06450000
1788416760000,77729.72000000,77749.69000000,77720.18000000,77749.69000000,0.08685000
1788416820000,77749.69000000,77749.69000000,77749.69000000,77749.69000000,0.00000000
1788416880000,77749.69000000,77749.69000000,77749.69000000,77749.69000000,0.00000000
1788416940000,77749.69000000,77749.69000000,77749.69000000,77749.69000000,0.00000000
1788417000000,77749.69000000,77749.69000000,77749.69000000,77749.69000000,0.00000000
1788417060000,77749.69000000,77749.69000000,77749.69000000,77749.69000000,0.00000000
1788417120000,77749.69000000,77749.69000000,77749.69000000,77749.69000000,0.00000000
1788417180000,77749.69000000,77749.69000000,77749.69000000,77749.69000000,0.00000000
1788417240000,77749.69000000,77749.69000000,77749.69000000,77749.69000000,0.00000000
1788417300000,77781.40000000,77781.40000000,77781.40000000,77781.40000000,0.00032000
1788417360000,77781.40000000,77781.40000000,77781.40000000,77781.40000000,0.00000000
1788417420000,77781.40000000,77781.40000000,77781.40000000,77781.40000000,0.00000000
1788417480000,77781.40000000,77781.40000000,77781.40000000,77781.40000000,0.00000000
1788417540000,77781.40000000,77781.40000000,77781.40000000,77781.40000000,0.00000000
1788417600000,77781.40000000,77781.40000000,77781.40000000,77781.40000000,0.00000000
1788417660000,77781.40000000,77781.40000000,77781.40000000,77781.40000000,0.00000000
1788417720000,77781.40000000,77781.40000000,77781.40000000,77781.40000000,0.00000000
1788417780000,77781.36000000,77781.36000000,77781.36000000,77781.36000000,0.00247000
1788417840000,77781.36000000,77781.36000000,77781.36000000,77781.36000000,0.00000000
1788417900000,77781.36000000,77781.36000000,77781.36000000,77781.36000000,0.00000000
1788417960000,77781.36000000,77781.36000000,77781.36000000,77781.36000000,0.00000000
1788418020000,77781.36000000,77781.36000000,77781.36000000,77781.36000000,0.00000000
1788418080000,77826.83000000,77826.83000000,77823.66000000,77825.00000000,0.02789000
1788418140000,77825.00000000,77825.00000000,77825.00000000,77825.00000000,0.00000000
1788418200000,77825.00000000,77825.00000000,77825.00000000,77825.00000000,0.00000000
1788418260000,77824.07000000,77824.07000000,77820.20000000,77820.20000000,0.12747000
1788418320000,77820.00000000,77820.00000000,77820.00000000,77820.00000000,0.80824000
1788418380000,77820.00000000,77820.00000000,77820.00000000,77820.00000000,0.00000000
1788418440000,77796.11000000,77800.00000000,77796.11000000,77800.00000000,0.94533000
1788418500000,77800.01000000,77800.01000000,77800.01000000,77800.01000000,0.00028000
1788418560000,77800.01000000,77800.01000000,77800.01000000,77800.01000000,0.00000000
1788418620000,77800.01000000,77800.01000000,77800.01000000,77800.01000000,0.00000000
1788418680000,77800.00000000,77800.00000000,77800.00000000,77800.00000000,0.00430000
1788418740000,77800.01000000,77807.78000000,77800.01000000,77807.78000000,0.04367000
1788418800000,77826.88000000,77826.88000000,77821.40000000,77821.40000000,0.03955000
1788418860000,77828.91000000,77858.76000000,77828.91000000,77854.86000000,0.06941000
1788418920000,77851.87000000,77851.87000000,77851.87000000,77851.87000000,0.00014000
1788418980000,77876.54000000,77876.54000000,77876.54000000,77876.54000000,0.01456000
1788419040000,77870.97000000,78110.66000000,77870.97000000,78092.63000000,0.33149000
1788419100000,78125.17000000,78133.91000000,78123.85000000,78133.91000000,0.05548000
1788419160000,78142.20000000,78142.20000000,78125.17000000,78125.17000000,1.97578000
1788419220000,78043.49000000,78043.49000000,78042.47000000,78042.47000000,0.00021000
1788419280000,78060.47000000,78060.47000000,78060.47000000,78060.47000000,0.00046000
1788419340000,78038.76000000,78038.76000000,78038.76000000,78038.76000000,0.00025000
1788419400000,78038.76000000,78038.76000000,78038.76000000,78038.76000000,0.00000000
1788419460000,78038.76000000,78038.76000000,78038.76000000,78038.76000000,0.00000000
1788419520000,78038.76000000,78038.76000000,78038.76000000,78038.76000000,0.00000000
1788419580000,78098.35000000,78101.91000000,78098.35000000,78101.91000000,0.00096000
1788419640000,78083.52000000,78083.52000000,78058.46000000,78058.46000000,0.00023000
1788419700000,78058.90000000,78060.49000000,77964.81000000,77966.14000000,0.00499000
1788419760000,77964.81000000,77970.09000000,77960.29000000,77965.89000000,0.18203000
1788419820000,77941.20000000,77948.79000000,77941.20000000,77948.79000000,0.07874000
1788419880000,77944.36000000,77944.36000000,77944.36000000,77944.36000000,0.00005000
1788419940000,77967.55000000,77967.55000000,77966.73000000,77966.73000000,0.09577000
1788420000000,77966.73000000,77966.73000000,77966.73000000,77966.73000000,0.00000000
1788420060000,77951.85000000,77951.85000000,77951.85000000,77951.85000000,0.00192000
1788420120000,77971.21000000,77986.78000000,77971.21000000,77986.78000000,0.68471000
1788420180000,77989.65000000,78005.22000000,77989.65000000,78005.22000000,0.00115000
1788420240000,78007.27000000,78008.00000000,78003.00000000,78003.00000000,0.98022000
1788420300000,78003.00000000,78003.00000000,78003.00000000,78003.00000000,0.00000000
1788420360000,78003.00000000,78003.00000000,78003.00000000,78003.00000000,0.00000000
1788420420000,77938.77000000,77938.77000000,77938.77000000,77938.77000000,0.00196000
1788420480000,77938.24000000,77938.24000000,77938.24000000,77938.24000000,0.00021000
1788420540000,77938.24000000,77938.24000000,77938.24000000,77938.24000000,0.00000000
1788420600000,77938.24000000,77938.24000000,77938.24000000,77938.24000000,0.00000000
1788420660000,77870.78000000,77870.78000000,77868.64000000,77868.64000000,0.00148000
1788420720000,77868.64000000,77868.64000000,77868.64000000,77868.64000000,0.00000000
1788420780000,77904.02000000,77904.02000000,77904.02000000,77904.02000000,0.00196000
1788420840000,77929.65000000,77929.65000000,77921.99000000,77921.99000000,0.01465000
1788420900000,77921.99000000,77921.99000000,77921.99000000,77921.99000000,0.00000000
1788420960000,77921.99000000,77921.99000000,77921.99000000,77921.99000000,0.00000000
1788421020000,77921.99000000,77921.99000000,77921.99000000,77921.99000000,0.00000000
1788421080000,77933.62000000,77933.62000000,77933.62000000,77933.62000000,0.00128000
1788421140000,77933.62000000,77933.62000000,77933.62000000,77933.62000000,0.00000000
1788421200000,77995.97000000,77995.97000000,77995.97000000,77995.97000000,0.00058000
1788421260000,78008.39000000,78031.76000000,78008.39000000,78031.76000000,0.00126000
1788421320000,78046.63000000,78047.41000000,78040.32000000,78042.93000000,0.01369000
1788421380000,78042.93000000,78042.93000000,78038.10000000,78038.10000000,0.05575000
1788421440000,78036.61000000,78036.61000000,77925.69000000,77925.69000000,0.10193000
1788421500000,77925.69000000,77925.69000000,77925.69000000,77925.69000000,0.00000000
1788421560000,77896.58000000,77896.58000000,77811.54000000,77840.79000000,0.00728000
1788421620000,77796.60000000,77796.60000000,77796.59000000,77796.59000000,0.00013000
1788421680000,77787.04000000,77787.04000000,77754.25000000,77754.25000000,0.00773000
1788421740000,77745.80000000,77751.96000000,77745.32000000,77745.32000000,0.00521000
1788421800000,77739.60000000,77739.60000000,77687.50000000,77687.50000000,0.00174000
1788421860000,77677.05000000,77677.05000000,77677.05000000,77677.05000000,0.00627000
1788421920000,77677.05000000,77677.05000000,77677.05000000,77677.05000000,0.00000000
1788421980000,77687.50000000,77687.50000000,77684.23000000,77684.23000000,1.51481000
1788422040000,77684.23000000,77684.23000000,77684.23000000,77684.23000000,0.00000000
1788422100000,77648.08000000,77648.08000000,77648.08000000,77648.08000000,0.00536000
1788422160000,77648.08000000,77648.08000000,77648.08000000,77648.08000000,0.00000000
1788422220000,77604.56000000,77612.43000000,77604.56000000,77612.43000000,0.02825000
1788422280000,77648.08000000,77648.08000000,77648.08000000,77648.08000000,0.47993000
1788422340000,77679.16000000,77679.16000000,77679.16000000,77679.16000000,0.00387000
1788422400000,77679.16000000,77679.16000000,77679.16000000,77679.16000000,0.00000000
1788422460000,77679.16000000,77679.16000000,77679.16000000,77679.16000000,0.00000000
1788422520000,77751.63000000,77751.63000000,77751.63000000,77751.63000000,0.00013000
1788422580000,77785.38000000,77872.95000000,77785.38000000,77872.95000000,0.02001000
1788422640000,77873.17000000,77882.65000000,77872.95000000,77872.95000000,0.46395000
1788422700000,77956.07000000,77985.73000000,77956.07000000,77974.15000000,0.03959000
1788422760000,77955.72000000,78033.67000000,77955.72000000,78033.67000000,0.00179000
1788422820000,78024.48000000,78059.71000000,78024.48000000,78059.71000000,0.05853000
1788422880000,78033.67000000,78033.67000000,78000.06000000,78000.06000000,1.51660000
1788422940000,77986.60000000,77986.60000000,77986.60000000,77986.60000000,0.00109000
1788423000000,77986.60000000,77986.60000000,77986.60000000,77986.60000000,0.00000000
1788423060000,77971.03000000,77971.03000000,77971.03000000,77971.03000000,0.00006000
1788423120000,77983.14000000,77986.51000000,77979.80000000,77979.80000000,0.24253000
1788423180000,77942.73000000,77942.73000000,77942.73000000,77942.73000000,0.00196000
1788423240000,77883.96000000,77918.72000000,77883.96000000,77918.72000000,2.03367000
1788423300000,77920.97000000,77920.97000000,77908.40000000,77920.97000000,0.11094000
1788423360000,77882.56000000,77899.02000000,77882.56000000,77883.20000000,0.11094000
1788423420000,77903.94000000,77903.94000000,77903.94000000,77903.94000000,0.00157000
1788423480000,77886.44000000,77903.94000000,77886.44000000,77903.94000000,0.10578000
1788423540000,77903.94000000,77903.94000000,77903.94000000,77903.94000000,0.10575000
1788423600000,77903.94000000,77903.94000000,77903.94000000,77903.94000000,0.00000000
1788423660000,77903.96000000,77903.96000000,77903.96000000,77903.96000000,0.00051000
1788423720000,77882.56000000,77882.56000000,77882.56000000,77882.56000000,0.00006000
1788423780000,77882.56000000,77882.56000000,77882.56000000,77882.56000000,0.00000000
1788423840000,77882.56000000,77882.56000000,77882.56000000,77882.56000000,0.00000000
1788423900000,77865.94000000,77865.94000000,77860.51000000,77860.51000000,0.00320000
1788423960000,77860.51000000,77860.51000000,77860.51000000,77860.51000000,0.00000000
1788424020000,77860.51000000,77860.51000000,77860.51000000,77860.51000000,0.00000000
1788424080000,77901.01000000,77901.01000000,77901.01000000,77901.01000000,0.00011000
1788424140000,77901.01000000,77901.01000000,77901.01000000,77901.01000000,0.00000000
1788424200000,77901.01000000,77901.01000000,77901.01000000,77901.01000000,0.00000000
1788424260000,77901.01000000,77901.01000000,77901.01000000,77901.01000000,0.00000000
1788424320000,77901.01000000,77901.01000000,77901.01000000,77901.01000000,0.00000000
1788424380000,77901.01000000,77901.01000000,77901.01000000,77901.01000000,0.00000000
1788424440000,77901.01000000,77901.01000000,77901.01000000,77901.01000000,0.00000000
1788424500000,77901.01000000,77901.01000000,77901.01000000,77901.01000000,0.00000000
1788424560000,77901.01000000,77901.01000000,77901.01000000,77901.01000000,0.00000000
1788424620000,77901.01000000,77901.01000000,77901.01000000,77901.01000000,0.00000000
1788424680000,77901.01000000,77901.01000000,77901.01000000,77901.01000000,0.00000000
1788424740000,77901.01000000,77901.01000000,77901.01000000,77901.01000000,0.00000000
1788424800000,77901.01000000,77901.01000000,77901.01000000,77901.01000000,0.00000000
1788424860000,77901.01000000,77901.01000000,77901.01000000,77901.01000000,0.00000000
1788424920000,77901.01000000,77901.01000000,77901.01000000,77901.01000000,0.00000000
1788424980000,77901.01000000,77901.01000000,77901.01000000,77901.01000000,0.00000000
1788425040000,77901.01000000,77901.01000000,77901.01000000,77901.01000000,0.00000000
1788425100000,77901.01000000,77901.01000000,77901.01000000,77901.01000000,0.00000000
1788425160000,77898.36000000,77898.36000000,77898.36000000,77898.36000000,0.00003000
1788425220000,77912.68000000,77912.68000000,77901.01000000,77901.01000000,0.01822000
1788425280000,77847.29000000,77847.29000000,77847.29000000,77847.29000000,0.00010000
1788425340000,77822.12000000,77822.12000000,77818.24000000,77818.24000000,0.01465000
1788425400000,77818.24000000,77818.24000000,77818.24000000,77818.24000000,0.00000000
1788425460000,77818.24000000,77818.24000000,77818.24000000,77818.24000000,0.00000000
1788425520000,77818.24000000,77818.24000000,77818.24000000,77818.24000000,0.00000000
1788425580000,77818.24000000,77818.24000000,77818.24000000,77818.24000000,0.00000000
1788425640000,77818.24000000,77818.24000000,77818.24000000,77818.24000000,0.00000000
1788425700000,77818.24000000,77818.24000000,77818.24000000,77818.24000000,0.00000000
1788425760000,77818.24000000,77818.24000000,77818.24000000,77818.24000000,0.00000000
1788425820000,77818.24000000,77818.24000000,77818.24000000,77818.24000000,0.00000000
1788425880000,77818.24000000,77818.24000000,77818.24000000,77818.24000000,0.00000000
1788425940000,77818.24000000,77818.24000000,77818.24000000,77818.24000000,0.00000000
1788426000000,77818.24000000,77818.24000000,77818.24000000,77818.24000000,0.00000000
1788426060000,77818.24000000,77818.24000000,77818.24000000,77818.24000000,0.00000000
1788426120000,77818.24000000,77818.24000000,77818.24000000,77818.24000000,0.00000000
1788426180000,77811.30000000,77811.30000000,77811.30000000,77811.30000000,0.00004000
1788426240000,77811.30000000,77811.30000000,77811.30000000,77811.30000000,0.00000000
1788426300000,77811.30000000,77811.30000000,77811.30000000,77811.30000000,0.00000000
1788426360000,77811.30000000,77811.30000000,77811.30000000,77811.30000000,0.00000000
1788426420000,77827.44000000,77827.44000000,77827.44000000,77827.44000000,0.00013000
1788426480000,77827.44000000,77827.44000000,77827.44000000,77827.44000000,0.00000000
1788426540000,77827.44000000,77827.44000000,77827.44000000,77827.44000000,0.00000000
1788426600000,77827.44000000,77827.44000000,77827.44000000,77827.44000000,0.00000000
1788426660000,77901.06000000,77901.06000000,77901.06000000,77901.06000000,0.00011000
1788426720000,77960.61000000,77971.85000000,77960.61000000,77971.85000000,0.00228000
1788426780000,77948.98000000,77948.98000000,77932.74000000,77932.74000000,0.01667000
1788426840000,77932.74000000,77932.74000000,77932.74000000,77932.74000000,0.00000000
1788426900000,77867.61000000,77867.61000000,77867.61000000,77867.61000000,0.00128000
1788426960000,77867.61000000,77867.61000000,77867.61000000,77867.61000000,0.00000000
1788427020000,77867.61000000,77867.61000000,77867.61000000,77867.61000000,0.00000000
1788427080000,77867.61000000,77867.61000000,77867.61000000,77867.61000000,0.00000000
1788427140000,77886.17000000,77886.17000000,77886.17000000,77886.17000000,0.00004000
1788427200000,77826.67000000,77827.37000000,77826.67000000,77827.37000000,0.02829000
1788427260000,77827.37000000,77827.37000000,77827.37000000,77827.37000000,0.00000000
1788427320000,77827.37000000,77827.37000000,77827.37000000,77827.37000000,0.00000000
1788427380000,77827.37000000,77827.37000000,77827.37000000,77827.37000000,0.00000000
1788427440000,77838.40000000,77838.40000000,77838.40000000,77838.40000000,0.00028000
1788427500000,77838.40000000,77838.40000000,77838.40000000,77838.40000000,0.00000000
1788427560000,77838.40000000,77838.40000000,77838.40000000,77838.40000000,0.00000000
1788427620000,77838.40000000,77838.40000000,77838.40000000,77838.40000000,0.00000000
1788427680000,77818.24000000,77818.24000000,77812.83000000,77812.83000000,0.00251000
1788427740000,77812.83000000,77812.83000000,77812.83000000,77812.83000000,0.00000000
1788427800000,77737.84000000,77750.38000000,77737.84000000,77750.38000000,0.00607000
1788427860000,77750.38000000,77750.38000000,77750.38000000,77750.38000000,0.00000000
1788427920000,77750.38000000,77750.38000000,77750.38000000,77750.38000000,0.00000000
1788427980000,77750.38000000,77750.38000000,77750.38000000,77750.38000000,0.00000000
1788428040000,77750.38000000,77750.38000000,77750.38000000,77750.38000000,0.00000000
1788428100000,77750.38000000,77750.38000000,77750.38000000,77750.38000000,0.00000000
1788428160000,77750.38000000,77750.38000000,77750.38000000,77750.38000000,0.00000000
1788428220000,77770.22000000,77770.22000000,77770.22000000,77770.22000000,0.00026000
1788428280000,77747.45000000,77747.45000000,77747.45000000,77747.45000000,0.00065000
1788428340000,77747.45000000,77747.45000000,77747.45000000,77747.45000000,0.00000000
1788428400000,77744.40000000,77744.40000000,77744.40000000,77744.40000000,0.00590000
1788428460000,77693.60000000,77693.60000000,77687.51000000,77687.51000000,0.00096000
1788428520000,77687.51000000,77687.51000000,77687.51000000,77687.51000000,0.00000000
1788428580000,77687.51000000,77687.51000000,77687.51000000,77687.51000000,0.00000000
1788428640000,77687.51000000,77687.51000000,77687.51000000,77687.51000000,0.00000000
1788428700000,77781.89000000,77783.75000000,77781.89000000,77783.75000000,0.03214000
1788428760000,77783.75000000,77783.75000000,77783.75000000,77783.75000000,0.00000000
1788428820000,77783.75000000,77783.75000000,77783.75000000,77783.75000000,0.00000000
1788428880000,77783.75000000,77783.75000000,77783.75000000,77783.75000000,0.00000000
1788428940000,77687.50000000,77687.50000000,77687.50000000,77687.50000000,0.00150000
1788429000000,77687.50000000,77687.50000000,77687.50000000,77687.50000000,0.00000000
1788429060000,77687.50000000,77687.50000000,77687.50000000,77687.50000000,0.00000000
1788429120000,77687.50000000,77687.50000000,77687.50000000,77687.50000000,0.00000000
1788429180000,77687.50000000,77687.50000000,77687.50000000,77687.50000000,0.00000000
1788429240000,77687.50000000,77687.50000000,77687.50000000,77687.50000000,0.00000000
1788429300000,77687.50000000,77687.50000000,77687.50000000,77687.50000000,0.00000000
1788429360000,77642.70000000,77642.70000000,77642.70000000,77642.70000000,0.00093000
1788429420000,77642.70000000,77642.70000000,77642.70000000,77642.70000000,0.00000000
1788429480000,77642.70000000,77642.70000000,77642.70000000,77642.70000000,0.00000000
1788429540000,77642.70000000,77642.70000000,77642.70000000,77642.70000000,0.00000000
1788429600000,77600.02000000,77630.10000000,77600.02000000,77630.10000000,0.00031000
1788429660000,77630.10000000,77630.10000000,77630.10000000,77630.10000000,0.00000000
1788429720000,77630.10000000,77630.10000000,77630.10000000,77630.10000000,0.00000000
1788429780000,77630.10000000,77630.10000000,77630.10000000,77630.10000000,0.00000000
1788429840000,77623.30000000,77650.63000000,77623.30000000,77650.63000000,0.00158000
1788429900000,77650.63000000,77650.63000000,77650.63000000,77650.63000000,0.00000000
1788429960000,77643.35000000,77643.35000000,77643.35000000,77643.35000000,0.00009000
1788430020000,77643.35000000,77643.35000000,77643.35000000,77643.35000000,0.00000000
1788430080000,77677.29000000,77677.29000000,77672.34000000,77672.34000000,0.01465000
1788430140000,77672.34000000,77672.34000000,77672.34000000,77672.34000000,0.00000000
1788430200000,77657.06000000,77657.06000000,77657.06000000,77657.06000000,0.00028000
1788430260000,77657.06000000,77657.06000000,77657.06000000,77657.06000000,0.00000000
1788430320000,77600.40000000,77600.40000000,77600.00000000,77600.00000000,0.03234000
1788430380000,77568.12000000,77568.12000000,77568.12000000,77568.12000000,0.00902000
1788430440000,77568.12000000,77568.12000000,77568.12000000,77568.12000000,0.00000000
1788430500000,77571.69000000,77571.69000000,77560.00000000,77560.00000000,0.04357000
1788430560000,77560.00000000,77560.00000000,77560.00000000,77560.00000000,0.00000000
1788430620000,77556.12000000,77556.12000000,77556.12000000,77556.12000000,0.00052000
1788430680000,77560.00000000,77598.33000000,77560.00000000,77598.33000000,0.70646000
1788430740000,77598.33000000,77598.33000000,77598.33000000,77598.33000000,0.00000000
1788430800000,77665.93000000,77665.93000000,77665.93000000,77665.93000000,0.01267000
1788430860000,77680.10000000,77680.10000000,77670.85000000,77670.91000000,0.00231000
1788430920000,77687.50000000,77687.50000000,77687.50000000,77687.50000000,0.00040000
1788430980000,77687.50000000,77687.50000000,77687.50000000,77687.50000000,0.00000000
1788431040000,77687.50000000,77687.50000000,77687.50000000,77687.50000000,0.00000000
1788431100000,77650.26000000,77654.14000000,77650.26000000,77654.14000000,0.00101000
1788431160000,77654.14000000,77654.14000000,77654.14000000,77654.14000000,0.00000000
1788431220000,77658.62000000,77658.62000000,77658.62000000,77658.62000000,0.00028000
1788431280000,77658.62000000,77658.62000000,77658.62000000,77658.62000000,0.00000000
1788431340000,77635.80000000,77635.80000000,77635.80000000,77635.80000000,0.00029000
1788431400000,77635.80000000,77635.80000000,77635.80000000,77635.80000000,0.00000000
1788431460000,77635.80000000,77635.80000000,77635.80000000,77635.80000000,0.00000000
1788431520000,77632.53000000,77632.53000000,77610.47000000,77610.47000000,0.01474000
1788431580000,77610.47000000,77610.47000000,77610.47000000,77610.47000000,0.00000000
1788431640000,77591.54000000,77595.59000000,77545.71000000,77545.71000000,0.04294000
1788431700000,77545.71000000,77545.71000000,77545.71000000,77545.71000000,0.00000000
1788431760000,77545.71000000,77545.71000000,77545.71000000,77545.71000000,0.00000000
1788431820000,77545.71000000,77545.71000000,77545.71000000,77545.71000000,0.00000000
1788431880000,77545.71000000,77545.71000000,77545.71000000,77545.71000000,0.00000000
1788431940000,77545.71000000,77545.71000000,77545.71000000,77545.71000000,0.00000000
1788432000000,77545.71000000,77545.71000000,77545.71000000,77545.71000000,0.00000000
1788432060000,77520.27000000,77520.27000000,77520.27000000,77520.27000000,0.00077000
1788432120000,77520.27000000,77520.27000000,77520.27000000,77520.27000000,0.00000000
1788432180000,77520.27000000,77520.27000000,77520.27000000,77520.27000000,0.00000000
1788432240000,77520.27000000,77520.27000000,77520.27000000,77520.27000000,0.00000000
1788432300000,77520.27000000,77520.27000000,77520.27000000,77520.27000000,0.00000000
1788432360000,77520.27000000,77520.27000000,77520.27000000,77520.27000000,0.00000000
1788432420000,77525.84000000,77525.84000000,77525.84000000,77525.84000000,0.00002000
1788432480000,77547.80000000,77570.86000000,77547.80000000,77570.86000000,0.02926000
1788432540000,77570.86000000,77570.86000000,77570.86000000,77570.86000000,0.00000000
1788432600000,77570.86000000,77570.86000000,77570.86000000,77570.86000000,0.00000000
1788432660000,77570.86000000,77570.86000000,77570.86000000,77570.86000000,0.00000000
1788432720000,77608.88000000,77734.55000000,77608.88000000,77734.55000000,0.02359000
1788432780000,77745.72000000,77745.72000000,77736.26000000,77736.26000000,0.00671000
1788432840000,77736.26000000,77736.26000000,77736.26000000,77736.26000000,0.00000000
1788432900000,77736.26000000,77736.26000000,77736.26000000,77736.26000000,0.00000000
1788432960000,77736.26000000,77736.26000000,77736.26000000,77736.26000000,0.00000000
1788433020000,77736.26000000,77736.26000000,77736.26000000,77736.26000000,0.00000000
1788433080000,77735.15000000,77744.04000000,77730.66000000,77730.66000000,0.02347000
1788433140000,77730.66000000,77730.66000000,77726.78000000,77726.78000000,0.00207000
1788433200000,77726.78000000,77726.78000000,77726.78000000,77726.78000000,0.00000000
1788433260000,77741.61000000,77744.18000000,77741.61000000,77744.18000000,0.00027000
1788433320000,77744.18000000,77744.18000000,77744.18000000,77744.18000000,0.00000000
1788433380000,77748.07000000,77748.07000000,77695.68000000,77710.44000000,0.15527000
1788433440000,77703.78000000,77725.07000000,77703.78000000,77725.07000000,0.00208000
1788433500000,77725.07000000,77725.07000000,77725.07000000,77725.07000000,0.00000000
1788433560000,77769.45000000,77773.85000000,77769.45000000,77773.85000000,0.00053000
1788433620000,77758.68000000,77773.85000000,77758.68000000,77773.85000000,0.30697000
1788433680000,77773.85000000,77773.85000000,77773.85000000,77773.85000000,1.73298000
1788433740000,77782.62000000,77819.20000000,77782.62000000,77809.56000000,0.02992000
1788433800000,77809.56000000,77809.56000000,77809.56000000,77809.56000000,0.00000000
1788433860000,77775.74000000,77775.74000000,77775.74000000,77775.74000000,0.01300000
1788433920000,77775.74000000,77775.74000000,77775.74000000,77775.74000000,0.00000000
1788433980000,77826.10000000,77826.10000000,77826.10000000,77826.10000000,0.00012000
1788434040000,77818.89000000,77818.89000000,77818.89000000,77818.89000000,0.00109000
1788434100000,77818.89000000,77877.27000000,77818.89000000,77856.98000000,0.06970000
1788434160000,77856.98000000,77856.98000000,77856.98000000,77856.98000000,0.00000000
1788434220000,77856.98000000,77856.98000000,77856.98000000,77856.98000000,0.00000000
1788434280000,77863.14000000,77889.71000000,77863.14000000,77889.71000000,0.02701000
1788434340000,77889.71000000,77889.71000000,77889.71000000,77889.71000000,0.00000000
1788434400000,77928.95000000,77928.95000000,77928.95000000,77928.95000000,0.02566000
1788434460000,77928.95000000,77928.95000000,77928.95000000,77928.95000000,0.00000000
1788434520000,77860.47000000,77860.47000000,77860.47000000,77860.47000000,0.01000000
1788434580000,77867.40000000,77867.40000000,77867.40000000,77867.40000000,0.00009000
1788434640000,77867.40000000,77867.40000000,77867.40000000,77867.40000000,0.00000000
1788434700000,77867.40000000,77867.40000000,77867.40000000,77867.40000000,0.00000000
1788434760000,77867.40000000,77867.40000000,77867.40000000,77867.40000000,0.00000000
1788434820000,77922.25000000,77922.25000000,77922.25000000,77922.25000000,0.00128000
1788434880000,77922.25000000,77922.25000000,77922.25000000,77922.25000000,0.00000000
1788434940000,77922.25000000,77922.25000000,77922.25000000,77922.25000000,0.00000000
1788435000000,77922.25000000,77922.25000000,77922.25000000,77922.25000000,0.00000000
1788435060000,77929.94000000,77929.94000000,77857.71000000,77910.16000000,0.12023000
1788435120000,77910.16000000,77910.16000000,77910.16000000,77910.16000000,0.00000000
1788435180000,77945.58000000,77961.37000000,77945.58000000,77961.37000000,0.00630000
1788435240000,77961.37000000,77961.37000000,77961.37000000,77961.37000000,0.00000000
1788435300000,77961.37000000,77961.37000000,77961.37000000,77961.37000000,0.00000000
1788435360000,77961.37000000,77961.37000000,77961.37000000,77961.37000000,0.00000000
1788435420000,77927.74000000,77927.74000000,77927.74000000,77927.74000000,0.00011000
1788435480000,77927.74000000,77927.74000000,77927.74000000,77927.74000000,0.00000000
1788435540000,77927.74000000,77927.74000000,77927.74000000,77927.74000000,0.00000000
1788435600000,77927.74000000,77927.74000000,77927.74000000,77927.74000000,0.00000000
1788435660000,77944.48000000,77944.48000000,77944.48000000,77944.48000000,0.01280000
1788435720000,77963.84000000,77963.84000000,77963.84000000,77963.84000000,0.00053000
1788435780000,77963.84000000,77963.84000000,77963.84000000,77963.84000000,0.00000000
1788435840000,77922.80000000,77922.80000000,77922.80000000,77922.80000000,0.00042000
1788435900000,77922.80000000,77922.80000000,77922.80000000,77922.80000000,0.00000000
1788435960000,77963.87000000,77963.87000000,77963.87000000,77963.87000000,0.00913000
1788436020000,77963.87000000,77963.87000000,77963.87000000,77963.87000000,0.00000000
1788436080000,77909.74000000,77909.74000000,77909.74000000,77909.74000000,0.00011000
1788436140000,77898.60000000,77898.60000000,77898.60000000,77898.60000000,0.01725000
1788436200000,77892.11000000,77892.11000000,77887.12000000,77887.12000000,0.01659000
1788436260000,77900.93000000,77900.93000000,77900.93000000,77900.93000000,0.00028000
1788436320000,77926.57000000,77926.57000000,77926.57000000,77926.57000000,0.00008000
1788436380000,77930.55000000,77930.55000000,77930.55000000,77930.55000000,0.00026000
1788436440000,77927.44000000,77927.44000000,77927.44000000,77927.44000000,0.00005000
1788436500000,77902.45000000,77949.68000000,77902.45000000,77949.68000000,0.03660000
1788436560000,77950.45000000,77950.45000000,77950.45000000,77950.45000000,0.00005000
1788436620000,77950.45000000,77950.45000000,77950.45000000,77950.45000000,0.00000000
1788436680000,77950.45000000,77950.45000000,77950.45000000,77950.45000000,0.00000000
1788436740000,77966.29000000,77966.29000000,77966.29000000,77966.29000000,0.00513000
1788436800000,77966.29000000,77966.29000000,77966.29000000,77966.29000000,0.00000000
1788436860000,77940.98000000,77940.98000000,77911.84000000,77911.84000000,0.00023000
1788436920000,77911.84000000,77911.84000000,77911.84000000,77911.84000000,0.00000000
1788436980000,77911.84000000,77911.84000000,77911.84000000,77911.84000000,0.00000000
1788437040000,77910.82000000,77910.82000000,77910.82000000,77910.82000000,0.00004000
1788437100000,77910.82000000,77910.82000000,77910.82000000,77910.82000000,0.00000000
1788437160000,77917.32000000,77917.32000000,77917.32000000,77917.32000000,0.00071000
1788437220000,77921.22000000,77921.22000000,77921.22000000,77921.22000000,0.00006000
1788437280000,77902.89000000,77902.89000000,77902.89000000,77902.89000000,0.00004000
1788437340000,77950.65000000,77950.65000000,77950.65000000,77950.65000000,0.00006000
1788437400000,77960.97000000,78011.38000000,77960.97000000,78011.38000000,0.06627000
1788437460000,78026.74000000,78052.09000000,78026.45000000,78052.09000000,0.03523000
1788437520000,78006.52000000,78054.09000000,78006.52000000,78054.09000000,0.01850000
1788437580000,78032.89000000,78032.89000000,78032.89000000,78032.89000000,0.00006000
1788437640000,78053.20000000,78093.05000000,78053.20000000,78093.05000000,0.04744000
1788437700000,78071.16000000,78071.16000000,78071.16000000,78071.16000000,0.01000000
1788437760000,78071.16000000,78071.16000000,78071.16000000,78071.16000000,0.00000000
1788437820000,78071.16000000,78071.16000000,78031.27000000,78031.27000000,0.00406000
1788437880000,77993.89000000,77993.89000000,77993.89000000,77993.89000000,0.00010000
1788437940000,77993.89000000,77993.89000000,77993.89000000,77993.89000000,0.00000000
1788438000000,77993.89000000,77993.89000000,77993.89000000,77993.89000000,0.00000000
1788438060000,77993.89000000,77993.89000000,77993.89000000,77993.89000000,0.00000000
1788438120000,77993.89000000,77993.89000000,77993.89000000,77993.89000000,0.00000000
1788438180000,77993.89000000,77993.89000000,77993.89000000,77993.89000000,0.00000000
1788438240000,77993.89000000,77993.89000000,77993.89000000,77993.89000000,0.00000000
1788438300000,77993.89000000,77993.89000000,77993.89000000,77993.89000000,0.00000000
1788438360000,77953.11000000,77953.11000000,77949.91000000,77949.91000000,0.00320000
1788438420000,77949.91000000,77949.91000000,77949.91000000,77949.91000000,0.00000000
1788438480000,77949.91000000,77949.91000000,77949.91000000,77949.91000000,0.00000000
1788438540000,77949.91000000,77949.91000000,77949.91000000,77949.91000000,0.00000000
1788438600000,77965.29000000,78247.64000000,77965.29000000,78195.23000000,1.41555000
1788438660000,78205.98000000,78207.08000000,78188.23000000,78205.73000000,0.00385000
1788438720000,78238.97000000,78429.42000000,78234.03000000,78269.98000000,0.11166000
1788438780000,78349.06000000,78349.06000000,78349.06000000,78349.06000000,0.00003000
1788438840000,78319.37000000,78319.37000000,78319.37000000,78319.37000000,0.00004000
1788438900000,78235.17000000,78235.17000000,78235.17000000,78235.17000000,0.00021000
1788438960000,78212.34000000,78244.96000000,78212.34000000,78244.96000000,0.00661000
1788439020000,78244.96000000,78244.96000000,78244.96000000,78244.96000000,0.00000000
1788439080000,78350.00000000,78350.00000000,78350.00000000,78350.00000000,0.03232000
1788439140000,78350.00000000,78350.00000000,78350.00000000,78350.00000000,0.00000000
1788439200000,78330.05000000,78330.23000000,78330.05000000,78330.23000000,0.00834000
1788439260000,78345.61000000,78345.97000000,78274.08000000,78274.08000000,0.02973000
1788439320000,78287.32000000,78287.32000000,78285.56000000,78285.56000000,0.00638000
1788439380000,78285.56000000,78285.56000000,78285.56000000,78285.56000000,0.00000000
1788439440000,78285.56000000,78285.56000000,78285.56000000,78285.56000000,0.00000000
1788439500000,78260.46000000,78260.46000000,78260.46000000,78260.46000000,0.00048000
1788439560000,78278.62000000,78310.74000000,78278.62000000,78310.74000000,0.00287000
1788439620000,78310.74000000,78310.74000000,78310.74000000,78310.74000000,0.00000000
1788439680000,78310.74000000,78310.74000000,78310.74000000,78310.74000000,0.00000000
1788439740000,78359.18000000,78359.18000000,78359.18000000,78359.18000000,0.00031000
1788439800000,78397.94000000,78397.94000000,78347.29000000,78350.46000000,0.03863000
1788439860000,78362.69000000,78362.69000000,78354.79000000,78354.79000000,0.00638000
1788439920000,78417.40000000,78478.40000000,78417.40000000,78468.98000000,0.10278000
1788439980000,78470.00000000,78520.62000000,78470.00000000,78520.62000000,0.01786000
1788440040000,78520.62000000,78576.54000000,78520.62000000,78575.00000000,0.29223000
1788440100000,78575.00000000,78687.50000000,78575.00000000,78627.85000000,0.38594000
1788440160000,78636.85000000,78679.07000000,78636.85000000,78679.07000000,0.15882000
1788440220000,78675.44000000,78755.38000000,78675.44000000,78755.38000000,0.00680000
1788440280000,78755.38000000,78766.97000000,78754.71000000,78766.97000000,0.01199000
1788440340000,78763.11000000,78763.11000000,78666.79000000,78666.79000000,0.02084000
1788440400000,78670.00000000,78670.00000000,78559.25000000,78559.25000000,0.26929000
1788440460000,78601.57000000,78601.57000000,78601.57000000,78601.57000000,0.00010000
1788440520000,78654.93000000,78654.93000000,78594.42000000,78594.42000000,0.03254000
1788440580000,78688.20000000,78691.10000000,78688.20000000,78691.10000000,0.00123000
1788440640000,78658.98000000,78658.98000000,78610.42000000,78610.42000000,0.00935000
1788440700000,78590.51000000,78590.51000000,78590.51000000,78590.51000000,0.00013000
1788440760000,78593.74000000,78593.74000000,78593.74000000,78593.74000000,0.00219000
1788440820000,78542.12000000,78542.12000000,78534.77000000,78534.77000000,0.00204000
1788440880000,78557.46000000,78564.06000000,78557.46000000,78564.06000000,0.01457000
1788440940000,78551.17000000,78554.41000000,78523.11000000,78523.11000000,0.00146000
1788441000000,78524.91000000,78524.91000000,78524.91000000,78524.91000000,0.00094000
1788441060000,78524.41000000,78524.41000000,78524.41000000,78524.41000000,0.00107000
1788441120000,78572.79000000,78572.79000000,78572.79000000,78572.79000000,0.00006000
1788441180000,78580.42000000,78585.30000000,78569.00000000,78569.00000000,0.00041000
1788441240000,78543.69000000,78543.69000000,78543.69000000,78543.69000000,0.00509000
1788441300000,78556.63000000,78556.63000000,78555.35000000,78555.35000000,0.00123000
1788441360000,78540.67000000,78540.67000000,78540.67000000,78540.67000000,0.00031000
1788441420000,78540.67000000,78540.67000000,78540.67000000,78540.67000000,0.00000000
1788441480000,78509.00000000,78509.00000000,78496.43000000,78496.43000000,0.00027000
1788441540000,78479.09000000,78479.09000000,78479.09000000,78479.09000000,0.00095000
1788441600000,78488.29000000,78488.29000000,78488.29000000,78488.29000000,0.00127000
1788441660000,78488.29000000,78488.29000000,78488.29000000,78488.29000000,0.00000000
1788441720000,78557.95000000,78564.45000000,78557.95000000,78564.45000000,0.00208000
1788441780000,78586.44000000,78586.44000000,78586.44000000,78586.44000000,0.00006000
1788441840000,78577.81000000,78577.81000000,78577.81000000,78577.81000000,0.00051000
1788441900000,78584.58000000,78584.58000000,78547.55000000,78547.55000000,0.03993000
1788441960000,78527.77000000,78527.77000000,78527.77000000,78527.77000000,0.00011000
1788442020000,78527.77000000,78527.77000000,78527.77000000,78527.77000000,0.00000000
1788442080000,78527.77000000,78527.77000000,78527.77000000,78527.77000000,0.00000000
1788442140000,78527.77000000,78527.77000000,78527.77000000,78527.77000000,0.00000000
1788442200000,78527.77000000,78527.77000000,78527.77000000,78527.77000000,0.00000000
1788442260000,78603.47000000,78640.98000000,78603.47000000,78640.98000000,0.02558000
1788442320000,78634.39000000,78634.39000000,78598.18000000,78598.18000000,0.00122000
1788442380000,78627.91000000,78650.00000000,78627.91000000,78650.00000000,0.00645000
1788442440000,78673.74000000,78673.74000000,78632.00000000,78632.00000000,0.00230000
1788442500000,78637.30000000,78660.98000000,78637.30000000,78656.12000000,0.00423000
1788442560000,78595.11000000,78595.11000000,78570.36000000,78570.36000000,0.01554000
1788442620000,78625.05000000,78625.05000000,78625.05000000,78625.05000000,0.00010000
1788442680000,78664.90000000,78810.49000000,78664.90000000,78776.17000000,0.44576000
1788442740000,78805.00000000,78855.93000000,78798.60000000,78855.93000000,0.02166000
1788442800000,78855.95000000,78873.93000000,78812.96000000,78812.96000000,0.01621000
1788442860000,78798.64000000,78881.30000000,78798.64000000,78881.30000000,0.00713000
1788442920000,78894.43000000,78905.75000000,78883.13000000,78883.13000000,0.00436000
1788442980000,78874.32000000,78874.32000000,78874.32000000,78874.32000000,0.00098000
1788443040000,78916.93000000,78917.28000000,78905.17000000,78908.79000000,0.01665000
1788443100000,78908.06000000,78972.00000000,78908.06000000,78972.00000000,0.00761000
1788443160000,78933.44000000,78974.61000000,78933.44000000,78974.61000000,0.00125000
1788443220000,78931.05000000,78931.05000000,78900.58000000,78900.58000000,0.00656000
1788443280000,78900.58000000,78900.58000000,78900.58000000,78900.58000000,0.00000000
1788443340000,78829.22000000,78829.22000000,78829.22000000,78829.22000000,0.00005000
1788443400000,78829.87000000,78940.28000000,78829.87000000,78935.35000000,0.00498000
1788443460000,78935.35000000,78935.35000000,78935.35000000,78935.35000000,0.00000000
1788443520000,78911.96000000,78911.96000000,78911.96000000,78911.96000000,0.00010000
1788443580000,78856.23000000,78856.23000000,78856.23000000,78856.23000000,0.01267000
1788443640000,78795.88000000,78795.88000000,78795.28000000,78795.28000000,0.00190000
1788443700000,78782.34000000,78785.09000000,78782.34000000,78785.09000000,0.01140000
1788443760000,78785.09000000,78785.09000000,78785.09000000,78785.09000000,0.00000000
1788443820000,78798.21000000,78798.21000000,78798.21000000,78798.21000000,0.00010000
1788443880000,78798.21000000,78798.21000000,78798.21000000,78798.21000000,0.00000000
1788443940000,78798.21000000,78798.21000000,78798.21000000,78798.21000000,0.00000000
1788444000000,78792.31000000,78792.31000000,78690.11000000,78690.11000000,0.02693000
1788444060000,78763.52000000,78763.52000000,78763.52000000,78763.52000000,0.00025000
1788444120000,78838.29000000,78838.67000000,78806.99000000,78832.53000000,0.00654000
1788444180000,78808.25000000,78890.01000000,78808.25000000,78890.01000000,0.00035000
1788444240000,78890.01000000,78890.01000000,78890.01000000,78890.01000000,0.00000000
1788444300000,78916.70000000,78916.70000000,78916.70000000,78916.70000000,0.00025000
1788444360000,78880.68000000,78880.68000000,78880.68000000,78880.68000000,0.00030000
1788444420000,78942.00000000,78942.00000000,78918.20000000,78918.20000000,0.00158000
1788444480000,78881.61000000,78887.55000000,78881.61000000,78887.55000000,0.01459000
1788444540000,78887.55000000,78887.55000000,78887.55000000,78887.55000000,0.00000000
1788444600000,78874.70000000,78874.70000000,78874.70000000,78874.70000000,0.00266000
1788444660000,78834.69000000,78868.78000000,78834.69000000,78868.78000000,0.01129000
1788444720000,78949.12000000,78974.66000000,78917.31000000,78917.31000000,0.00242000
1788444780000,78921.73000000,78921.73000000,78921.73000000,78921.73000000,0.00019000
1788444840000,78948.39000000,78948.39000000,78948.39000000,78948.39000000,0.00370000
1788444900000,78996.11000000,79000.00000000,78996.11000000,79000.00000000,0.00620000
1788444960000,79000.00000000,79062.54000000,79000.00000000,79062.54000000,0.12367000
1788445020000,79058.54000000,79093.17000000,79058.54000000,79093.17000000,0.00880000
1788445080000,79117.40000000,79117.40000000,79117.40000000,79117.40000000,0.00089000
1788445140000,79031.65000000,79031.65000000,78995.93000000,78997.84000000,0.01419000
1788445200000,79031.40000000,79101.34000000,79031.40000000,79101.34000000,0.00643000
1788445260000,79115.00000000,79125.00000000,79115.00000000,79125.00000000,0.00042000
1788445320000,79106.56000000,79202.63000000,79106.56000000,79202.63000000,0.52689000
1788445380000,79220.00000000,79300.00000000,79220.00000000,79282.55000000,0.04725000
1788445440000,79300.00000000,79369.25000000,79300.00000000,79362.26000000,0.06160000
1788445500000,79376.14000000,79500.00000000,79376.14000000,79479.15000000,0.14313000
1788445560000,79469.40000000,79550.00000000,79469.40000000,79550.00000000,0.04069000
1788445620000,79572.87000000,79578.58000000,79549.91000000,79572.28000000,0.01268000
1788445680000,79580.05000000,79656.10000000,79577.10000000,79605.09000000,0.16037000
1788445740000,79574.90000000,79656.99000000,79574.90000000,79656.99000000,0.00192000
1788445800000,79654.41000000,79757.16000000,79634.59000000,79730.78000000,0.02790000
1788445860000,79748.72000000,79781.01000000,79699.88000000,79772.04000000,0.02896000
1788445920000,79785.21000000,79848.75000000,79780.84000000,79848.75000000,0.32501000
1788445980000,79857.46000000,79863.24000000,79732.95000000,79738.28000000,0.07159000
1788446040000,79707.59000000,79707.59000000,79707.59000000,79707.59000000,0.00113000
1788446100000,79707.59000000,79707.59000000,79707.59000000,79707.59000000,0.00000000
1788446160000,79707.59000000,79707.59000000,79707.59000000,79707.59000000,0.00000000
1788446220000,79703.67000000,79703.67000000,79671.37000000,79675.47000000,0.24976000
1788446280000,79755.04000000,79768.00000000,79755.04000000,79768.00000000,0.01751000
1788446340000,79788.79000000,79798.92000000,79691.71000000,79691.71000000,0.00409000
1788446400000,79691.71000000,79691.71000000,79691.71000000,79691.71000000,0.00000000
1788446460000,79622.39000000,79675.10000000,79622.39000000,79648.08000000,0.00808000
1788446520000,79844.00000000,79844.00000000,79844.00000000,79844.00000000,0.00136000
1788446580000,79831.45000000,79848.28000000,79814.01000000,79814.01000000,0.25334000
1788446640000,79806.86000000,79806.86000000,79759.49000000,79759.49000000,0.01316000
1788446700000,79759.49000000,79759.49000000,79759.49000000,79759.49000000,0.00000000
1788446760000,79862.44000000,79940.00000000,79862.44000000,79940.00000000,0.18623000
1788446820000,79940.00000000,79988.00000000,79940.00000000,79988.00000000,1.01941000
1788446880000,79988.00000000,80312.96000000,79988.00000000,80312.96000000,0.23284000
1788446940000,80330.87000000,80473.70000000,80330.87000000,80400.75000000,0.11745000
1788447000000,80437.77000000,80437.77000000,80279.13000000,80317.28000000,0.05353000
1788447060000,80260.09000000,80260.09000000,80139.86000000,80166.45000000,0.05304000
1788447120000,80134.69000000,80209.09000000,80109.00000000,80188.44000000,0.00747000
1788447180000,80176.77000000,80240.12000000,80176.77000000,80240.12000000,0.00117000
1788447240000,80240.12000000,80240.12000000,80240.12000000,80240.12000000,0.00000000
1788447300000,80240.12000000,80240.12000000,80240.12000000,80240.12000000,0.00000000
1788447360000,80269.03000000,80269.03000000,80148.65000000,80150.68000000,0.21930000
1788447420000,80270.93000000,80368.22000000,80243.17000000,80281.20000000,0.13644000
1788447480000,80387.52000000,80457.93000000,80387.52000000,80447.37000000,0.02160000
1788447540000,80451.46000000,80523.71000000,80415.46000000,80523.71000000,0.09797000
1788447600000,80550.00000000,80620.09000000,80523.71000000,80523.71000000,0.06183000
1788447660000,80571.53000000,80819.24000000,80571.53000000,80705.61000000,1.93633000
1788447720000,80766.26000000,80948.51000000,80766.26000000,80880.25000000,0.13596000
1788447780000,80806.61000000,80896.69000000,80743.64000000,80896.69000000,0.06782000
1788447840000,80939.06000000,80955.13000000,80720.47000000,80748.07000000,0.04325000
1788447900000,80780.11000000,80866.65000000,80741.57000000,80866.65000000,0.01038000
1788447960000,80772.33000000,80772.33000000,80713.74000000,80719.28000000,0.00333000
1788448020000,80675.08000000,80697.77000000,80666.23000000,80677.30000000,0.11321000
1788448080000,80662.20000000,80687.51000000,80646.07000000,80687.50000000,0.35796000
1788448140000,80670.82000000,80670.82000000,80572.72000000,80572.72000000,0.03941000
1788448200000,80588.15000000,80588.15000000,80541.72000000,80541.72000000,0.03463000
1788448260000,80528.23000000,80533.52000000,80462.49000000,80462.49000000,0.00692000
1788448320000,80438.26000000,80438.26000000,80375.89000000,80375.89000000,0.01294000
1788448380000,80474.38000000,80562.73000000,80474.38000000,80561.72000000,0.00269000
1788448440000,80603.44000000,80603.44000000,80603.44000000,80603.44000000,0.00005000
1788448500000,80575.09000000,80640.46000000,80560.77000000,80560.77000000,0.16772000
1788448560000,80560.77000000,80560.77000000,80560.77000000,80560.77000000,0.00000000
1788448620000,80510.13000000,80510.13000000,80507.58000000,80507.58000000,0.00402000
1788448680000,80516.22000000,80649.11000000,80516.22000000,80649.11000000,0.25550000
1788448740000,80623.52000000,80623.52000000,80568.09000000,80612.34000000,0.01841000
1788448800000,80628.24000000,80628.24000000,80572.42000000,80578.53000000,0.01109000
1788448860000,80617.71000000,80617.71000000,80617.71000000,80617.71000000,0.00138000
1788448920000,80653.72000000,80653.72000000,80624.07000000,80624.07000000,0.02395000
1788448980000,80674.28000000,80762.68000000,80674.28000000,80762.68000000,0.09715000
1788449040000,80775.06000000,80777.81000000,80768.59000000,80769.78000000,0.01060000
1788449100000,80709.85000000,80709.85000000,80671.60000000,80674.02000000,0.00821000
1788449160000,80643.08000000,80666.81000000,80643.08000000,80666.81000000,0.00209000
1788449220000,80708.93000000,80708.93000000,80699.51000000,80699.51000000,0.01436000
1788449280000,80699.51000000,80699.51000000,80699.51000000,80699.51000000,0.00000000
1788449340000,80731.79000000,80769.33000000,80731.79000000,80738.84000000,0.03257000
1788449400000,80747.44000000,80747.44000000,80741.99000000,80741.99000000,0.00104000
1788449460000,80772.47000000,80796.17000000,80772.47000000,80796.17000000,0.00139000
1788449520000,80757.24000000,80757.24000000,80757.24000000,80757.24000000,0.00386000
1788449580000,80824.14000000,80835.20000000,80824.14000000,80825.88000000,0.01783000
1788449640000,80855.00000000,80855.00000000,80829.67000000,80829.67000000,0.05323000
1788449700000,80873.39000000,80873.39000000,80867.70000000,80867.70000000,0.00374000
1788449760000,80900.00000000,80912.85000000,80899.06000000,80899.06000000,0.01369000
1788449820000,80899.06000000,80899.06000000,80899.06000000,80899.06000000,0.00000000
1788449880000,80899.06000000,80899.06000000,80899.06000000,80899.06000000,0.00000000
1788449940000,80922.05000000,80965.39000000,80921.73000000,80965.39000000,0.24525000
1788450000000,80965.39000000,80993.70000000,80965.39000000,80993.70000000,0.02513000
1788450060000,80957.84000000,80957.84000000,80914.66000000,80950.06000000,0.00572000
1788450120000,80937.39000000,80937.39000000,80937.39000000,80937.39000000,0.00008000
1788450180000,80937.39000000,80937.39000000,80937.39000000,80937.39000000,0.00000000
1788450240000,80952.21000000,80952.21000000,80887.67000000,80887.67000000,0.02743000
1788450300000,80863.16000000,80863.16000000,80863.16000000,80863.16000000,0.00123000
1788450360000,80796.17000000,80796.17000000,80762.68000000,80762.68000000,0.00369000
1788450420000,80730.74000000,80735.56000000,80727.96000000,80735.56000000,0.00494000
1788450480000,80742.77000000,80742.77000000,80742.77000000,80742.77000000,0.00133000
1788450540000,80748.23000000,80763.62000000,80748.23000000,80753.08000000,0.03569000
1788450600000,80780.69000000,80857.73000000,80780.69000000,80857.73000000,0.00321000
1788450660000,80896.65000000,81057.24000000,80896.65000000,81057.24000000,0.80801000
1788450720000,81039.17000000,81270.11000000,81039.17000000,81251.36000000,0.04244000
1788450780000,81201.11000000,81228.39000000,81201.11000000,81214.90000000,0.00382000
1788450840000,81181.74000000,81231.59000000,81181.74000000,81231.59000000,0.00538000
1788450900000,81271.85000000,81280.24000000,81147.71000000,81152.48000000,0.02952000
1788450960000,81239.15000000,81239.15000000,81239.15000000,81239.15000000,0.00893000
1788451020000,81286.40000000,81300.00000000,81286.40000000,81300.00000000,0.04293000
1788451080000,81282.87000000,81339.61000000,81282.87000000,81329.14000000,0.01983000
1788451140000,81332.06000000,81359.01000000,81332.06000000,81342.73000000,0.01743000
1788451200000,81342.73000000,81342.73000000,81323.27000000,81323.27000000,0.00497000
1788451260000,81281.24000000,81281.24000000,81281.24000000,81281.24000000,0.00011000
1788451320000,81226.33000000,81226.33000000,81109.35000000,81109.35000000,0.01265000
1788451380000,81097.62000000,81097.62000000,80899.53000000,80899.53000000,0.04206000
1788451440000,80915.54000000,80916.38000000,80802.10000000,80802.10000000,0.00369000
1788451500000,80812.93000000,80917.47000000,80802.10000000,80845.94000000,2.06918000
1788451560000,80885.49000000,80885.49000000,80824.56000000,80824.56000000,0.01428000
1788451620000,80830.59000000,80899.17000000,80830.59000000,80899.17000000,0.00045000
1788451680000,81000.00000000,81059.91000000,81000.00000000,81024.56000000,0.09376000
1788451740000,81016.93000000,81016.93000000,80989.50000000,80989.50000000,0.02497000
1788451800000,80968.33000000,81003.64000000,80945.85000000,81003.64000000,0.04233000
1788451860000,81030.23000000,81030.23000000,80991.91000000,80993.81000000,0.01638000
1788451920000,81010.04000000,81010.04000000,80940.07000000,80940.07000000,2.04098000
1788451980000,80929.81000000,80958.83000000,80929.81000000,80958.83000000,0.04002000
1788452040000,80912.52000000,80912.52000000,80912.52000000,80912.52000000,0.00173000
1788452100000,80946.67000000,80946.67000000,80901.59000000,80901.59000000,0.00519000
1788452160000,80901.59000000,80901.59000000,80901.59000000,80901.59000000,0.00000000
1788452220000,80854.11000000,80854.11000000,80812.35000000,80812.35000000,0.03387000
1788452280000,80796.17000000,80796.17000000,80746.09000000,80754.48000000,0.16414000
1788452340000,80754.48000000,80754.48000000,80713.15000000,80713.15000000,1.90407000
1788452400000,80768.20000000,80808.51000000,80768.20000000,80800.94000000,0.02306000
1788452460000,80843.17000000,80843.17000000,80839.56000000,80839.56000000,0.00268000
1788452520000,80843.79000000,80843.79000000,80838.70000000,80838.70000000,0.00276000
1788452580000,80802.05000000,80802.05000000,80750.24000000,80750.24000000,0.00427000
1788452640000,80749.05000000,80749.05000000,80749.05000000,80749.05000000,0.00147000
1788452700000,80723.23000000,80723.23000000,80630.14000000,80651.28000000,0.02545000
1788452760000,80680.79000000,80680.79000000,80647.77000000,80663.17000000,0.04546000
1788452820000,80703.00000000,80710.15000000,80667.48000000,80667.48000000,0.02389000
1788452880000,80654.32000000,80662.21000000,80613.88000000,80662.21000000,0.01785000
1788452940000,80698.51000000,80757.28000000,80698.51000000,80751.04000000,0.02657000
1788453000000,80751.04000000,80751.04000000,80751.04000000,80751.04000000,0.00000000
1788453060000,80849.99000000,80875.81000000,80849.99000000,80866.16000000,0.06242000
1788453120000,80863.99000000,80863.99000000,80859.02000000,80859.02000000,0.00068000
1788453180000,80859.02000000,80859.02000000,80859.02000000,80859.02000000,0.00000000
1788453240000,80906.84000000,80916.07000000,80891.81000000,80916.07000000,0.02915000
1788453300000,80909.16000000,80909.16000000,80880.05000000,80880.05000000,0.02254000
1788453360000,80883.60000000,80883.60000000,80849.28000000,80849.28000000,0.12571000
1788453420000,80859.72000000,80859.72000000,80810.56000000,80845.01000000,0.07767000
1788453480000,80857.06000000,80892.60000000,80857.06000000,80881.98000000,0.27277000
1788453540000,80872.20000000,80879.24000000,80864.19000000,80874.55000000,0.15975000
1788453600000,80846.85000000,80846.99000000,80846.85000000,80846.97000000,0.06617000
1788453660000,80862.17000000,80862.17000000,80840.56000000,80840.56000000,0.03214000
1788453720000,80826.94000000,80826.94000000,80818.76000000,80818.76000000,0.00256000
1788453780000,80818.76000000,80818.76000000,80818.76000000,80818.76000000,0.00000000
1788453840000,80818.76000000,80818.76000000,80818.76000000,80818.76000000,0.00000000
1788453900000,80818.76000000,80818.76000000,80818.76000000,80818.76000000,0.00000000
1788453960000,80894.51000000,80894.51000000,80894.51000000,80894.51000000,0.00222000
1788454020000,80936.73000000,80936.73000000,80936.73000000,80936.73000000,0.00370000
1788454080000,80945.86000000,80997.13000000,80945.86000000,80997.13000000,0.01714000
1788454140000,81014.76000000,81014.76000000,80969.61000000,80998.29000000,0.02667000
1788454200000,81003.35000000,81003.35000000,81003.35000000,81003.35000000,0.00015000
1788454260000,81003.35000000,81003.35000000,81003.35000000,81003.35000000,0.00000000
1788454320000,81003.35000000,81003.35000000,81003.35000000,81003.35000000,0.00000000
1788454380000,80963.56000000,80963.56000000,80927.93000000,80927.93000000,0.02655000
1788454440000,80927.93000000,80927.93000000,80927.93000000,80927.93000000,0.00000000
1788454500000,80927.93000000,80927.93000000,80927.93000000,80927.93000000,0.00000000
1788454560000,80972.98000000,80972.98000000,80972.98000000,80972.98000000,0.00307000
1788454620000,80954.20000000,80954.20000000,80943.82000000,80949.48000000,0.03159000
1788454680000,80949.48000000,80949.48000000,80949.48000000,80949.48000000,0.00000000
1788454740000,80976.00000000,80976.00000000,80976.00000000,80976.00000000,0.00246000
1788454800000,80954.22000000,80958.33000000,80924.24000000,80924.24000000,0.24919000
1788454860000,80924.24000000,80924.24000000,80924.24000000,80924.24000000,0.00000000
1788454920000,80924.24000000,80924.24000000,80924.24000000,80924.24000000,0.00000000
1788454980000,80908.49000000,80920.51000000,80908.49000000,80919.93000000,0.01905000
1788455040000,80937.73000000,80950.00000000,80937.73000000,80950.00000000,0.55198000
1788455100000,81003.37000000,81023.85000000,81003.37000000,81023.85000000,0.00031000
1788455160000,80964.64000000,80964.64000000,80911.53000000,80911.53000000,0.01457000
1788455220000,80911.53000000,80911.53000000,80911.53000000,80911.53000000,0.00000000
1788455280000,80962.49000000,80962.49000000,80962.49000000,80962.49000000,0.00124000
1788455340000,80992.50000000,81006.72000000,80992.50000000,81006.72000000,0.01234000
1788455400000,81002.44000000,81004.10000000,80974.31000000,80974.31000000,0.01345000
1788455460000,80984.84000000,81008.29000000,80979.09000000,81008.29000000,0.00101000
1788455520000,81020.82000000,81022.82000000,81004.28000000,81022.66000000,0.02108000
1788455580000,81030.63000000,81074.40000000,81030.63000000,81072.91000000,0.05279000
1788455640000,81082.85000000,81107.98000000,81082.85000000,81107.98000000,0.11715000
1788455700000,81107.98000000,81107.98000000,81107.98000000,81107.98000000,0.00000000
1788455760000,81113.36000000,81129.92000000,81082.41000000,81092.43000000,0.03012000
1788455820000,81129.92000000,81140.34000000,81105.58000000,81105.58000000,0.06566000
1788455880000,81073.91000000,81073.91000000,81073.91000000,81073.91000000,0.00396000
1788455940000,81068.08000000,81070.63000000,81068.08000000,81070.63000000,0.00341000
1788456000000,81030.63000000,81030.63000000,81030.63000000,81030.63000000,0.00123000
1788456060000,81064.12000000,81064.12000000,81059.92000000,81059.92000000,0.00186000
1788456120000,81059.92000000,81059.92000000,81059.92000000,81059.92000000,0.00000000
1788456180000,81059.92000000,81059.92000000,81059.92000000,81059.92000000,0.00000000
1788456240000,80997.13000000,80997.13000000,80963.64000000,80993.75000000,0.01443000
1788456300000,80993.75000000,80993.75000000,80993.75000000,80993.75000000,0.00000000
1788456360000,80995.29000000,80995.29000000,80995.29000000,80995.29000000,0.00017000
1788456420000,80995.29000000,80995.29000000,80995.29000000,80995.29000000,0.00000000
1788456480000,80981.54000000,80984.92000000,80981.54000000,80984.92000000,0.00208000
1788456540000,80984.92000000,80984.92000000,80984.92000000,80984.92000000,0.00000000
1788456600000,81037.73000000,81037.73000000,81037.73000000,81037.73000000,0.00142000
1788456660000,81037.73000000,81037.73000000,81037.73000000,81037.73000000,0.00000000
1788456720000,81060.00000000,81064.12000000,81060.00000000,81064.12000000,0.00354000
1788456780000,81085.04000000,81085.04000000,81085.04000000,81085.04000000,0.00012000
1788456840000,81097.61000000,81097.61000000,81097.61000000,81097.61000000,0.00134000
1788456900000,81112.89000000,81112.89000000,81077.25000000,81077.25000000,0.02581000
1788456960000,81121.05000000,81121.05000000,81121.05000000,81121.05000000,0.00035000
1788457020000,81131.11000000,81148.11000000,81131.11000000,81148.11000000,0.00457000
1788457080000,81131.08000000,81131.08000000,81094.34000000,81122.23000000,0.00788000
1788457140000,81144.51000000,81144.51000000,81139.77000000,81139.77000000,0.00638000
1788457200000,81164.60000000,81172.17000000,81143.79000000,81155.92000000,0.01549000
1788457260000,81147.60000000,81147.99000000,81129.53000000,81129.53000000,0.00880000
1788457320000,81117.28000000,81117.28000000,81095.24000000,81095.24000000,0.00322000
1788457380000,81095.24000000,81095.24000000,81095.24000000,81095.24000000,0.00000000
1788457440000,81090.81000000,81090.81000000,81090.81000000,81090.81000000,0.00005000
1788457500000,81072.95000000,81117.28000000,81070.90000000,81117.28000000,0.02370000
1788457560000,81168.11000000,81168.11000000,81162.76000000,81162.76000000,0.01000000
1788457620000,81165.24000000,81178.65000000,81156.26000000,81166.82000000,0.09512000
1788457680000,81162.35000000,81162.35000000,81162.35000000,81162.35000000,0.00030000
1788457740000,81147.13000000,81147.13000000,81147.13000000,81147.13000000,0.00034000
1788457800000,81147.13000000,81147.13000000,81147.13000000,81147.13000000,0.00000000
1788457860000,81133.36000000,81140.67000000,81088.03000000,81088.03000000,0.09055000
1788457920000,81081.69000000,81083.90000000,81064.80000000,81083.90000000,0.00616000
1788457980000,81102.08000000,81102.08000000,81071.99000000,81071.99000000,0.00811000
1788458040000,81064.12000000,81064.12000000,80999.93000000,81012.87000000,0.24769000
1788458100000,81024.92000000,81024.92000000,81024.92000000,81024.92000000,0.00004000
1788458160000,81024.92000000,81024.92000000,81024.92000000,81024.92000000,0.00000000
1788458220000,81024.92000000,81024.92000000,81024.92000000,81024.92000000,0.00000000
1788458280000,81024.92000000,81024.92000000,81024.92000000,81024.92000000,0.00000000
1788458340000,81012.68000000,81012.68000000,81006.75000000,81006.75000000,0.00218000
1788458400000,81047.65000000,81054.13000000,81047.65000000,81054.13000000,0.00027000
1788458460000,81053.60000000,81082.02000000,81053.60000000,81082.02000000,0.00155000
1788458520000,81097.61000000,81131.34000000,81097.61000000,81131.34000000,0.02589000
1788458580000,81137.63000000,81185.63000000,81137.63000000,81185.63000000,0.00071000
1788458640000,81186.60000000,81217.70000000,81162.76000000,81169.10000000,0.07645000
1788458700000,81170.28000000,81178.59000000,81138.91000000,81138.91000000,0.01323000
1788458760000,81153.95000000,81254.10000000,81153.95000000,81238.81000000,0.03009000
1788458820000,81273.82000000,81273.82000000,81241.58000000,81241.58000000,0.01991000
1788458880000,81242.07000000,81248.51000000,81205.88000000,81248.51000000,0.01226000
1788458940000,81232.56000000,81323.86000000,81225.60000000,81323.86000000,0.09573000
1788459000000,81312.71000000,81312.71000000,81233.02000000,81233.02000000,0.01741000
1788459060000,81241.23000000,81245.57000000,81177.29000000,81177.29000000,0.04175000
1788459120000,81164.60000000,81207.06000000,81164.23000000,81176.37000000,0.03571000
1788459180000,81177.35000000,81225.28000000,81171.76000000,81225.28000000,0.01372000
1788459240000,81245.95000000,81311.93000000,81245.95000000,81268.56000000,0.01438000
1788459300000,81250.72000000,81258.21000000,81247.85000000,81247.85000000,0.01745000
1788459360000,81245.95000000,81245.95000000,81211.90000000,81211.90000000,0.24010000
1788459420000,81211.90000000,81211.90000000,81211.90000000,81211.90000000,0.00000000
1788459480000,81211.90000000,81211.90000000,81211.90000000,81211.90000000,0.00000000
1788459540000,81165.97000000,81165.97000000,81165.97000000,81165.97000000,0.00011000
1788459600000,81142.94000000,81142.94000000,81142.93000000,81142.93000000,0.00055000
1788459660000,81149.51000000,81149.51000000,81128.55000000,81128.55000000,0.12418000
1788459720000,81128.55000000,81128.55000000,81128.55000000,81128.55000000,0.00000000
1788459780000,81097.61000000,81097.61000000,81060.03000000,81068.77000000,0.01337000
1788459840000,81068.17000000,81086.78000000,81068.17000000,81086.78000000,0.00062000
1788459900000,81068.81000000,81068.81000000,81068.81000000,81068.81000000,0.00007000
1788459960000,81068.81000000,81068.81000000,81068.81000000,81068.81000000,0.00000000
1788460020000,80986.27000000,80989.02000000,80981.74000000,80981.74000000,0.02666000
1788460080000,80981.74000000,80981.74000000,80981.74000000,80981.74000000,0.00000000
1788460140000,80981.74000000,80981.74000000,80981.74000000,80981.74000000,0.00000000
1788460200000,80931.06000000,80931.06000000,80931.06000000,80931.06000000,0.00092000
1788460260000,80973.28000000,80983.13000000,80916.81000000,80916.81000000,0.11553000
1788460320000,80916.81000000,80916.81000000,80916.81000000,80916.81000000,0.00000000
1788460380000,80916.81000000,80916.81000000,80916.81000000,80916.81000000,0.00000000
1788460440000,80978.39000000,80978.39000000,80978.39000000,80978.39000000,0.00206000
1788460500000,80947.83000000,80978.86000000,80947.83000000,80978.86000000,0.01055000
1788460560000,81000.98000000,81000.98000000,80982.55000000,80982.55000000,0.00708000
1788460620000,80968.19000000,80999.17000000,80953.36000000,80999.17000000,0.00327000
1788460680000,80990.94000000,80990.94000000,80990.94000000,80990.94000000,0.00003000
1788460740000,81014.24000000,81014.24000000,81014.24000000,81014.24000000,0.00007000
1788460800000,80997.23000000,80997.23000000,80996.62000000,80997.23000000,0.00627000
1788460860000,81008.06000000,81046.26000000,81008.06000000,81046.26000000,0.00287000
1788460920000,81039.49000000,81039.49000000,80972.57000000,80972.57000000,0.12680000
1788460980000,80972.56000000,80972.56000000,80951.07000000,80951.07000000,0.01592000
1788461040000,80972.56000000,80972.56000000,80972.56000000,80972.56000000,0.00080000
1788461100000,80971.97000000,80997.01000000,80971.97000000,80997.01000000,0.08928000
1788461160000,81007.72000000,81028.59000000,81007.72000000,81028.59000000,0.00389000
1788461220000,81012.77000000,81012.77000000,81011.03000000,81011.03000000,0.00185000
1788461280000,81011.03000000,81011.03000000,81011.03000000,81011.03000000,0.00000000
1788461340000,81009.14000000,81015.07000000,81009.14000000,81015.07000000,0.00804000
1788461400000,81044.98000000,81049.09000000,81044.53000000,81044.53000000,0.00411000
1788461460000,81074.98000000,81074.98000000,81074.98000000,81074.98000000,0.00094000
1788461520000,81080.75000000,81126.49000000,81080.75000000,81126.49000000,0.00663000
1788461580000,81116.91000000,81169.20000000,81116.91000000,81169.20000000,0.05878000
1788461640000,81196.21000000,81196.21000000,81177.43000000,81177.43000000,0.01256000
1788461700000,81177.43000000,81177.43000000,81177.43000000,81177.43000000,0.00000000
1788461760000,81198.09000000,81231.59000000,81198.09000000,81231.59000000,0.00015000
1788461820000,81230.60000000,81256.13000000,81230.60000000,81248.33000000,0.12405000
1788461880000,81248.33000000,81248.33000000,81248.33000000,81248.33000000,0.00000000
1788461940000,81248.33000000,81248.33000000,81248.33000000,81248.33000000,0.00000000
1788462000000,81248.33000000,81248.33000000,81248.33000000,81248.33000000,0.00000000
1788462060000,81230.00000000,81230.00000000,81230.00000000,81230.00000000,0.05849000
1788462120000,81264.51000000,81264.51000000,81264.51000000,81264.51000000,0.00651000
1788462180000,81264.51000000,81264.51000000,81264.51000000,81264.51000000,0.00000000
1788462240000,81261.41000000,81400.00000000,81261.41000000,81400.00000000,0.59569000
1788462300000,81400.00000000,81593.28000000,81323.64000000,81323.64000000,1.16020000
1788462360000,81292.29000000,81292.29000000,81208.22000000,81208.22000000,0.00125000
1788462420000,81253.25000000,81318.37000000,81253.25000000,81318.37000000,0.00300000
1788462480000,81283.40000000,81283.40000000,81249.54000000,81249.54000000,0.00507000
1788462540000,81219.90000000,81219.90000000,81219.90000000,81219.90000000,0.00002000
1788462600000,81273.33000000,81292.39000000,81273.33000000,81292.39000000,0.00405000
1788462660000,81290.82000000,81290.82000000,81290.82000000,81290.82000000,0.00013000
1788462720000,81290.82000000,81290.82000000,81290.82000000,81290.82000000,0.00000000
1788462780000,81239.14000000,81247.21000000,81239.14000000,81247.21000000,0.09822000
1788462840000,81247.21000000,81247.21000000,81247.21000000,81247.21000000,0.00000000
1788462900000,81198.28000000,81198.28000000,81198.28000000,81198.28000000,0.00006000
1788462960000,81198.28000000,81198.28000000,81198.28000000,81198.28000000,0.00000000
1788463020000,81221.26000000,81221.36000000,81221.26000000,81221.36000000,0.00095000
1788463080000,81331.71000000,81331.71000000,81331.71000000,81331.71000000,0.00200000
1788463140000,81366.40000000,81366.40000000,81363.33000000,81365.24000000,0.00196000
1788463200000,81428.99000000,81428.99000000,81428.99000000,81428.99000000,0.00014000
1788463260000,81552.29000000,81583.41000000,81546.31000000,81583.41000000,0.04571000
1788463320000,81524.70000000,81529.68000000,81524.70000000,81529.68000000,0.03226000
1788463380000,81583.41000000,81583.41000000,81583.41000000,81583.41000000,0.00296000
1788463440000,81521.23000000,81541.44000000,81513.02000000,81527.45000000,0.01394000
1788463500000,81516.34000000,81516.34000000,81409.22000000,81430.77000000,0.01807000
1788463560000,81437.97000000,81504.19000000,81437.97000000,81478.21000000,0.00854000
1788463620000,81480.54000000,81492.94000000,81480.54000000,81492.19000000,0.00665000
1788463680000,81505.08000000,81505.08000000,81505.08000000,81505.08000000,0.00285000
1788463740000,81556.24000000,81566.40000000,81555.37000000,81559.41000000,0.00601000
1788463800000,81559.41000000,81573.30000000,81498.80000000,81498.80000000,0.14184000
1788463860000,81500.16000000,81509.57000000,81464.17000000,81464.17000000,0.14806000
1788463920000,81446.07000000,81446.07000000,81400.29000000,81400.29000000,0.00190000
1788463980000,81400.29000000,81400.29000000,81400.29000000,81400.29000000,0.00000000
1788464040000,81434.23000000,81434.23000000,81434.23000000,81434.23000000,0.00122000
1788464100000,81397.51000000,81397.51000000,81392.31000000,81392.31000000,0.00308000
1788464160000,81392.31000000,81392.31000000,81392.31000000,81392.31000000,0.00000000
1788464220000,81392.31000000,81392.31000000,81392.31000000,81392.31000000,0.00000000
1788464280000,81392.31000000,81392.31000000,81392.31000000,81392.31000000,0.00000000
1788464340000,81450.15000000,81521.04000000,81450.15000000,81521.04000000,0.17838000
1788464400000,81518.22000000,81559.51000000,81511.63000000,81559.51000000,0.03082000
1788464460000,81598.18000000,81598.18000000,81598.18000000,81598.18000000,0.00261000
1788464520000,81598.18000000,81598.18000000,81598.18000000,81598.18000000,0.00000000
1788464580000,81598.18000000,81598.18000000,81598.18000000,81598.18000000,0.00000000
1788464640000,81525.45000000,81546.30000000,81525.45000000,81546.30000000,0.27437000
1788464700000,81600.01000000,81623.27000000,81600.01000000,81623.26000000,0.00817000
1788464760000,81623.27000000,81623.27000000,81619.06000000,81623.26000000,0.00822000
1788464820000,81623.26000000,81623.26000000,81546.38000000,81546.38000000,0.13811000
1788464880000,81507.38000000,81526.31000000,81470.53000000,81470.53000000,0.03145000
1788464940000,81458.74000000,81458.74000000,81458.35000000,81458.35000000,0.00190000
1788465000000,81487.45000000,81535.79000000,81487.45000000,81535.79000000,0.01722000
1788465060000,81521.40000000,81585.55000000,81521.40000000,81585.55000000,0.04486000
1788465120000,81623.27000000,81691.88000000,81623.27000000,81677.63000000,0.67189000
1788465180000,81687.82000000,81687.82000000,81607.65000000,81607.65000000,0.06564000
1788465240000,81607.65000000,81607.65000000,81607.65000000,81607.65000000,0.00000000
1788465300000,81688.09000000,81754.42000000,81688.09000000,81754.42000000,0.01932000
1788465360000,81745.57000000,81745.57000000,81734.01000000,81740.56000000,0.04596000
1788465420000,81767.48000000,81773.47000000,81767.48000000,81773.47000000,0.00214000
1788465480000,81773.47000000,81773.47000000,81773.47000000,81773.47000000,0.00000000
1788465540000,81763.19000000,81772.64000000,81761.44000000,81761.44000000,0.04124000
1788465600000,81759.13000000,81770.40000000,81494.09000000,81494.09000000,0.79941000
1788465660000,81506.72000000,81506.72000000,81403.79000000,81419.99000000,0.03444000
1788465720000,81459.09000000,81459.09000000,81459.09000000,81459.09000000,0.00194000
1788465780000,81461.71000000,81564.39000000,81461.71000000,81564.39000000,0.00312000
1788465840000,81587.90000000,81597.52000000,81587.90000000,81597.52000000,0.00008000
1788465900000,81631.31000000,81631.31000000,81620.64000000,81620.64000000,0.02989000
1788465960000,81577.49000000,81577.49000000,81577.49000000,81577.49000000,0.00006000
1788466020000,81547.68000000,81568.96000000,81547.68000000,81568.96000000,0.00051000
1788466080000,81600.01000000,81711.34000000,81600.01000000,81711.34000000,0.04966000
1788466140000,81650.22000000,81650.22000000,81650.22000000,81650.22000000,0.00095000
1788466200000,81651.42000000,81651.42000000,81611.63000000,81611.63000000,0.00665000
1788466260000,81611.86000000,81611.86000000,81555.99000000,81555.99000000,0.01025000
1788466320000,81555.99000000,81555.99000000,81521.96000000,81521.96000000,0.02926000
1788466380000,81499.64000000,81499.64000000,81499.64000000,81499.64000000,0.00315000
1788466440000,81447.48000000,81447.48000000,81447.48000000,81447.48000000,0.00011000
1788466500000,81444.63000000,81448.17000000,81444.00000000,81444.00000000,0.05783000
1788466560000,81444.00000000,81444.00000000,81399.73000000,81422.52000000,1.57730000
1788466620000,81495.78000000,81538.85000000,81495.78000000,81538.85000000,0.04637000
1788466680000,81458.65000000,81458.65000000,81458.65000000,81458.65000000,0.00011000
1788466740000,81458.65000000,81458.65000000,81458.65000000,81458.65000000,0.00000000
1788466800000,81474.13000000,81474.13000000,81471.22000000,81471.22000000,0.02654000
1788466860000,81441.72000000,81441.72000000,81398.81000000,81398.81000000,0.03696000
1788466920000,81398.81000000,81398.81000000,81398.81000000,81398.81000000,0.00000000
1788466980000,81395.82000000,81395.82000000,81395.82000000,81395.82000000,0.00560000
1788467040000,81395.82000000,81395.82000000,81395.82000000,81395.82000000,0.00000000
1788467100000,81410.76000000,81410.76000000,81398.56000000,81398.56000000,0.12288000
1788467160000,81417.96000000,81470.89000000,81417.96000000,81470.89000000,0.00048000
1788467220000,81517.60000000,81517.60000000,81517.60000000,81517.60000000,0.01469000
1788467280000,81507.90000000,81555.00000000,81507.89000000,81552.85000000,0.18501000
1788467340000,81566.52000000,81566.52000000,81566.52000000,81566.52000000,0.00003000
1788467400000,81558.02000000,81558.02000000,81549.88000000,81549.88000000,0.03066000
1788467460000,81549.88000000,81549.88000000,81549.88000000,81549.88000000,0.00000000
1788467520000,81524.09000000,81524.09000000,81502.66000000,81502.66000000,0.29924000
1788467580000,81502.66000000,81502.66000000,81502.66000000,81502.66000000,0.00000000
1788467640000,81495.69000000,81495.69000000,81491.62000000,81491.62000000,0.00291000
1788467700000,81468.58000000,81498.76000000,81468.58000000,81498.76000000,0.00022000
1788467760000,81481.85000000,81481.85000000,81481.85000000,81481.85000000,0.00123000
1788467820000,81431.71000000,81431.71000000,81431.71000000,81431.71000000,0.00196000
1788467880000,81431.71000000,81431.71000000,81431.71000000,81431.71000000,0.00000000
1788467940000,81636.75000000,81637.68000000,81636.75000000,81637.68000000,0.02450000
1788468000000,81598.56000000,81598.56000000,81598.56000000,81598.56000000,0.00065000
1788468060000,81598.56000000,81598.56000000,81598.56000000,81598.56000000,0.00000000
1788468120000,81492.58000000,81492.58000000,81492.58000000,81492.58000000,0.00071000
1788468180000,81498.96000000,81498.96000000,81498.96000000,81498.96000000,0.00068000
1788468240000,81475.27000000,81475.27000000,81475.27000000,81475.27000000,0.00122000
1788468300000,81479.14000000,81479.14000000,81469.63000000,81469.63000000,0.03226000
1788468360000,81469.63000000,81469.63000000,81469.63000000,81469.63000000,0.00000000
1788468420000,81441.00000000,81473.73000000,81436.61000000,81473.73000000,0.00205000
1788468480000,81499.53000000,81533.03000000,81499.53000000,81533.03000000,0.00006000
1788468540000,81546.83000000,81554.59000000,81546.83000000,81554.59000000,0.00010000
1788468600000,81554.59000000,81554.59000000,81554.59000000,81554.59000000,0.00000000
1788468660000,81559.35000000,81559.35000000,81559.35000000,81559.35000000,0.00003000
1788468720000,81559.35000000,81559.35000000,81559.35000000,81559.35000000,0.00000000
1788468780000,81472.28000000,81472.28000000,81472.28000000,81472.28000000,0.01080000
1788468840000,81472.28000000,81472.28000000,81472.28000000,81472.28000000,0.00000000
1788468900000,81454.08000000,81454.08000000,81454.08000000,81454.08000000,0.00363000
1788468960000,81450.00000000,81450.00000000,81450.00000000,81450.00000000,0.00140000
1788469020000,81446.16000000,81446.16000000,81437.19000000,81442.07000000,0.13660000
1788469080000,81451.00000000,81451.00000000,81451.00000000,81451.00000000,0.41914000
1788469140000,81451.00000000,81451.00000000,81451.00000000,81451.00000000,0.18214000
1788469200000,81451.00000000,81451.00000000,81451.00000000,81451.00000000,0.08995000
1788469260000,81451.69000000,81451.69000000,81431.84000000,81431.84000000,0.01395000
1788469320000,81476.62000000,81476.62000000,81469.72000000,81469.72000000,0.01373000
1788469380000,81439.29000000,81439.29000000,81394.49000000,81394.49000000,0.00756000
1788469440000,81368.99000000,81386.85000000,81356.37000000,81381.02000000,0.01066000
1788469500000,81380.48000000,81380.48000000,81377.68000000,81377.68000000,0.00214000
1788469560000,81363.15000000,81363.15000000,81332.07000000,81332.07000000,0.01467000
1788469620000,81322.42000000,81377.08000000,81322.42000000,81377.08000000,0.00020000
1788469680000,81361.08000000,81361.08000000,81361.08000000,81361.08000000,0.00484000
1788469740000,81321.46000000,81323.66000000,81321.46000000,81323.66000000,0.04291000
1788469800000,81428.03000000,81499.53000000,81428.03000000,81499.53000000,0.05930000
1788469860000,81460.18000000,81460.51000000,81460.18000000,81460.51000000,0.00108000
1788469920000,81533.03000000,81549.05000000,81533.03000000,81549.05000000,0.02914000
1788469980000,81558.17000000,81600.01000000,81558.17000000,81600.01000000,0.04346000
1788470040000,81583.46000000,81600.01000000,81578.09000000,81600.01000000,0.00401000
1788470100000,81601.28000000,81601.28000000,81552.29000000,81552.29000000,0.02558000
1788470160000,81552.29000000,81552.29000000,81552.29000000,81552.29000000,0.00000000
1788470220000,81550.18000000,81633.51000000,81550.18000000,81633.51000000,0.00654000
1788470280000,81633.51000000,81633.51000000,81633.51000000,81633.51000000,0.00000000
1788470340000,81633.51000000,81633.51000000,81633.51000000,81633.51000000,0.00000000
1788470400000,81567.67000000,81567.67000000,81567.67000000,81567.67000000,0.00028000
1788470460000,81627.89000000,81627.89000000,81623.81000000,81623.81000000,0.02174000
1788470520000,81600.01000000,81600.01000000,81590.87000000,81590.87000000,0.01607000
1788470580000,81537.26000000,81537.26000000,81533.03000000,81533.03000000,0.00014000
1788470640000,81533.03000000,81533.03000000,81533.03000000,81533.03000000,0.00000000
1788470700000,81533.03000000,81533.03000000,81533.03000000,81533.03000000,0.00000000
1788470760000,81533.03000000,81533.03000000,81533.03000000,81533.03000000,0.00000000
1788470820000,81533.03000000,81533.03000000,81533.03000000,81533.03000000,0.00000000
1788470880000,81600.01000000,81600.01000000,81600.01000000,81600.01000000,0.00003000
1788470940000,81628.57000000,81765.35000000,81628.57000000,81733.99000000,0.75808000
1788471000000,81767.48000000,81937.50000000,81767.48000000,81937.50000000,0.47026000
1788471060000,81959.89000000,81959.89000000,81906.42000000,81906.42000000,0.00393000
1788471120000,81968.44000000,81984.43000000,81956.95000000,81967.34000000,0.00549000
1788471180000,81963.71000000,81993.22000000,81963.71000000,81993.22000000,0.00415000
1788471240000,81999.99000000,82268.12000000,81999.99000000,82100.00000000,0.67064000
1788471300000,82100.00000000,82100.00000000,81839.80000000,81932.61000000,0.18821000
1788471360000,81919.49000000,81919.49000000,81784.87000000,81784.87000000,0.62055000
1788471420000,81868.27000000,81882.71000000,81818.44000000,81818.44000000,0.05102000
1788471480000,81784.87000000,81784.87000000,81699.87000000,81699.87000000,0.11213000
1788471540000,81684.10000000,81712.48000000,81669.48000000,81669.48000000,0.05453000
1788471600000,81660.12000000,81660.12000000,81652.30000000,81652.30000000,0.01662000
1788471660000,81618.23000000,81618.23000000,81584.29000000,81603.33000000,0.00267000
1788471720000,81629.40000000,81644.69000000,81629.40000000,81644.69000000,0.00210000
1788471780000,81625.10000000,81625.10000000,81531.11000000,81531.11000000,0.13130000
1788471840000,81547.36000000,81551.85000000,81546.45000000,81546.45000000,0.02268000
1788471900000,81525.68000000,81525.68000000,81466.05000000,81473.91000000,0.03880000
1788471960000,81480.20000000,81480.20000000,81429.41000000,81430.84000000,0.01966000
1788472020000,81437.52000000,81441.63000000,81437.52000000,81441.63000000,0.03061000
1788472080000,81493.99000000,81493.99000000,81493.99000000,81493.99000000,0.00467000
1788472140000,81585.40000000,81633.51000000,81585.40000000,81633.51000000,0.00235000
1788472200000,81666.99000000,81674.23000000,81631.94000000,81631.94000000,0.01243000
1788472260000,81642.89000000,81642.89000000,81640.87000000,81640.87000000,0.03061000
1788472320000,81634.03000000,81655.00000000,81634.03000000,81655.00000000,0.05938000
1788472380000,81680.74000000,81680.74000000,81680.74000000,81680.74000000,0.00024000
1788472440000,81700.49000000,81752.26000000,81700.49000000,81752.26000000,0.07439000
1788472500000,81745.35000000,81745.35000000,81643.56000000,81650.89000000,0.16815000
1788472560000,81624.83000000,81629.20000000,81624.83000000,81629.20000000,0.00613000
1788472620000,81616.90000000,81616.90000000,81586.97000000,81586.97000000,0.00397000
1788472680000,81586.97000000,81586.97000000,81586.97000000,81586.97000000,0.00000000
1788472740000,81586.97000000,81586.97000000,81586.97000000,81586.97000000,0.00000000
1788472800000,81541.22000000,81541.22000000,81506.54000000,81506.54000000,0.01321000
1788472860000,81472.06000000,81472.06000000,81408.90000000,81432.90000000,0.01340000
1788472920000,81454.19000000,81454.19000000,81454.19000000,81454.19000000,0.00024000
1788472980000,81481.83000000,81487.13000000,81449.87000000,81487.13000000,0.10716000
1788473040000,81518.94000000,81529.14000000,81518.94000000,81529.14000000,0.00958000
1788473100000,81549.82000000,81559.89000000,81540.11000000,81559.89000000,0.63140000
1788473160000,81559.89000000,81559.90000000,81492.95000000,81492.95000000,1.43090000
1788473220000,81477.96000000,81477.96000000,81477.96000000,81477.96000000,0.00006000
1788473280000,81474.68000000,81474.68000000,81435.10000000,81461.16000000,0.00956000
1788473340000,81442.33000000,81442.33000000,81438.44000000,81442.32000000,0.00137000
1788473400000,81439.08000000,81439.08000000,81426.88000000,81426.88000000,0.00117000
1788473460000,81422.99000000,81422.99000000,81397.95000000,81397.95000000,0.00368000
1788473520000,81387.22000000,81387.22000000,81341.04000000,81341.04000000,0.01337000
1788473580000,81332.07000000,81370.16000000,81283.49000000,81370.16000000,0.02332000
1788473640000,81373.16000000,81374.24000000,81373.16000000,81374.24000000,0.00380000
1788473700000,81374.24000000,81374.24000000,81374.24000000,81374.24000000,0.00000000
1788473760000,81357.82000000,81379.41000000,81345.08000000,81379.41000000,0.05347000
1788473820000,81387.66000000,81395.18000000,81387.66000000,81395.18000000,0.01225000
1788473880000,81399.05000000,81400.12000000,81377.54000000,81377.54000000,0.04841000
1788473940000,81365.56000000,81365.56000000,81332.07000000,81332.07000000,0.04300000
1788474000000,81301.02000000,81321.96000000,81293.44000000,81298.57000000,0.64524000
1788474060000,81290.35000000,81290.35000000,81255.88000000,81256.51000000,0.11049000
1788474120000,81255.57000000,81352.31000000,81251.41000000,81335.47000000,0.58151000
1788474180000,81355.64000000,81355.64000000,81340.20000000,81340.20000000,0.01687000
1788474240000,81305.36000000,81305.36000000,81305.36000000,81305.36000000,0.00013000
1788474300000,81279.34000000,81279.34000000,81264.21000000,81264.21000000,0.00302000
1788474360000,81239.66000000,81241.51000000,81235.64000000,81235.64000000,0.01103000
1788474420000,81231.59000000,81231.59000000,81156.52000000,81161.40000000,0.01942000
1788474480000,81171.00000000,81171.00000000,81171.00000000,81171.00000000,0.02531000
1788474540000,81170.72000000,81170.72000000,81129.92000000,81129.92000000,0.03293000
1788474600000,81129.92000000,81129.92000000,81114.25000000,81114.25000000,0.01057000
1788474660000,81119.92000000,81170.99000000,81110.00000000,81110.00000000,2.11162000
1788474720000,81110.00000000,81110.00000000,81010.39000000,81010.39000000,0.04641000
1788474780000,81008.65000000,81008.65000000,80904.46000000,80904.46000000,0.01229000
1788474840000,80926.10000000,81024.86000000,80926.10000000,81024.86000000,0.00818000
1788474900000,81024.86000000,81024.86000000,81024.86000000,81024.86000000,0.00000000
1788474960000,81022.85000000,81131.11000000,81022.85000000,81131.11000000,0.00569000
1788475020000,81136.58000000,81171.00000000,81136.58000000,81171.00000000,0.01496000
1788475080000,81171.00000000,81171.00000000,81171.00000000,81171.00000000,2.04259000
1788475140000,81119.88000000,81119.88000000,81095.27000000,81095.27000000,0.02785000
1788475200000,81132.27000000,81202.12000000,81132.27000000,81202.12000000,0.26168000
1788475260000,81219.87000000,81231.58000000,81213.57000000,81226.37000000,0.03412000
1788475320000,81215.01000000,81215.01000000,81201.93000000,81201.93000000,0.01197000
1788475380000,81201.93000000,81201.93000000,81201.93000000,81201.93000000,0.00000000
1788475440000,81194.40000000,81199.36000000,81167.10000000,81199.36000000,0.01598000
1788475500000,81224.82000000,81231.59000000,81224.82000000,81231.59000000,0.00032000
1788475560000,81239.30000000,81239.30000000,81239.30000000,81239.30000000,0.00006000
1788475620000,81265.08000000,81267.22000000,81265.08000000,81267.22000000,0.00123000
1788475680000,81216.56000000,81216.56000000,81198.09000000,81198.09000000,0.00490000
1788475740000,81184.70000000,81184.70000000,81184.70000000,81184.70000000,0.00211000
1788475800000,81166.22000000,81166.22000000,81110.85000000,81110.85000000,0.00393000
1788475860000,81097.61000000,81097.61000000,81093.56000000,81093.56000000,0.00203000
1788475920000,81078.61000000,81078.61000000,81072.90000000,81072.90000000,0.00565000
1788475980000,81113.87000000,81192.29000000,81113.87000000,81192.29000000,0.00261000
1788476040000,81183.64000000,81183.64000000,81183.64000000,81183.64000000,0.00184000
1788476100000,81131.11000000,81131.11000000,81131.11000000,81131.11000000,0.00003000
1788476160000,81131.11000000,81131.11000000,81131.11000000,81131.11000000,0.00000000
1788476220000,81155.91000000,81190.26000000,81152.66000000,81163.21000000,0.00947000
1788476280000,81186.03000000,81191.07000000,81131.12000000,81131.12000000,0.00665000
1788476340000,81131.11000000,81131.11000000,81103.47000000,81123.07000000,0.01332000
1788476400000,81123.07000000,81155.50000000,81122.90000000,81155.50000000,0.14034000
1788476460000,81155.50000000,81179.92000000,81127.43000000,81130.43000000,0.00787000
1788476520000,81125.88000000,81150.42000000,81125.88000000,81150.42000000,0.01380000
1788476580000,81150.42000000,81150.42000000,81150.42000000,81150.42000000,0.00000000
1788476640000,81149.64000000,81149.64000000,81149.64000000,81149.64000000,0.00141000
1788476700000,81149.64000000,81149.64000000,81149.64000000,81149.64000000,0.00000000
1788476760000,81149.64000000,81149.64000000,81149.64000000,81149.64000000,0.00000000
1788476820000,81198.09000000,81200.76000000,81198.09000000,81200.76000000,0.00020000
1788476880000,81200.76000000,81200.76000000,81200.76000000,81200.76000000,0.00000000
1788476940000,81200.76000000,81200.76000000,81200.76000000,81200.76000000,0.00000000
1788477000000,81192.20000000,81192.20000000,81178.24000000,81178.24000000,0.00027000
1788477060000,81097.62000000,81097.62000000,81097.62000000,81097.62000000,0.00002000
1788477120000,81097.61000000,81105.30000000,81079.86000000,81105.30000000,0.03389000
1788477180000,81120.45000000,81144.73000000,81116.81000000,81116.81000000,0.00693000
1788477240000,81144.07000000,81164.60000000,81144.07000000,81164.60000000,0.00200000
1788477300000,81177.99000000,81177.99000000,81174.31000000,81174.31000000,0.00270000
1788477360000,81198.09000000,81198.09000000,81198.09000000,81198.09000000,0.00014000
1788477420000,81200.68000000,81200.68000000,81163.72000000,81170.66000000,0.07840000
1788477480000,81231.40000000,81265.07000000,81231.40000000,81265.07000000,0.00016000
1788477540000,81265.07000000,81265.07000000,81265.07000000,81265.07000000,0.00000000
1788477600000,81221.89000000,81221.89000000,81221.89000000,81221.89000000,0.02461000
1788477660000,81221.89000000,81221.89000000,81221.89000000,81221.89000000,0.00000000
1788477720000,81211.73000000,81211.73000000,81211.73000000,81211.73000000,0.00025000
1788477780000,81211.73000000,81211.73000000,81211.73000000,81211.73000000,0.00000000
1788477840000,81202.14000000,81202.14000000,81198.11000000,81198.11000000,0.00319000
1788477900000,81198.09000000,81198.09000000,81175.53000000,81182.67000000,0.00617000
1788477960000,81189.71000000,81193.11000000,81189.71000000,81193.11000000,0.00135000
1788478020000,81206.79000000,81206.79000000,81206.79000000,81206.79000000,0.00011000
1788478080000,81212.91000000,81220.83000000,81212.91000000,81217.39000000,0.02471000
1788478140000,81240.18000000,81265.08000000,81240.18000000,81265.08000000,0.00020000
1788478200000,81237.97000000,81237.97000000,81208.32000000,81208.32000000,0.72692000
1788478260000,81174.78000000,81174.78000000,81164.60000000,81164.60000000,0.00014000
1788478320000,81164.60000000,81164.60000000,81164.60000000,81164.60000000,0.00000000
1788478380000,81164.60000000,81164.60000000,81164.60000000,81164.60000000,0.00000000
1788478440000,81164.60000000,81164.60000000,81164.60000000,81164.60000000,0.00000000
1788478500000,81190.17000000,81190.17000000,81190.17000000,81190.17000000,0.00003000
1788478560000,81198.09000000,81239.21000000,81198.09000000,81239.21000000,0.00213000
1788478620000,81265.08000000,81319.10000000,81265.08000000,81319.10000000,0.00067000
1788478680000,81319.10000000,81319.10000000,81319.10000000,81319.10000000,0.00000000
1788478740000,81319.10000000,81319.10000000,81319.10000000,81319.10000000,0.00000000
1788478800000,81320.46000000,81320.46000000,81320.46000000,81320.46000000,0.00061000
1788478860000,81320.46000000,81320.46000000,81320.46000000,81320.46000000,0.00000000
1788478920000,81320.46000000,81320.46000000,81320.46000000,81320.46000000,0.00000000
1788478980000,81320.46000000,81320.46000000,81320.46000000,81320.46000000,0.00000000
1788479040000,81247.60000000,81247.60000000,81247.60000000,81247.60000000,0.00039000
1788479100000,81239.09000000,81239.09000000,81239.09000000,81239.09000000,0.00079000
1788479160000,81249.29000000,81249.29000000,81231.60000000,81231.60000000,0.00074000
1788479220000,81231.59000000,81231.59000000,81231.59000000,81231.59000000,0.00003000
1788479280000,81219.15000000,81219.15000000,81219.15000000,81219.15000000,0.00003000
1788479340000,81219.15000000,81219.15000000,81219.15000000,81219.15000000,0.00000000
1788479400000,81219.15000000,81219.15000000,81219.15000000,81219.15000000,0.00000000
1788479460000,81265.08000000,81265.08000000,81265.08000000,81265.08000000,0.00003000
1788479520000,81292.97000000,81292.97000000,81292.97000000,81292.97000000,0.00006000
1788479580000,81298.57000000,81298.57000000,81298.57000000,81298.57000000,0.00003000
1788479640000,81289.08000000,81289.08000000,81278.14000000,81280.62000000,0.01518000
1788479700000,81280.62000000,81280.62000000,81280.62000000,81280.62000000,0.00000000
1788479760000,81256.89000000,81256.89000000,81256.89000000,81256.89000000,0.00006000
1788479820000,81288.82000000,81288.82000000,81281.98000000,81281.98000000,0.00796000
1788479880000,81281.98000000,81281.98000000,81281.98000000,81281.98000000,0.00000000
1788479940000,81281.98000000,81281.98000000,81281.98000000,81281.98000000,0.00000000
1788480000000,81271.07000000,81271.07000000,81230.06000000,81230.06000000,0.00188000
1788480060000,81249.79000000,81249.80000000,81249.79000000,81249.80000000,0.02271000
1788480120000,81245.72000000,81245.72000000,81204.06000000,81204.06000000,0.04295000
1788480180000,81176.32000000,81176.32000000,81164.60000000,81164.60000000,0.02635000
1788480240000,81134.29000000,81134.29000000,81112.21000000,81130.47000000,0.02201000
1788480300000,81166.91000000,81177.11000000,81152.42000000,81152.42000000,0.00962000
1788480360000,81178.97000000,81184.96000000,81178.97000000,81184.96000000,0.00501000
1788480420000,81147.80000000,81147.80000000,81100.79000000,81101.17000000,0.00673000
1788480480000,81101.84000000,81101.84000000,81100.01000000,81100.01000000,0.00946000
1788480540000,81100.01000000,81222.10000000,81100.01000000,81222.10000000,0.04911000
1788480600000,81230.77000000,81230.77000000,81198.80000000,81198.80000000,0.02172000
1788480660000,81191.09000000,81214.48000000,81191.09000000,81214.48000000,0.00727000
1788480720000,81200.96000000,81224.89000000,81200.96000000,81218.40000000,0.00782000
1788480780000,81187.19000000,81195.17000000,81163.19000000,81195.17000000,0.05101000
1788480840000,81219.46000000,81251.64000000,81216.33000000,81251.64000000,0.00834000
1788480900000,81259.19000000,81312.70000000,81259.19000000,81312.70000000,0.03964000
1788480960000,81345.37000000,81345.37000000,81297.18000000,81297.18000000,0.00495000
1788481020000,81308.28000000,81353.17000000,81308.28000000,81353.17000000,0.00718000
1788481080000,81313.91000000,81313.91000000,81196.86000000,81196.86000000,0.16427000
1788481140000,81225.54000000,81225.54000000,81164.35000000,81164.36000000,0.01488000
1788481200000,81179.60000000,81224.14000000,81179.60000000,81224.14000000,0.01699000
1788481260000,81229.11000000,81234.31000000,81211.28000000,81211.28000000,0.01754000
1788481320000,81234.36000000,81251.26000000,81234.36000000,81237.05000000,0.01499000
1788481380000,81259.50000000,81278.36000000,81254.97000000,81278.36000000,0.01475000
1788481440000,81288.37000000,81309.63000000,81287.86000000,81287.86000000,0.01646000
1788481500000,81246.17000000,81246.17000000,81199.35000000,81199.35000000,0.01567000
1788481560000,81199.35000000,81199.35000000,81164.61000000,81164.61000000,0.01324000
1788481620000,81165.98000000,81165.98000000,81147.26000000,81154.28000000,0.01921000
1788481680000,81151.83000000,81163.59000000,81151.83000000,81163.59000000,0.01009000
1788481740000,81191.38000000,81191.38000000,81161.91000000,81161.91000000,0.00658000
1788481800000,81155.42000000,81157.89000000,81144.81000000,81157.89000000,0.00489000
1788481860000,81161.70000000,81265.08000000,81161.70000000,81265.08000000,0.04465000
1788481920000,81286.92000000,81286.92000000,81286.92000000,81286.92000000,0.00004000
1788481980000,81286.92000000,81286.92000000,81286.92000000,81286.92000000,0.00000000
1788482040000,81286.92000000,81286.92000000,81286.92000000,81286.92000000,0.00000000
1788482100000,81298.57000000,81298.57000000,81298.57000000,81298.57000000,0.00006000
1788482160000,81328.01000000,81328.01000000,81328.01000000,81328.01000000,0.00240000
1788482220000,81332.07000000,81332.07000000,81332.07000000,81332.07000000,0.00009000
1788482280000,81351.17000000,81351.17000000,81351.17000000,81351.17000000,0.00003000
1788482340000,81365.56000000,81393.10000000,81365.56000000,81393.10000000,0.00016000
1788482400000,81394.69000000,81399.05000000,81394.69000000,81399.05000000,0.00308000
1788482460000,81399.05000000,81422.96000000,81399.05000000,81422.96000000,0.00009000
1788482520000,81408.83000000,81408.83000000,81346.33000000,81346.33000000,0.03041000
1788482580000,81373.33000000,81373.33000000,81140.00000000,81140.00000000,0.83084000
1788482640000,81166.43000000,81166.43000000,81166.42000000,81166.42000000,0.00464000
1788482700000,81223.13000000,81225.35000000,81212.36000000,81212.36000000,0.00129000
1788482760000,81225.38000000,81225.38000000,81225.38000000,81225.38000000,0.00006000
1788482820000,81167.11000000,81167.11000000,81167.11000000,81167.11000000,0.00005000
1788482880000,81150.05000000,81150.05000000,81131.11000000,81131.11000000,0.00203000
1788482940000,81131.11000000,81142.50000000,81131.11000000,81142.50000000,0.00498000
1788483000000,81097.61000000,81097.61000000,81064.12000000,81064.12000000,0.01664000
1788483060000,81043.82000000,81043.82000000,81043.82000000,81043.82000000,0.00196000
1788483120000,81103.52000000,81113.01000000,81103.52000000,81113.01000000,0.01456000
1788483180000,81122.11000000,81122.11000000,81034.14000000,81034.14000000,0.50497000
1788483240000,81037.77000000,81037.77000000,81029.59000000,81035.33000000,0.01482000
1788483300000,81019.17000000,81030.84000000,81019.17000000,81030.84000000,0.00356000
1788483360000,81030.84000000,81030.84000000,81030.84000000,81030.84000000,0.00000000
1788483420000,80997.13000000,80997.13000000,80973.60000000,80973.60000000,0.00008000
1788483480000,80963.64000000,80963.64000000,80957.27000000,80960.00000000,0.08513000
1788483540000,80960.00000000,80960.00000000,80960.00000000,80960.00000000,0.00000000
1788483600000,80959.99000000,81057.65000000,80959.99000000,81027.32000000,1.03751000
1788483660000,81016.88000000,81016.88000000,80994.57000000,80995.28000000,0.00427000
1788483720000,81018.69000000,81051.31000000,81018.69000000,81051.31000000,0.01409000
1788483780000,80990.01000000,80990.01000000,80990.01000000,80990.01000000,0.00018000
1788483840000,80996.80000000,80996.80000000,80945.95000000,80945.95000000,0.01762000
1788483900000,80930.15000000,80940.95000000,80930.15000000,80940.95000000,0.00084000
1788483960000,81042.29000000,81042.29000000,81042.29000000,81042.29000000,0.00011000
1788484020000,81077.08000000,81090.18000000,81077.08000000,81088.06000000,0.00322000
1788484080000,81082.35000000,81082.35000000,81081.95000000,81081.95000000,0.00233000
1788484140000,81038.25000000,81059.63000000,81038.25000000,81059.63000000,0.01002000
1788484200000,81042.77000000,81042.77000000,81042.77000000,81042.77000000,0.00308000
1788484260000,81042.77000000,81042.77000000,81042.77000000,81042.77000000,0.00000000
1788484320000,81038.59000000,81038.59000000,81022.74000000,81031.12000000,0.00138000
1788484380000,81031.12000000,81031.12000000,81031.12000000,81031.12000000,0.00000000
1788484440000,80930.31000000,80946.08000000,80930.31000000,80930.31000000,0.01082000
1788484500000,80930.31000000,80930.31000000,80930.31000000,80930.31000000,2.03113000
1788484560000,80985.52000000,81002.48000000,80976.78000000,80976.78000000,0.10709000
1788484620000,80977.74000000,80977.74000000,80959.56000000,80959.56000000,0.02257000
1788484680000,80939.45000000,80945.29000000,80939.45000000,80945.29000000,0.00149000
1788484740000,80922.15000000,80922.15000000,80922.15000000,80922.15000000,0.01244000
1788484800000,80922.15000000,80922.15000000,80922.15000000,80922.15000000,0.00000000
1788484860000,80970.01000000,80970.01000000,80970.01000000,80970.01000000,0.00196000
1788484920000,80960.71000000,80960.71000000,80925.14000000,80925.14000000,0.01557000
1788484980000,80914.51000000,80914.51000000,80896.65000000,80896.65000000,0.00191000
1788485040000,80878.24000000,80878.24000000,80809.97000000,80809.98000000,0.03180000
1788485100000,80808.00000000,80808.00000000,80800.00000000,80800.00000000,0.10621000
1788485160000,80799.99000000,80800.00000000,80799.99000000,80800.00000000,0.51264000
1788485220000,80801.90000000,80853.39000000,80786.90000000,80853.39000000,0.67888000
1788485280000,80853.39000000,80853.39000000,80853.39000000,80853.39000000,0.00000000
1788485340000,80870.57000000,80870.57000000,80834.23000000,80834.23000000,0.01480000
1788485400000,80809.27000000,80809.27000000,80809.27000000,80809.27000000,0.00196000
1788485460000,80921.33000000,80921.33000000,80872.87000000,80872.87000000,0.05441000
1788485520000,80872.87000000,80872.87000000,80872.87000000,80872.87000000,0.00000000
1788485580000,80842.48000000,80852.30000000,80842.48000000,80852.30000000,0.00521000
1788485640000,80829.67000000,80829.67000000,80829.67000000,80829.67000000,0.00003000
1788485700000,80829.67000000,80829.67000000,80829.67000000,80829.67000000,0.00000000
1788485760000,80832.11000000,80832.11000000,80832.11000000,80832.11000000,0.02474000
1788485820000,80877.09000000,80892.14000000,80864.19000000,80864.19000000,0.01023000
1788485880000,80864.19000000,80864.19000000,80864.19000000,80864.19000000,0.00000000
1788485940000,80870.84000000,80870.84000000,80870.84000000,80870.84000000,0.00011000
1788486000000,80870.84000000,80870.84000000,80870.84000000,80870.84000000,0.00000000
1788486060000,80792.85000000,80816.55000000,80792.85000000,80814.68000000,0.00985000
1788486120000,80794.87000000,80794.87000000,80764.18000000,80771.00000000,0.01568000
1788486180000,80775.83000000,80775.83000000,80768.65000000,80768.65000000,0.00976000
1788486240000,80772.87000000,80791.28000000,80771.25000000,80779.74000000,0.01762000
1788486300000,80781.70000000,80785.28000000,80774.29000000,80779.06000000,0.02792000
1788486360000,80782.52000000,80799.30000000,80779.53000000,80796.87000000,0.01282000
1788486420000,80801.61000000,80839.28000000,80801.61000000,80838.86000000,0.01027000
1788486480000,80846.97000000,80867.57000000,80846.97000000,80867.34000000,0.00927000
1788486540000,80868.37000000,80885.62000000,80860.97000000,80885.62000000,0.00938000
1788486600000,80863.63000000,80867.11000000,80863.63000000,80865.98000000,0.00873000
1788486660000,80900.74000000,80900.74000000,80886.68000000,80886.68000000,0.00760000
1788486720000,80881.72000000,80902.72000000,80881.72000000,80902.72000000,0.01080000
1788486780000,80915.80000000,80973.19000000,80915.80000000,80973.19000000,0.03130000
1788486840000,80972.00000000,80979.98000000,80972.00000000,80977.99000000,0.01078000
1788486900000,80966.24000000,80966.24000000,80945.31000000,80945.31000000,0.00555000
1788486960000,80965.87000000,80978.92000000,80965.87000000,80978.92000000,0.00794000
1788487020000,80982.70000000,81012.65000000,80982.70000000,81001.00000000,0.04843000
1788487080000,81001.00000000,81001.00000000,81001.00000000,81001.00000000,0.00000000
1788487140000,81001.00000000,81001.00000000,81001.00000000,81001.00000000,0.00000000
1788487200000,81001.00000000,81001.00000000,81001.00000000,81001.00000000,0.00000000
1788487260000,80897.18000000,80897.18000000,80897.18000000,80897.18000000,0.00012000
1788487320000,80904.89000000,80904.89000000,80875.24000000,80889.56000000,0.00043000
1788487380000,80889.56000000,80889.56000000,80889.56000000,80889.56000000,0.00000000
1788487440000,80863.16000000,80863.16000000,80863.16000000,80863.16000000,0.00003000
1788487500000,80863.16000000,80863.16000000,80863.16000000,80863.16000000,0.00000000
1788487560000,80850.40000000,80850.40000000,80850.40000000,80850.40000000,0.00617000
1788487620000,80833.70000000,80833.70000000,80833.70000000,80833.70000000,0.00006000
1788487680000,80829.67000000,80829.67000000,80801.61000000,80801.61000000,0.01109000
1788487740000,80801.61000000,80801.61000000,80780.00000000,80799.91000000,0.02987000
1788487800000,80799.91000000,80799.91000000,80799.91000000,80799.91000000,0.00000000
1788487860000,80793.21000000,80804.05000000,80793.21000000,80803.77000000,0.07781000
1788487920000,80796.25000000,80796.25000000,80796.25000000,80796.25000000,0.00012000
1788487980000,80796.25000000,80796.25000000,80796.25000000,80796.25000000,0.00000000
1788488040000,80796.24000000,80796.24000000,80796.24000000,80796.24000000,0.00006000
1788488100000,80799.91000000,80799.91000000,80799.91000000,80799.91000000,0.06291000
1788488160000,80842.35000000,80857.14000000,80830.49000000,80830.49000000,0.15873000
1788488220000,80827.60000000,80827.60000000,80827.60000000,80827.60000000,0.01237000
1788488280000,80797.30000000,80797.30000000,80762.68000000,80762.68000000,0.00273000
1788488340000,80762.68000000,80762.68000000,80762.68000000,80762.68000000,0.00000000
1788488400000,80750.00000000,80750.00000000,80719.40000000,80719.40000000,0.01237000
1788488460000,80719.40000000,80719.40000000,80719.40000000,80719.40000000,0.00000000
1788488520000,80720.85000000,80720.85000000,80720.85000000,80720.85000000,0.00196000
1788488580000,80720.85000000,80720.85000000,80720.85000000,80720.85000000,0.00000000
1788488640000,80706.25000000,80706.25000000,80687.37000000,80687.37000000,0.00721000
1788488700000,80687.37000000,80687.37000000,80687.37000000,80687.37000000,0.00000000
1788488760000,80687.37000000,80687.37000000,80687.37000000,80687.37000000,0.00000000
1788488820000,80687.37000000,80687.37000000,80687.37000000,80687.37000000,0.00000000
1788488880000,80687.37000000,80687.37000000,80687.37000000,80687.37000000,0.00000000
1788488940000,80681.29000000,80687.37000000,80681.29000000,80687.37000000,0.07967000
1788489000000,80687.37000000,80687.37000000,80687.37000000,80687.37000000,0.46771000
1788489060000,80687.37000000,80687.37000000,80687.37000000,80687.37000000,0.00000000
1788489120000,80687.37000000,80687.37000000,80687.37000000,80687.37000000,0.00000000
1788489180000,80687.37000000,80687.37000000,80687.37000000,80687.37000000,0.00000000
1788489240000,80794.71000000,80794.71000000,80794.71000000,80794.71000000,0.01164000
1788489300000,80794.71000000,80794.71000000,80794.71000000,80794.71000000,0.00000000
1788489360000,80713.65000000,80713.65000000,80692.16000000,80692.16000000,0.00773000
1788489420000,80692.16000000,80692.16000000,80692.16000000,80692.16000000,0.00000000
1788489480000,80771.62000000,80771.62000000,80771.62000000,80771.62000000,0.00194000
1788489540000,80800.00000000,80825.18000000,80800.00000000,80825.18000000,0.60135000
1788489600000,80834.10000000,80834.10000000,80806.50000000,80806.50000000,0.03510000
1788489660000,80806.50000000,80806.50000000,80806.50000000,80806.50000000,0.00000000
1788489720000,80793.64000000,80793.64000000,80793.64000000,80793.64000000,0.01485000
1788489780000,80793.64000000,80793.64000000,80793.64000000,80793.64000000,0.00000000
1788489840000,80778.78000000,80778.78000000,80745.97000000,80745.97000000,0.01196000
1788489900000,80729.19000000,80729.19000000,80703.28000000,80703.28000000,0.00469000
1788489960000,80703.28000000,80703.28000000,80703.28000000,80703.28000000,0.00000000
1788490020000,80703.28000000,80703.28000000,80703.28000000,80703.28000000,0.00000000
1788490080000,80695.69000000,80695.93000000,80678.95000000,80695.93000000,0.00468000
1788490140000,80695.93000000,80695.93000000,80695.93000000,80695.93000000,0.00000000
1788490200000,80676.13000000,80676.13000000,80676.13000000,80676.13000000,0.01129000
1788490260000,80707.10000000,80707.10000000,80707.10000000,80707.10000000,0.01236000
1788490320000,80704.58000000,80704.58000000,80704.58000000,80704.58000000,0.00107000
1788490380000,80700.11000000,80717.11000000,80687.14000000,80717.11000000,0.01044000
1788490440000,80722.82000000,80748.43000000,80722.82000000,80748.43000000,0.00384000
1788490500000,80751.46000000,80801.25000000,80751.46000000,80792.32000000,0.09722000
1788490560000,80792.32000000,80792.32000000,80785.25000000,80785.25000000,0.01340000
1788490620000,80785.25000000,80785.25000000,80785.25000000,80785.25000000,0.00000000
1788490680000,80789.09000000,80789.09000000,80789.09000000,80789.09000000,0.00011000
1788490740000,80789.09000000,80789.09000000,80789.09000000,80789.09000000,0.00000000
1788490800000,80826.65000000,80878.96000000,80826.65000000,80878.96000000,0.00976000
1788490860000,80879.52000000,80941.27000000,80879.52000000,80941.27000000,0.13483000
1788490920000,80941.27000000,80941.27000000,80931.62000000,80931.62000000,0.00592000
1788490980000,80931.62000000,80952.09000000,80888.49000000,80901.76000000,0.03856000
1788491040000,80893.68000000,80893.68000000,80888.59000000,80888.59000000,0.00687000
1788491100000,80881.62000000,80918.16000000,80880.00000000,80918.16000000,0.06666000
1788491160000,80946.40000000,80993.96000000,80946.40000000,80983.63000000,0.09453000
1788491220000,80982.51000000,80991.42000000,80979.36000000,80991.42000000,0.00634000
1788491280000,80997.61000000,80997.61000000,80939.67000000,80946.63000000,0.02711000
1788491340000,80947.05000000,80968.21000000,80946.49000000,80967.31000000,0.00748000
1788491400000,80967.31000000,80967.31000000,80960.74000000,80960.74000000,0.00650000
1788491460000,80947.22000000,80948.50000000,80914.76000000,80918.11000000,0.01071000
1788491520000,80902.53000000,80915.23000000,80877.22000000,80915.23000000,0.00881000
1788491580000,80928.73000000,80928.73000000,80897.98000000,80910.92000000,0.12961000
1788491640000,80931.90000000,80940.45000000,80922.65000000,80927.19000000,0.00892000
1788491700000,80936.95000000,80940.24000000,80927.86000000,80927.86000000,0.00879000
1788491760000,80932.09000000,80932.09000000,80908.54000000,80908.54000000,0.00567000
1788491820000,80914.62000000,80914.62000000,80897.94000000,80897.94000000,0.00626000
1788491880000,80916.61000000,80916.61000000,80916.61000000,80916.61000000,0.00048000
1788491940000,80915.76000000,80915.76000000,80915.76000000,80915.76000000,0.01239000
1788492000000,80908.31000000,80908.31000000,80904.99000000,80904.99000000,0.00187000
1788492060000,80904.99000000,80904.99000000,80904.99000000,80904.99000000,0.00000000
1788492120000,80936.01000000,80936.01000000,80923.18000000,80923.18000000,0.00126000
1788492180000,80923.18000000,80932.56000000,80900.94000000,80900.94000000,0.00133000
1788492240000,80930.36000000,80930.36000000,80930.36000000,80930.36000000,0.00179000
1788492300000,80903.82000000,80903.82000000,80851.35000000,80851.35000000,0.00700000
1788492360000,80838.37000000,80842.92000000,80831.20000000,80842.91000000,0.00799000
1788492420000,80842.92000000,80882.52000000,80842.92000000,80880.40000000,0.02114000
1788492480000,80880.40000000,80880.40000000,80844.21000000,80844.21000000,0.01807000
1788492540000,80849.86000000,80849.86000000,80842.43000000,80842.43000000,0.00642000
1788492600000,80862.47000000,80862.47000000,80846.29000000,80846.29000000,0.00253000
1788492660000,80836.32000000,80849.02000000,80836.32000000,80849.02000000,0.01047000
1788492720000,80849.02000000,80868.26000000,80825.80000000,80868.26000000,0.01898000
1788492780000,80861.43000000,80861.43000000,80822.98000000,80822.98000000,0.00433000
1788492840000,80816.75000000,80825.34000000,80816.62000000,80825.33000000,0.00636000
1788492900000,80823.03000000,80861.27000000,80805.16000000,80854.70000000,0.00499000
1788492960000,80854.70000000,80858.73000000,80825.55000000,80825.55000000,0.00643000
1788493020000,80815.80000000,80874.14000000,80815.80000000,80870.11000000,0.00562000
1788493080000,80874.14000000,80886.72000000,80870.10000000,80876.65000000,0.00726000
1788493140000,80875.63000000,80875.63000000,80856.71000000,80860.74000000,0.01465000
1788493200000,80832.43000000,80832.43000000,80821.56000000,80821.56000000,0.00722000
1788493260000,80821.56000000,80830.08000000,80811.05000000,80820.10000000,0.00629000
1788493320000,80814.25000000,80820.20000000,80812.60000000,80820.20000000,0.00528000
1788493380000,80812.73000000,80881.95000000,80812.73000000,80870.52000000,0.00754000
1788493440000,80866.64000000,80873.48000000,80862.26000000,80873.48000000,0.00514000
1788493500000,80872.29000000,80887.66000000,80872.29000000,80887.66000000,0.00587000
1788493560000,80882.80000000,80887.38000000,80856.18000000,80887.38000000,0.00571000
1788493620000,80883.33000000,80930.78000000,80883.33000000,80918.75000000,0.00510000
1788493680000,80939.38000000,80963.13000000,80939.38000000,80955.34000000,0.00460000
1788493740000,80948.67000000,80948.67000000,80919.75000000,80925.08000000,0.00995000
1788493800000,80922.05000000,80941.90000000,80922.05000000,80936.52000000,0.00615000
1788493860000,80940.27000000,80945.04000000,80936.52000000,80938.88000000,0.00465000
1788493920000,80931.73000000,80936.39000000,80931.73000000,80931.73000000,0.00537000
1788493980000,80894.51000000,80951.40000000,80894.51000000,80951.40000000,0.00467000
1788494040000,80942.03000000,80951.40000000,80922.51000000,80922.51000000,0.00495000
1788494100000,80935.90000000,80935.90000000,80898.18000000,80903.01000000,0.03102000
1788494160000,80898.18000000,80903.01000000,80871.45000000,80878.80000000,0.00582000
1788494220000,80889.27000000,80892.85000000,80878.80000000,80892.75000000,0.00547000
1788494280000,80892.85000000,80892.85000000,80887.67000000,80888.42000000,0.00277000
1788494340000,80888.42000000,80888.42000000,80882.63000000,80882.63000000,0.00293000
1788494400000,80852.08000000,80852.08000000,80842.33000000,80842.33000000,0.00293000
1788494460000,80829.49000000,80829.49000000,80827.15000000,80827.15000000,0.00187000
1788494520000,80823.66000000,80841.93000000,80823.66000000,80841.93000000,0.00157000
1788494580000,80832.25000000,80832.25000000,80826.31000000,80830.85000000,0.00240000
1788494640000,80837.91000000,80861.23000000,80822.83000000,80861.23000000,0.12231000
1788494700000,80852.56000000,80872.90000000,80852.56000000,80872.90000000,0.00297000
1788494760000,80884.89000000,80884.89000000,80872.12000000,80876.15000000,0.00267000
1788494820000,80876.15000000,80876.15000000,80876.15000000,80876.15000000,0.00000000
1788494880000,80876.15000000,80876.15000000,80876.15000000,80876.15000000,0.00000000
1788494940000,80872.18000000,80872.48000000,80872.18000000,80872.48000000,0.00247000
1788495000000,80872.48000000,80872.48000000,80872.48000000,80872.48000000,0.00000000
1788495060000,80867.09000000,80867.09000000,80867.09000000,80867.09000000,0.01398000
1788495120000,80867.09000000,80867.09000000,80867.09000000,80867.09000000,0.00000000
1788495180000,80867.09000000,80867.09000000,80867.09000000,80867.09000000,0.00000000
1788495240000,80867.09000000,80867.09000000,80867.09000000,80867.09000000,0.00000000
1788495300000,80867.09000000,80867.09000000,80867.09000000,80867.09000000,0.00000000
1788495360000,80996.62000000,81025.07000000,80996.62000000,81025.07000000,0.01172000
1788495420000,81059.32000000,81079.68000000,81047.74000000,81051.81000000,0.04442000
1788495480000,81061.40000000,81061.40000000,81061.40000000,81061.40000000,0.00617000
1788495540000,81076.16000000,81076.16000000,81076.16000000,81076.16000000,0.00014000
1788495600000,81076.16000000,81076.16000000,81076.16000000,81076.16000000,0.00000000
1788495660000,81097.61000000,81101.89000000,81097.61000000,81101.89000000,0.00275000
1788495720000,81129.92000000,81131.11000000,81129.92000000,81131.11000000,0.00879000
1788495780000,81150.56000000,81150.56000000,81150.56000000,81150.56000000,0.00196000
1788495840000,81164.60000000,81194.62000000,81164.60000000,81194.62000000,0.01468000
1788495900000,81198.09000000,81206.39000000,81163.69000000,81163.69000000,0.00224000
1788495960000,81209.03000000,81209.03000000,81209.03000000,81209.03000000,0.02461000
1788496020000,81209.03000000,81209.03000000,81209.03000000,81209.03000000,0.00000000
1788496080000,81229.72000000,81276.26000000,81229.72000000,81268.58000000,0.03010000
1788496140000,81238.12000000,81238.12000000,81238.12000000,81238.12000000,0.00615000
1788496200000,81267.61000000,81272.35000000,81261.97000000,81261.97000000,0.00247000
1788496260000,81230.59000000,81230.59000000,81196.60000000,81196.60000000,0.02477000
1788496320000,81177.08000000,81211.60000000,81172.79000000,81211.60000000,0.00628000
1788496380000,81198.96000000,81198.96000000,81174.84000000,81194.71000000,0.00230000
1788496440000,81189.18000000,81196.41000000,81189.18000000,81192.20000000,0.00186000
1788496500000,81182.39000000,81182.39000000,81179.40000000,81179.40000000,0.00174000
1788496560000,81159.29000000,81168.36000000,81154.57000000,81160.69000000,0.00192000
1788496620000,81157.34000000,81157.34000000,81145.25000000,81145.25000000,0.04519000
1788496680000,81123.54000000,81123.54000000,81066.51000000,81066.51000000,0.00207000
1788496740000,81058.91000000,81058.91000000,81020.02000000,81034.40000000,0.06744000
1788496800000,81036.61000000,81046.59000000,81025.09000000,81046.59000000,0.00245000
1788496860000,81050.32000000,81084.88000000,81050.32000000,81084.88000000,0.06071000
1788496920000,81098.24000000,81098.24000000,81078.73000000,81078.73000000,0.00329000
1788496980000,81057.00000000,81057.00000000,81021.85000000,81031.50000000,0.00514000
1788497040000,81028.98000000,81031.50000000,81028.44000000,81030.81000000,0.00632000
1788497100000,81031.50000000,81045.40000000,81013.59000000,81044.33000000,0.02678000
1788497160000,81073.66000000,81103.84000000,81073.66000000,81102.18000000,0.00758000
1788497220000,81102.18000000,81116.13000000,81075.55000000,81075.55000000,0.00322000
1788497280000,81071.34000000,81075.16000000,81060.04000000,81066.50000000,0.00604000
1788497340000,81056.41000000,81057.14000000,81054.88000000,81057.14000000,0.00184000
1788497400000,81057.16000000,81057.16000000,81036.82000000,81037.98000000,0.00384000
1788497460000,81037.98000000,81046.19000000,81031.19000000,81031.19000000,0.00249000
1788497520000,81041.75000000,81046.91000000,81041.38000000,81046.91000000,0.00194000
1788497580000,81082.15000000,81087.44000000,81081.67000000,81081.67000000,0.00307000
1788497640000,81072.98000000,81072.98000000,81072.98000000,81072.98000000,0.00051000
1788497700000,81132.55000000,81132.55000000,81132.55000000,81132.55000000,0.02465000
1788497760000,81130.82000000,81130.82000000,81130.82000000,81130.82000000,0.00006000
1788497820000,81097.58000000,81097.58000000,81097.58000000,81097.58000000,0.00011000
1788497880000,81097.58000000,81097.58000000,81097.58000000,81097.58000000,0.00000000
1788497940000,81097.58000000,81097.58000000,81097.58000000,81097.58000000,0.00000000
1788498000000,81097.58000000,81097.58000000,81097.58000000,81097.58000000,0.00000000
1788498060000,80992.59000000,80992.59000000,80992.59000000,80992.59000000,0.02469000
1788498120000,81004.11000000,81017.21000000,81004.11000000,81017.21000000,0.00131000
1788498180000,81017.21000000,81017.21000000,81017.21000000,81017.21000000,0.00000000
1788498240000,81017.21000000,81017.21000000,81017.21000000,81017.21000000,0.00000000
1788498300000,81002.78000000,81002.78000000,80999.88000000,81000.30000000,0.00343000
1788498360000,81000.30000000,81000.30000000,81000.30000000,81000.30000000,0.00000000
1788498420000,81032.45000000,81039.10000000,81032.45000000,81039.10000000,0.02905000
1788498480000,81054.20000000,81075.98000000,81054.20000000,81075.98000000,0.00101000
1788498540000,81075.98000000,81075.98000000,81075.98000000,81075.98000000,0.00000000
1788498600000,81050.73000000,81050.73000000,81050.73000000,81050.73000000,0.00033000
1788498660000,81056.62000000,81056.62000000,81038.17000000,81038.17000000,0.05015000
1788498720000,80993.53000000,81005.15000000,80993.53000000,81005.15000000,0.00960000
1788498780000,81012.09000000,81012.09000000,81012.09000000,81012.09000000,0.00073000
1788498840000,81012.09000000,81012.09000000,81012.09000000,81012.09000000,0.00000000
1788498900000,81012.09000000,81012.09000000,81012.09000000,81012.09000000,0.00000000
1788498960000,81012.09000000,81012.09000000,81012.09000000,81012.09000000,0.00000000
1788499020000,80955.24000000,80996.27000000,80955.24000000,80996.27000000,0.04008000
1788499080000,81077.71000000,81078.87000000,81077.71000000,81078.87000000,0.02467000
1788499140000,81078.87000000,81078.87000000,81078.87000000,81078.87000000,0.00000000
1788499200000,81090.55000000,81090.55000000,81046.45000000,81046.45000000,0.01798000
1788499260000,81043.92000000,81057.92000000,81043.92000000,81057.92000000,0.00305000
1788499320000,81056.07000000,81056.07000000,81056.07000000,81056.07000000,0.01593000
1788499380000,81089.58000000,81093.39000000,81089.58000000,81093.39000000,0.02466000
1788499440000,81093.39000000,81093.39000000,81093.39000000,81093.39000000,0.00000000
1788499500000,81124.60000000,81124.60000000,81064.91000000,81067.54000000,0.04670000
1788499560000,81067.54000000,81067.54000000,81067.54000000,81067.54000000,0.00000000
1788499620000,81096.51000000,81096.51000000,81096.51000000,81096.51000000,0.00095000
1788499680000,81068.04000000,81068.04000000,81068.04000000,81068.04000000,0.00197000
1788499740000,81034.06000000,81035.21000000,81034.06000000,81035.21000000,0.05748000
1788499800000,81023.63000000,81023.63000000,80905.60000000,80931.06000000,0.00881000
1788499860000,80931.06000000,80931.06000000,80931.06000000,80931.06000000,0.00000000
1788499920000,80931.06000000,80931.06000000,80931.06000000,80931.06000000,0.00000000
1788499980000,80931.06000000,80931.06000000,80931.06000000,80931.06000000,0.00000000
1788500040000,80931.06000000,80931.06000000,80931.06000000,80931.06000000,0.00000000
1788500100000,80982.46000000,80982.46000000,80982.46000000,80982.46000000,0.00069000
1788500160000,80963.66000000,80967.70000000,80963.66000000,80967.70000000,0.06985000
1788500220000,80997.45000000,80997.45000000,80997.45000000,80997.45000000,0.00011000
1788500280000,80997.45000000,80997.45000000,80997.45000000,80997.45000000,0.00000000
1788500340000,80965.89000000,80995.89000000,80953.21000000,80953.21000000,2.12550000
1788500400000,80932.84000000,80932.84000000,80932.84000000,80932.84000000,0.00469000
1788500460000,80932.83000000,80950.93000000,80932.83000000,80950.93000000,0.00012000
1788500520000,80981.85000000,80981.85000000,80981.85000000,80981.85000000,0.00370000
1788500580000,80981.85000000,80981.85000000,80981.85000000,80981.85000000,0.00000000
1788500640000,80981.85000000,80981.85000000,80981.85000000,80981.85000000,0.00000000
1788500700000,81039.70000000,81039.70000000,81017.53000000,81017.53000000,0.24750000
1788500760000,81017.53000000,81017.53000000,81017.53000000,81017.53000000,0.00000000
1788500820000,81017.53000000,81017.53000000,81017.53000000,81017.53000000,0.00000000
1788500880000,80933.19000000,80933.19000000,80930.79000000,80930.79000000,0.00739000
1788500940000,80930.15000000,80930.15000000,80909.66000000,80909.66000000,0.00014000
1788501000000,80905.60000000,80905.60000000,80896.65000000,80896.65000000,0.03414000
1788501060000,80896.65000000,80896.65000000,80896.65000000,80896.65000000,0.00000000
1788501120000,80896.65000000,80896.65000000,80896.65000000,80896.65000000,0.00000000
1788501180000,80896.65000000,80896.65000000,80896.65000000,80896.65000000,0.00000000
1788501240000,80896.65000000,80896.65000000,80896.65000000,80896.65000000,0.00000000
1788501300000,80867.22000000,80867.22000000,80867.22000000,80867.22000000,0.00377000
1788501360000,80900.96000000,80933.19000000,80867.22000000,80933.19000000,2.04577000
1788501420000,80936.06000000,80961.42000000,80936.06000000,80961.41000000,0.05446000
1788501480000,80979.92000000,80979.92000000,80979.92000000,80979.92000000,0.00881000
1788501540000,80979.92000000,80979.92000000,80979.92000000,80979.92000000,0.00000000
1788501600000,80961.47000000,80961.47000000,80936.11000000,80936.11000000,0.00032000
1788501660000,80936.11000000,80936.11000000,80936.11000000,80936.11000000,0.00000000
1788501720000,80936.11000000,80936.11000000,80936.11000000,80936.11000000,0.00000000
1788501780000,80936.11000000,80936.11000000,80936.11000000,80936.11000000,0.00000000
1788501840000,80929.24000000,80929.24000000,80929.24000000,80929.24000000,0.00013000
1788501900000,80929.24000000,80929.24000000,80929.24000000,80929.24000000,0.00000000
1788501960000,80929.24000000,80929.24000000,80929.24000000,80929.24000000,0.00000000
1788502020000,80929.24000000,80929.24000000,80929.24000000,80929.24000000,0.00000000
1788502080000,80929.24000000,80929.24000000,80929.24000000,80929.24000000,0.00000000
1788502140000,80999.22000000,80999.22000000,80999.22000000,80999.22000000,0.00006000
1788502200000,81053.11000000,81084.10000000,81053.11000000,81084.10000000,0.00576000
1788502260000,81069.73000000,81069.73000000,81069.73000000,81069.73000000,0.00002000
1788502320000,81068.66000000,81068.66000000,81068.65000000,81068.65000000,0.05698000
1788502380000,81082.76000000,81082.76000000,81082.76000000,81082.76000000,0.00010000
1788502440000,81018.53000000,81018.53000000,81018.53000000,81018.53000000,0.00095000
1788502500000,81011.22000000,81015.25000000,81007.76000000,81007.76000000,0.00421000
1788502560000,81007.76000000,81007.76000000,81007.76000000,81007.76000000,0.00000000
1788502620000,81012.48000000,81012.48000000,81012.48000000,81012.48000000,0.01185000
1788502680000,80997.13000000,80997.13000000,80997.13000000,80997.13000000,0.00003000
1788502740000,80997.13000000,80997.13000000,80997.13000000,80997.13000000,0.00000000
1788502800000,80963.64000000,80963.64000000,80963.64000000,80963.64000000,0.00003000
1788502860000,80963.64000000,80963.64000000,80963.64000000,80963.64000000,0.00000000
1788502920000,80963.64000000,80963.64000000,80963.64000000,80963.64000000,0.00000000
1788502980000,80963.64000000,80963.64000000,80963.64000000,80963.64000000,0.00000000
1788503040000,80930.15000000,80930.15000000,80892.61000000,80892.61000000,0.00661000
1788503100000,80863.16000000,80863.16000000,80863.16000000,80863.16000000,0.00003000
1788503160000,80829.67000000,80829.67000000,80796.17000000,80796.17000000,0.00006000
1788503220000,80796.17000000,80796.17000000,80796.17000000,80796.17000000,0.00000000
1788503280000,80796.17000000,80796.17000000,80796.17000000,80796.17000000,0.00000000
1788503340000,80762.68000000,80762.68000000,80729.19000000,80729.19000000,0.00873000
1788503400000,80729.19000000,80729.19000000,80729.19000000,80729.19000000,0.00000000
1788503460000,80729.19000000,80729.19000000,80729.19000000,80729.19000000,0.00000000
1788503520000,80729.19000000,80729.19000000,80729.19000000,80729.19000000,0.00000000
1788503580000,80751.56000000,80751.56000000,80747.34000000,80747.34000000,0.01464000
1788503640000,80747.34000000,80747.34000000,80747.34000000,80747.34000000,0.00000000
1788503700000,80747.34000000,80747.34000000,80747.34000000,80747.34000000,0.00000000
1788503760000,80695.69000000,80695.69000000,80595.21000000,80595.21000000,0.60988000
1788503820000,80621.53000000,80621.53000000,80621.53000000,80621.53000000,0.01178000
1788503880000,80621.53000000,80621.53000000,80621.53000000,80621.53000000,0.00000000
1788503940000,80703.74000000,80759.26000000,80703.74000000,80759.26000000,0.00937000
1788504000000,80786.70000000,80793.46000000,80780.64000000,80793.46000000,0.00993000
1788504060000,80793.45000000,80834.45000000,80772.70000000,80834.45000000,0.00739000
1788504120000,80823.87000000,80823.87000000,80820.60000000,80820.60000000,0.00617000
1788504180000,80820.60000000,80843.15000000,80820.60000000,80843.15000000,0.00598000
1788504240000,80850.87000000,80858.54000000,80848.09000000,80848.09000000,0.00545000
1788504300000,80857.00000000,80862.61000000,80857.00000000,80860.58000000,0.00559000
1788504360000,80838.75000000,80842.35000000,80836.13000000,80842.35000000,0.00452000
1788504420000,80830.64000000,80830.64000000,80819.95000000,80819.95000000,0.00577000
1788504480000,80819.94000000,80819.94000000,80798.70000000,80798.70000000,0.00689000
1788504540000,80789.32000000,80789.32000000,80762.51000000,80762.51000000,0.00489000
1788504600000,80762.84000000,80762.84000000,80745.97000000,80745.97000000,0.00645000
1788504660000,80746.12000000,80746.12000000,80740.33000000,80740.33000000,0.00559000
1788504720000,80730.34000000,80730.34000000,80729.19000000,80729.19000000,0.00701000
1788504780000,80735.79000000,80761.53000000,80735.79000000,80755.46000000,0.01575000
1788504840000,80763.37000000,80774.79000000,80763.37000000,80774.18000000,0.00548000
1788504900000,80786.59000000,80789.81000000,80779.79000000,80789.81000000,0.00652000
1788504960000,80796.65000000,80796.65000000,80768.08000000,80768.08000000,0.00667000
1788505020000,80767.93000000,80768.02000000,80753.92000000,80761.99000000,0.00549000
1788505080000,80762.59000000,80771.59000000,80762.59000000,80771.59000000,0.03220000
1788505140000,80771.59000000,80771.59000000,80771.59000000,80771.59000000,0.00000000
1788505200000,80815.80000000,80849.34000000,80815.80000000,80849.34000000,0.90558000
1788505260000,80857.66000000,80869.10000000,80857.66000000,80860.34000000,0.15425000
1788505320000,80855.34000000,80855.34000000,80855.34000000,80855.34000000,0.00014000
1788505380000,80855.34000000,80855.34000000,80855.34000000,80855.34000000,0.00000000
1788505440000,80894.08000000,80894.08000000,80894.08000000,80894.08000000,0.00004000
1788505500000,80894.08000000,80894.08000000,80894.08000000,80894.08000000,0.00000000
1788505560000,80894.08000000,80894.08000000,80894.08000000,80894.08000000,0.00000000
1788505620000,80869.13000000,80913.20000000,80869.13000000,80913.20000000,0.04901000
1788505680000,80913.88000000,80913.88000000,80912.33000000,80912.33000000,0.02477000
1788505740000,80911.89000000,80925.82000000,80906.24000000,80923.15000000,0.22076000
1788505800000,80921.71000000,80928.68000000,80921.71000000,80926.63000000,0.08916000
1788505860000,80909.92000000,80945.68000000,80901.54000000,80945.68000000,0.70534000
1788505920000,80932.93000000,80932.93000000,80932.93000000,80932.93000000,0.00066000
1788505980000,80932.93000000,80932.93000000,80932.93000000,80932.93000000,0.00000000
1788506040000,80957.22000000,80957.22000000,80935.31000000,80935.31000000,0.06835000
1788506100000,80927.39000000,80927.39000000,80896.65000000,80896.65000000,0.05218000
1788506160000,80890.22000000,80890.22000000,80860.36000000,80860.36000000,0.02767000
1788506220000,80867.34000000,80887.00000000,80867.34000000,80887.00000000,0.01051000
1788506280000,80887.00000000,80887.00000000,80887.00000000,80887.00000000,0.00000000
1788506340000,80896.91000000,80896.91000000,80896.67000000,80896.67000000,0.00434000
1788506400000,80896.67000000,80896.67000000,80896.67000000,80896.67000000,0.00000000
1788506460000,80895.83000000,80895.83000000,80888.89000000,80888.89000000,0.01190000
1788506520000,80888.89000000,80888.89000000,80888.89000000,80888.89000000,0.00000000
1788506580000,80888.89000000,80888.89000000,80888.89000000,80888.89000000,0.00000000
1788506640000,80888.89000000,80888.89000000,80888.89000000,80888.89000000,0.00000000
1788506700000,80888.89000000,80888.89000000,80888.89000000,80888.89000000,0.00000000
1788506760000,80888.89000000,80888.89000000,80888.89000000,80888.89000000,0.00000000
1788506820000,80849.42000000,80849.42000000,80844.51000000,80844.51000000,0.01078000
1788506880000,80890.68000000,80890.68000000,80890.68000000,80890.68000000,0.00197000
1788506940000,80890.68000000,80890.68000000,80890.68000000,80890.68000000,0.00000000
1788507000000,80890.68000000,80890.68000000,80890.68000000,80890.68000000,0.00000000
1788507060000,80871.25000000,80871.25000000,80871.24000000,80871.24000000,0.01219000
1788507120000,80871.24000000,80871.24000000,80871.24000000,80871.24000000,0.00198000
1788507180000,80884.79000000,80884.79000000,80884.79000000,80884.79000000,0.00017000
1788507240000,80860.84000000,80860.84000000,80860.84000000,80860.84000000,0.01326000
1788507300000,80860.84000000,80860.84000000,80860.84000000,80860.84000000,0.00000000
1788507360000,80829.67000000,80829.67000000,80829.67000000,80829.67000000,0.00003000
1788507420000,80796.17000000,80796.17000000,80786.11000000,80786.11000000,0.01000000
1788507480000,80786.11000000,80786.11000000,80786.11000000,80786.11000000,0.00000000
1788507540000,80762.68000000,80762.68000000,80747.09000000,80749.75000000,0.00661000
1788507600000,80785.52000000,80785.52000000,80785.52000000,80785.52000000,0.00011000
1788507660000,80785.52000000,80785.52000000,80785.52000000,80785.52000000,0.00000000
1788507720000,80773.66000000,80773.66000000,80773.66000000,80773.66000000,0.02371000
1788507780000,80773.66000000,80773.66000000,80773.66000000,80773.66000000,0.00000000
1788507840000,80773.66000000,80773.66000000,80773.66000000,80773.66000000,0.00000000
1788507900000,80769.31000000,80769.31000000,80754.45000000,80754.45000000,0.01124000
1788507960000,80754.45000000,80754.45000000,80754.45000000,80754.45000000,0.00000000
1788508020000,80754.45000000,80754.45000000,80754.45000000,80754.45000000,0.00000000
1788508080000,80733.23000000,80733.23000000,80733.23000000,80733.23000000,0.00003000
1788508140000,80733.23000000,80733.23000000,80733.23000000,80733.23000000,0.00000000
1788508200000,80729.20000000,80729.20000000,80729.20000000,80729.20000000,0.00006000
1788508260000,80729.20000000,80750.00000000,80729.20000000,80750.00000000,0.20612000
1788508320000,80750.00000000,80750.00000000,80707.99000000,80707.99000000,0.90218000
1788508380000,80724.60000000,80724.60000000,80724.60000000,80724.60000000,0.00124000
1788508440000,80724.60000000,80724.60000000,80724.60000000,80724.60000000,0.00619000
1788508500000,80724.60000000,80724.60000000,80724.60000000,80724.60000000,0.00000000
1788508560000,80724.60000000,80724.60000000,80724.60000000,80724.60000000,0.00000000
1788508620000,80695.69000000,80695.69000000,80695.69000000,80695.69000000,0.00743000
1788508680000,80695.69000000,80695.69000000,80695.69000000,80695.69000000,0.00000000
1788508740000,80695.69000000,80695.69000000,80695.69000000,80695.69000000,0.00000000
1788508800000,80695.69000000,80695.69000000,80695.69000000,80695.69000000,0.00000000
1788508860000,80695.69000000,80695.69000000,80695.69000000,80695.69000000,0.00000000
1788508920000,80637.39000000,80637.39000000,80637.39000000,80637.39000000,0.00012000
1788508980000,80637.39000000,80637.39000000,80637.39000000,80637.39000000,0.00000000
1788509040000,80637.39000000,80637.39000000,80637.39000000,80637.39000000,0.00000000
1788509100000,80628.71000000,80628.71000000,80556.81000000,80609.52000000,0.06123000
1788509160000,80670.74000000,80725.23000000,80670.74000000,80725.23000000,0.00033000
1788509220000,80725.23000000,80725.23000000,80725.23000000,80725.23000000,0.00000000
1788509280000,80725.23000000,80725.23000000,80725.23000000,80725.23000000,0.00000000
1788509340000,80718.36000000,80723.11000000,80717.00000000,80717.67000000,0.02856000
1788509400000,80731.87000000,80731.87000000,80731.67000000,80731.67000000,0.00743000
1788509460000,80731.67000000,80731.67000000,80731.67000000,80731.67000000,0.00000000
1788509520000,80731.67000000,80731.67000000,80731.67000000,80731.67000000,0.00000000
1788509580000,80724.21000000,80724.21000000,80724.21000000,80724.21000000,0.00004000
1788509640000,80725.63000000,80725.63000000,80725.63000000,80725.63000000,0.00602000
1788509700000,80725.63000000,80725.63000000,80725.63000000,80725.63000000,0.00000000
1788509760000,80801.41000000,80807.95000000,80801.41000000,80807.95000000,0.00162000
1788509820000,80837.27000000,80837.27000000,80829.61000000,80829.61000000,0.02477000
1788509880000,80829.61000000,80829.61000000,80829.61000000,80829.61000000,0.00000000
1788509940000,80829.61000000,80829.61000000,80829.61000000,80829.61000000,0.00000000
1788510000000,80829.61000000,80829.61000000,80829.61000000,80829.61000000,0.00000000
1788510060000,80829.61000000,80829.61000000,80829.61000000,80829.61000000,0.00000000
1788510120000,80873.23000000,80873.23000000,80873.23000000,80873.23000000,0.00185000
1788510180000,80873.23000000,80873.23000000,80873.23000000,80873.23000000,0.00000000
1788510240000,80873.62000000,80900.00000000,80873.62000000,80900.00000000,0.07802000
1788510300000,80900.00000000,80942.41000000,80900.00000000,80938.12000000,1.02874000
1788510360000,80940.63000000,80973.33000000,80940.63000000,80953.49000000,0.04385000
1788510420000,80953.49000000,80953.49000000,80953.49000000,80953.49000000,0.00000000
1788510480000,80953.49000000,80953.49000000,80953.49000000,80953.49000000,0.00000000
1788510540000,80953.49000000,80953.49000000,80953.49000000,80953.49000000,0.00000000
1788510600000,81000.55000000,81067.34000000,81000.55000000,81067.34000000,0.07009000
1788510660000,81074.95000000,81083.40000000,81029.99000000,81029.99000000,0.05157000
1788510720000,81012.48000000,81012.48000000,80986.54000000,81001.41000000,0.02138000
1788510780000,81041.92000000,81048.37000000,81041.92000000,81048.37000000,0.02727000
1788510840000,81072.29000000,81131.11000000,81072.29000000,81131.11000000,0.01025000
1788510900000,81113.57000000,81113.57000000,81113.57000000,81113.57000000,0.00123000
1788510960000,81113.57000000,81113.57000000,81113.57000000,81113.57000000,0.00000000
1788511020000,81081.72000000,81130.18000000,81081.72000000,81090.14000000,0.05582000
1788511080000,81090.14000000,81090.14000000,81090.14000000,81090.14000000,0.00000000
1788511140000,81090.14000000,81090.14000000,81090.14000000,81090.14000000,0.00000000
1788511200000,81097.61000000,81097.61000000,81064.12000000,81077.04000000,0.01631000
1788511260000,81115.24000000,81148.67000000,81115.24000000,81148.67000000,0.03013000
1788511320000,81146.82000000,81146.82000000,81135.21000000,81135.21000000,0.01087000
1788511380000,81097.61000000,81097.61000000,81062.75000000,81062.75000000,0.00114000
1788511440000,81062.75000000,81062.75000000,81062.75000000,81062.75000000,0.00000000
1788511500000,81055.55000000,81055.55000000,81055.55000000,81055.55000000,0.00194000
1788511560000,81131.11000000,81192.20000000,81003.45000000,81102.57000000,0.03079000
1788511620000,81102.57000000,81102.57000000,81102.57000000,81102.57000000,0.00000000
1788511680000,81097.61000000,81097.61000000,81073.24000000,81082.42000000,0.00333000
1788511740000,81131.11000000,81146.11000000,81131.11000000,81146.11000000,0.01191000
1788511800000,81124.33000000,81146.58000000,81124.33000000,81132.60000000,0.01494000
1788511860000,81113.51000000,81143.43000000,81113.51000000,81143.43000000,0.00392000
1788511920000,81137.16000000,81137.16000000,81124.56000000,81124.63000000,0.02387000
1788511980000,81124.63000000,81124.63000000,81124.63000000,81124.63000000,0.00000000
1788512040000,81180.44000000,81222.69000000,81180.44000000,81219.78000000,0.04949000
1788512100000,81222.99000000,81222.99000000,81222.99000000,81222.99000000,0.00016000
1788512160000,81222.99000000,81222.99000000,81222.99000000,81222.99000000,0.00000000
1788512220000,81124.67000000,81137.09000000,81124.67000000,81137.09000000,0.01304000
1788512280000,81137.09000000,81137.09000000,81137.09000000,81137.09000000,0.00000000
1788512340000,81135.16000000,81135.16000000,81135.16000000,81135.16000000,0.00492000
1788512400000,81135.17000000,81135.17000000,81135.17000000,81135.17000000,0.00406000
1788512460000,81134.17000000,81134.17000000,81134.17000000,81134.17000000,0.00092000
1788512520000,81164.60000000,81164.60000000,81164.60000000,81164.60000000,0.00003000
1788512580000,81220.53000000,81220.53000000,81171.15000000,81171.15000000,0.03860000
1788512640000,81171.15000000,81171.15000000,81171.15000000,81171.15000000,0.00000000
1788512700000,81171.15000000,81171.15000000,81171.15000000,81171.15000000,0.00000000
1788512760000,81171.94000000,81171.94000000,81171.94000000,81171.94000000,0.00014000
1788512820000,81135.17000000,81171.03000000,81135.17000000,81157.81000000,0.02829000
1788512880000,81147.29000000,81147.29000000,81147.29000000,81147.29000000,0.00011000
1788512940000,81131.11000000,81131.11000000,81108.34000000,81108.34000000,0.00033000
1788513000000,81108.34000000,81108.34000000,81108.34000000,81108.34000000,0.00000000
1788513060000,81101.67000000,81157.46000000,81101.67000000,81157.46000000,0.04344000
1788513120000,81157.46000000,81157.46000000,81157.46000000,81157.46000000,0.00000000
1788513180000,81139.49000000,81146.05000000,81139.49000000,81146.05000000,0.00881000
1788513240000,81146.05000000,81146.05000000,81146.05000000,81146.05000000,0.00000000
1788513300000,81146.05000000,81146.05000000,81146.05000000,81146.05000000,0.00000000
1788513360000,81154.24000000,81291.41000000,81154.24000000,81284.42000000,0.02911000
1788513420000,81297.38000000,81297.38000000,81297.38000000,81297.38000000,0.00022000
1788513480000,81297.38000000,81297.38000000,81297.38000000,81297.38000000,0.00000000
1788513540000,81238.06000000,81270.37000000,81207.94000000,81207.94000000,0.26377000
1788513600000,81131.11000000,81131.11000000,81097.61000000,81097.61000000,0.00097000
1788513660000,81064.12000000,81064.12000000,81064.12000000,81064.12000000,0.00003000
1788513720000,81030.63000000,81048.78000000,80968.83000000,81048.78000000,0.00225000
1788513780000,81048.78000000,81048.78000000,81048.78000000,81048.78000000,0.00000000
1788513840000,81048.78000000,81048.78000000,81048.78000000,81048.78000000,0.00000000
1788513900000,81048.78000000,81048.78000000,81048.78000000,81048.78000000,0.00000000
1788513960000,80963.64000000,80963.64000000,80963.64000000,80963.64000000,0.00003000
1788514020000,80963.64000000,80963.64000000,80963.64000000,80963.64000000,0.00000000
1788514080000,80963.64000000,80963.64000000,80963.64000000,80963.64000000,0.00000000
1788514140000,81053.05000000,81053.46000000,81053.05000000,81053.46000000,0.03084000
1788514200000,81035.43000000,81035.43000000,81035.43000000,81035.43000000,0.00197000
1788514260000,81002.34000000,81013.32000000,81002.34000000,81013.32000000,0.18417000
1788514320000,81013.32000000,81013.32000000,81013.32000000,81013.32000000,0.00000000
1788514380000,81013.32000000,81013.32000000,81013.32000000,81013.32000000,0.00000000
1788514440000,81090.63000000,81090.63000000,81090.63000000,81090.63000000,0.00014000
1788514500000,81044.19000000,81044.19000000,81033.82000000,81037.86000000,0.03268000
1788514560000,81050.92000000,81095.75000000,81050.92000000,81095.75000000,0.03275000
1788514620000,81131.10000000,81164.60000000,81131.10000000,81164.60000000,0.00242000
1788514680000,81198.09000000,81217.34000000,81180.60000000,81180.60000000,0.03309000
1788514740000,81201.72000000,81206.31000000,81187.77000000,81187.77000000,2.13668000
1788514800000,81187.77000000,81187.77000000,81187.77000000,81187.77000000,0.00000000
1788514860000,81187.77000000,81187.77000000,81187.77000000,81187.77000000,0.00000000
1788514920000,81187.77000000,81187.77000000,81187.77000000,81187.77000000,0.00386000
1788514980000,81187.77000000,81187.77000000,81187.77000000,81187.77000000,0.00000000
1788515040000,81159.93000000,81174.07000000,81159.93000000,81165.60000000,0.03426000
1788515100000,81212.28000000,81212.67000000,81212.28000000,81212.67000000,0.03078000
1788515160000,81212.67000000,81212.67000000,81212.67000000,81212.67000000,0.00000000
1788515220000,81142.57000000,81145.71000000,81142.57000000,81145.71000000,0.00203000
1788515280000,81131.11000000,81131.11000000,81131.11000000,81131.11000000,0.00003000
1788515340000,81113.57000000,81124.27000000,81097.62000000,81097.62000000,0.03089000
1788515400000,81106.84000000,81106.84000000,81106.84000000,81106.84000000,0.00181000
1788515460000,81097.61000000,81097.61000000,81078.90000000,81078.90000000,0.00011000
1788515520000,81064.18000000,81064.18000000,81057.18000000,81057.18000000,0.00441000
1788515580000,81057.18000000,81057.18000000,81057.18000000,81057.18000000,0.00000000
1788515640000,81062.64000000,81081.49000000,81062.64000000,81081.49000000,0.24723000
1788515700000,81118.30000000,81118.30000000,81118.30000000,81118.30000000,0.00011000
1788515760000,81131.11000000,81164.60000000,81131.11000000,81164.60000000,0.00006000
1788515820000,81164.60000000,81164.60000000,81164.60000000,81164.60000000,0.00000000
1788515880000,81074.06000000,81074.06000000,81064.12000000,81064.12000000,0.00095000
1788515940000,81064.12000000,81064.12000000,81064.12000000,81064.12000000,0.00000000
1788516000000,81030.63000000,81030.63000000,80997.13000000,80997.13000000,0.00017000
1788516060000,81020.63000000,81026.82000000,80997.13000000,81026.82000000,2.03186000
1788516120000,81026.82000000,81026.82000000,81026.82000000,81026.82000000,0.00000000
1788516180000,81079.78000000,81079.78000000,81079.78000000,81079.78000000,0.00011000
1788516240000,81106.45000000,81106.45000000,81106.45000000,81106.45000000,0.03078000
1788516300000,81093.24000000,81093.24000000,81093.24000000,81093.24000000,0.00139000
1788516360000,81006.96000000,81006.96000000,80995.21000000,81002.50000000,0.00471000
1788516420000,81002.50000000,81002.50000000,81002.50000000,81002.50000000,0.00000000
1788516480000,81002.50000000,81002.50000000,81002.50000000,81002.50000000,0.00000000
1788516540000,80977.68000000,80977.68000000,80958.82000000,80958.82000000,0.02383000
1788516600000,80930.15000000,80930.15000000,80930.15000000,80930.15000000,0.00003000
1788516660000,80930.15000000,80930.15000000,80930.15000000,80930.15000000,0.00000000
1788516720000,80930.15000000,80930.15000000,80930.15000000,80930.15000000,0.00000000
1788516780000,80969.38000000,80969.38000000,80963.64000000,80963.64000000,0.00199000
1788516840000,80952.12000000,80952.12000000,80952.12000000,80952.12000000,0.00037000
1788516900000,80955.36000000,80955.36000000,80940.77000000,80940.77000000,0.00213000
1788516960000,80896.65000000,80896.65000000,80896.65000000,80896.65000000,0.00003000
1788517020000,80863.16000000,80863.16000000,80846.91000000,80846.91000000,0.00066000
1788517080000,80838.88000000,80838.88000000,80838.88000000,80838.88000000,0.00002000
1788517140000,80838.88000000,80838.88000000,80838.88000000,80838.88000000,0.00000000
1788517200000,80838.88000000,80838.88000000,80838.88000000,80838.88000000,0.00000000
1788517260000,80856.67000000,80856.67000000,80856.67000000,80856.67000000,0.00196000
1788517320000,80856.67000000,80856.67000000,80856.67000000,80856.67000000,0.00000000
1788517380000,80850.20000000,80850.20000000,80850.20000000,80850.20000000,0.00099000
1788517440000,80850.20000000,80850.20000000,80850.20000000,80850.20000000,0.00000000
1788517500000,80849.77000000,80869.81000000,80849.77000000,80869.81000000,0.02703000
1788517560000,80861.20000000,80861.20000000,80861.20000000,80861.20000000,0.00957000
1788517620000,80872.67000000,80872.67000000,80872.67000000,80872.67000000,0.00011000
1788517680000,80872.67000000,80872.67000000,80872.67000000,80872.67000000,0.00000000
1788517740000,80872.67000000,80872.67000000,80872.67000000,80872.67000000,0.00000000
1788517800000,80872.67000000,80872.67000000,80872.67000000,80872.67000000,0.00000000
1788517860000,80872.67000000,80872.67000000,80872.67000000,80872.67000000,0.00000000
1788517920000,80872.67000000,80872.67000000,80872.67000000,80872.67000000,0.00000000
1788517980000,80872.67000000,80872.67000000,80872.67000000,80872.67000000,0.00000000
1788518040000,80872.67000000,80872.67000000,80872.67000000,80872.67000000,0.00000000
1788518100000,80872.67000000,80872.67000000,80872.67000000,80872.67000000,0.00000000
1788518160000,80987.67000000,80987.67000000,80987.67000000,80987.67000000,0.00312000
1788518220000,80987.67000000,80987.67000000,80987.67000000,80987.67000000,0.00000000
1788518280000,80987.67000000,80987.67000000,80987.67000000,80987.67000000,0.00000000
1788518340000,81079.61000000,81079.61000000,81079.61000000,81079.61000000,0.00137000
1788518400000,81095.41000000,81102.15000000,81095.41000000,81100.77000000,0.06765000
1788518460000,81056.95000000,81056.95000000,81056.95000000,81056.95000000,0.00196000
1788518520000,81056.95000000,81056.95000000,81056.95000000,81056.95000000,0.00000000
1788518580000,81056.95000000,81056.95000000,81056.95000000,81056.95000000,0.00000000
1788518640000,81056.95000000,81056.95000000,81056.95000000,81056.95000000,0.00000000
1788518700000,81056.95000000,81056.95000000,81056.95000000,81056.95000000,0.00000000
1788518760000,81056.95000000,81056.95000000,81056.95000000,81056.95000000,0.00271000
1788518820000,81056.95000000,81056.95000000,81056.95000000,81056.95000000,0.00000000
1788518880000,81056.95000000,81056.95000000,81056.95000000,81056.95000000,0.00000000
1788518940000,81056.95000000,81056.95000000,81056.95000000,81056.95000000,0.00000000
1788519000000,81080.53000000,81080.53000000,81080.53000000,81080.53000000,0.00124000
1788519060000,81041.03000000,81049.61000000,81041.03000000,81049.61000000,0.00369000
1788519120000,81049.61000000,81049.61000000,81049.61000000,81049.61000000,0.00000000
1788519180000,81049.61000000,81049.61000000,81049.61000000,81049.61000000,0.00000000
1788519240000,81034.54000000,81047.24000000,81029.62000000,81047.24000000,0.02077000
1788519300000,81047.24000000,81047.24000000,81047.24000000,81047.24000000,0.00000000
1788519360000,81105.05000000,81105.05000000,81105.05000000,81105.05000000,0.00460000
1788519420000,81105.05000000,81105.05000000,81105.05000000,81105.05000000,0.00000000
1788519480000,81131.11000000,81131.11000000,81131.11000000,81131.11000000,0.00003000
1788519540000,81164.60000000,81164.60000000,81164.60000000,81164.60000000,0.00003000
1788519600000,81188.27000000,81188.27000000,81188.27000000,81188.27000000,0.00123000
1788519660000,81116.92000000,81116.92000000,81116.92000000,81116.92000000,0.00020000
1788519720000,81116.92000000,81116.92000000,81116.92000000,81116.92000000,0.00000000
1788519780000,81103.46000000,81103.46000000,81091.63000000,81091.63000000,0.00195000
1788519840000,81083.19000000,81083.61000000,81083.19000000,81083.61000000,0.04425000
1788519900000,81083.61000000,81083.61000000,81083.61000000,81083.61000000,0.00000000
1788519960000,81130.59000000,81131.96000000,81130.59000000,81131.96000000,0.00026000
1788520020000,81131.96000000,81131.96000000,81131.96000000,81131.96000000,0.00000000
1788520080000,81164.60000000,81180.45000000,81164.60000000,81180.45000000,0.00005000
1788520140000,81177.82000000,81177.82000000,81163.30000000,81163.30000000,0.02722000
1788520200000,81163.30000000,81163.30000000,81163.30000000,81163.30000000,0.00000000
1788520260000,81168.62000000,81168.62000000,81129.45000000,81129.45000000,0.00512000
1788520320000,81135.24000000,81149.64000000,81135.24000000,81149.64000000,0.00545000
1788520380000,81149.64000000,81187.38000000,81149.64000000,81187.38000000,0.00361000
1788520440000,81198.08000000,81213.35000000,81182.65000000,81188.37000000,0.02966000
1788520500000,81182.97000000,81223.29000000,81178.78000000,81213.04000000,0.04469000
1788520560000,81190.69000000,81209.09000000,81190.69000000,81209.09000000,0.00516000
1788520620000,81214.72000000,81214.72000000,81170.29000000,81170.29000000,0.00496000
1788520680000,81164.60000000,81164.60000000,81131.08000000,81139.92000000,0.00455000
1788520740000,81136.74000000,81171.90000000,81136.74000000,81171.90000000,0.00835000
1788520800000,81188.88000000,81210.52000000,81188.88000000,81210.52000000,0.00384000
1788520860000,81193.19000000,81200.77000000,81186.64000000,81200.77000000,0.00465000
1788520920000,81229.99000000,81263.42000000,81229.99000000,81254.45000000,0.01408000
1788520980000,81261.69000000,81261.69000000,81261.47000000,81261.48000000,0.00460000
1788521040000,81262.03000000,81265.07000000,81262.03000000,81265.07000000,0.00383000
1788521100000,81265.07000000,81285.53000000,81265.07000000,81269.32000000,0.00473000
1788521160000,81260.78000000,81307.67000000,81260.78000000,81307.67000000,0.00677000
1788521220000,81284.35000000,81361.49000000,81284.35000000,81361.49000000,0.06678000
1788521280000,81351.11000000,81354.06000000,81351.11000000,81354.06000000,0.00401000
1788521340000,81365.56000000,81395.09000000,81337.31000000,81337.31000000,0.00576000
1788521400000,81287.22000000,81299.06000000,81266.17000000,81266.17000000,0.00465000
1788521460000,81294.76000000,81294.76000000,81274.07000000,81287.39000000,0.00516000
1788521520000,81284.13000000,81291.60000000,81269.01000000,81291.60000000,0.00371000
1788521580000,81270.86000000,81270.86000000,81250.66000000,81252.30000000,0.00495000
1788521640000,81240.33000000,81261.84000000,81239.87000000,81239.87000000,0.00578000
1788521700000,81243.85000000,81264.34000000,81243.85000000,81264.34000000,0.00347000
1788521760000,81262.56000000,81276.39000000,81262.56000000,81276.39000000,0.00649000
1788521820000,81274.43000000,81281.85000000,81262.35000000,81281.85000000,0.00363000
1788521880000,81289.79000000,81300.00000000,81289.79000000,81300.00000000,0.06508000
1788521940000,81285.77000000,81285.77000000,81285.77000000,81285.77000000,0.01229000
1788522000000,81285.77000000,81285.77000000,81285.77000000,81285.77000000,0.00000000
1788522060000,81265.08000000,81265.08000000,81265.08000000,81265.08000000,0.00003000
1788522120000,81265.08000000,81265.08000000,81265.08000000,81265.08000000,0.00000000
1788522180000,81231.59000000,81231.59000000,81227.91000000,81227.91000000,0.00014000
1788522240000,81227.91000000,81227.91000000,81227.91000000,81227.91000000,0.00000000
1788522300000,81227.91000000,81227.91000000,81227.91000000,81227.91000000,0.00000000
1788522360000,81227.91000000,81227.91000000,81227.91000000,81227.91000000,0.00000000
1788522420000,81224.79000000,81247.92000000,81224.79000000,81247.92000000,0.01469000
1788522480000,81239.46000000,81239.46000000,81239.46000000,81239.46000000,0.00197000
1788522540000,81239.46000000,81239.46000000,81239.46000000,81239.46000000,0.00000000
1788522600000,81239.46000000,81239.46000000,81239.46000000,81239.46000000,0.00000000
1788522660000,81239.46000000,81239.46000000,81239.46000000,81239.46000000,0.00000000
1788522720000,81298.57000000,81298.57000000,81298.57000000,81298.57000000,0.00003000
1788522780000,81283.33000000,81284.08000000,81283.33000000,81284.08000000,0.00012000
1788522840000,81285.13000000,81285.13000000,81276.58000000,81276.58000000,0.03161000
1788522900000,81289.74000000,81289.74000000,81289.74000000,81289.74000000,0.00123000
1788522960000,81290.54000000,81290.54000000,81290.54000000,81290.54000000,0.00002000
1788523020000,81265.08000000,81265.08000000,81265.08000000,81265.08000000,0.00003000
1788523080000,81265.08000000,81265.08000000,81265.08000000,81265.08000000,0.00000000
1788523140000,81265.08000000,81265.08000000,81265.08000000,81265.08000000,0.00000000
1788523200000,81265.08000000,81265.08000000,81265.08000000,81265.08000000,0.00000000
1788523260000,81244.19000000,81244.19000000,81198.09000000,81198.09000000,0.00093000
1788523320000,81168.65000000,81181.04000000,81166.42000000,81181.04000000,0.00078000
1788523380000,81194.18000000,81224.31000000,81194.18000000,81224.31000000,0.00345000
1788523440000,81240.19000000,81240.19000000,81198.34000000,81198.34000000,0.00072000
1788523500000,81207.85000000,81241.67000000,81207.85000000,81226.68000000,0.03463000
1788523560000,81183.62000000,81183.62000000,81161.15000000,81161.15000000,0.00129000
1788523620000,81152.16000000,81168.90000000,81152.16000000,81155.76000000,0.00138000
1788523680000,81157.83000000,81231.58000000,81157.83000000,81230.57000000,0.00733000
1788523740000,81231.59000000,81262.35000000,81231.59000000,81261.88000000,0.00218000
1788523800000,81223.34000000,81223.34000000,81168.59000000,81168.59000000,0.00484000
1788523860000,81168.97000000,81168.97000000,81164.60000000,81165.26000000,0.00070000
1788523920000,81165.26000000,81165.26000000,81146.90000000,81146.90000000,0.00074000
1788523980000,81151.23000000,81186.97000000,81151.23000000,81186.97000000,0.01320000
1788524040000,81249.45000000,81249.45000000,81233.37000000,81233.37000000,0.00072000
1788524100000,81232.37000000,81232.37000000,81198.31000000,81198.31000000,0.00085000
1788524160000,81193.65000000,81216.23000000,81123.44000000,81143.62000000,0.04526000
1788524220000,81158.37000000,81189.36000000,81158.37000000,81189.36000000,0.00142000
1788524280000,81170.24000000,81170.24000000,81141.63000000,81141.63000000,0.00144000
1788524340000,81139.96000000,81176.12000000,81139.96000000,81176.12000000,0.00111000
1788524400000,81170.68000000,81182.49000000,81151.58000000,81151.58000000,0.00198000
1788524460000,81142.51000000,81147.17000000,81142.51000000,81147.17000000,0.00057000
1788524520000,81179.99000000,81179.99000000,81157.59000000,81157.59000000,0.00091000
1788524580000,81152.47000000,81152.47000000,81138.73000000,81139.79000000,0.00523000
1788524640000,81197.36000000,81231.21000000,81197.36000000,81231.21000000,0.00060000
1788524700000,81205.95000000,81242.23000000,81205.95000000,81242.23000000,0.00090000
1788524760000,81234.69000000,81298.56000000,81234.69000000,81282.53000000,0.00624000
1788524820000,81260.46000000,81287.36000000,81260.46000000,81287.36000000,0.00082000
1788524880000,81255.73000000,81284.13000000,81255.73000000,81284.13000000,0.00065000
1788524940000,81284.12000000,81332.07000000,81254.88000000,81332.07000000,0.03173000
1788525000000,81344.70000000,81344.70000000,80182.89000000,80182.89000000,3.99783000
1788525060000,80195.86000000,80283.70000000,79701.00000000,79962.65000000,1.08851000
1788525120000,79964.70000000,79964.70000000,79700.00000000,79902.14000000,2.20410000
1788525180000,79898.14000000,79920.46000000,79756.99000000,79920.46000000,2.47530000
1788525240000,79849.16000000,79961.91000000,79802.72000000,79872.09000000,0.14709000
1788525300000,79833.34000000,79949.20000000,79796.67000000,79895.90000000,0.01416000
1788525360000,79868.77000000,79868.77000000,79780.60000000,79780.60000000,0.00751000
1788525420000,79690.90000000,79690.90000000,79437.32000000,79664.37000000,1.10943000
1788525480000,79660.38000000,79710.24000000,79614.92000000,79710.24000000,0.04036000
1788525540000,79741.00000000,79776.92000000,79741.00000000,79776.92000000,0.00865000
1788525600000,79942.65000000,79942.65000000,79928.04000000,79928.04000000,0.00894000
1788525660000,79961.94000000,79965.93000000,79961.94000000,79965.93000000,0.06063000
1788525720000,79994.92000000,80107.67000000,79994.92000000,80107.56000000,0.00775000
1788525780000,80082.46000000,80082.46000000,80079.15000000,80079.15000000,0.31174000
1788525840000,80079.15000000,80079.15000000,80079.15000000,80079.15000000,0.00000000
1788525900000,79652.25000000,79652.25000000,79425.38000000,79425.38000000,1.03775000
1788525960000,79422.95000000,79422.95000000,79226.44000000,79241.41000000,0.70679000
1788526020000,79221.99000000,79390.30000000,79200.36000000,79390.30000000,0.04296000
1788526080000,79414.87000000,79414.87000000,79369.86000000,79373.45000000,0.00405000
1788526140000,79425.38000000,79448.93000000,79425.38000000,79448.70000000,0.00665000
1788526200000,79438.86000000,79502.51000000,79344.39000000,79502.51000000,0.19970000
1788526260000,79551.13000000,79551.13000000,79540.29000000,79540.29000000,0.00014000
1788526320000,79539.02000000,79539.02000000,79539.02000000,79539.02000000,0.00063000
1788526380000,79573.29000000,79573.29000000,79573.29000000,79573.29000000,0.00044000
1788526440000,79626.35000000,79653.69000000,79623.31000000,79623.31000000,0.01043000
1788526500000,79558.67000000,79558.67000000,79558.67000000,79558.67000000,0.00002000
1788526560000,79477.77000000,79477.77000000,79386.00000000,79386.00000000,0.00014000
1788526620000,79415.39000000,79415.39000000,79411.41000000,79411.41000000,0.01534000
1788526680000,79501.00000000,79501.00000000,79501.00000000,79501.00000000,0.00444000
1788526740000,79520.12000000,79520.12000000,79476.73000000,79476.73000000,0.00484000
1788526800000,79425.69000000,79425.69000000,79425.69000000,79425.69000000,0.00314000
1788526860000,79425.64000000,79531.17000000,79425.64000000,79506.95000000,0.03734000
1788526920000,79536.96000000,79549.16000000,79527.34000000,79527.34000000,0.01646000
1788526980000,79553.09000000,79553.09000000,79490.78000000,79490.78000000,0.00868000
1788527040000,79413.07000000,79413.07000000,79413.07000000,79413.07000000,0.00025000
1788527100000,79413.07000000,79413.07000000,79413.07000000,79413.07000000,0.00000000
1788527160000,79385.73000000,79389.21000000,79385.73000000,79389.21000000,0.02512000
1788527220000,79333.42000000,79333.42000000,79333.42000000,79333.42000000,0.00444000
1788527280000,79296.73000000,79296.73000000,79296.73000000,79296.73000000,0.00196000
1788527340000,79457.17000000,79457.17000000,79387.07000000,79387.07000000,0.00065000
1788527400000,79387.07000000,79387.07000000,79387.07000000,79387.07000000,0.00000000
1788527460000,79307.69000000,79307.69000000,79307.69000000,79307.69000000,0.00155000
1788527520000,79307.69000000,79307.69000000,79251.53000000,79302.02000000,2.09467000
1788527580000,79302.02000000,79340.02000000,79264.22000000,79319.72000000,2.11277000
1788527640000,79247.07000000,79247.07000000,79247.07000000,79247.07000000,0.00011000
1788527700000,79247.07000000,79247.07000000,79247.07000000,79247.07000000,0.00000000
1788527760000,79303.61000000,79348.56000000,79303.61000000,79309.76000000,0.02009000
1788527820000,79309.76000000,79309.76000000,79309.76000000,79309.76000000,0.00000000
1788527880000,79309.76000000,79309.76000000,79309.76000000,79309.76000000,0.00000000
1788527940000,79309.76000000,79309.76000000,79309.76000000,79309.76000000,0.00000000
1788528000000,79309.76000000,79309.76000000,79309.76000000,79309.76000000,0.00000000
1788528060000,79393.19000000,79393.19000000,79393.19000000,79393.19000000,0.00128000
1788528120000,79393.19000000,79393.19000000,79393.19000000,79393.19000000,0.00000000
1788528180000,79376.12000000,79392.17000000,79376.12000000,79392.17000000,0.13648000
1788528240000,79392.17000000,79392.17000000,79392.17000000,79392.17000000,0.00000000
1788528300000,79406.86000000,79476.83000000,79376.10000000,79476.83000000,0.03797000
1788528360000,79430.39000000,79472.82000000,79394.67000000,79397.93000000,1.98357000
1788528420000,79376.34000000,79376.34000000,79372.37000000,79372.37000000,0.00657000
1788528480000,79372.37000000,79372.37000000,79372.37000000,79372.37000000,0.00000000
1788528540000,79335.01000000,79335.01000000,79294.10000000,79294.10000000,0.01076000
1788528600000,79335.00000000,79521.30000000,79335.00000000,79481.08000000,2.12935000
1788528660000,79447.96000000,79454.50000000,79378.68000000,79422.54000000,0.05510000
1788528720000,79401.10000000,79401.10000000,79367.27000000,79367.27000000,0.00648000
1788528780000,79359.44000000,79359.80000000,79359.44000000,79359.80000000,0.06563000
1788528840000,79360.00000000,79360.00000000,79229.17000000,79229.17000000,1.00047000
1788528900000,79199.46000000,79212.06000000,79151.14000000,79151.14000000,0.02532000
1788528960000,79124.48000000,79152.54000000,79004.05000000,79005.16000000,0.11665000
1788529020000,79005.35000000,79367.67000000,79005.35000000,79367.67000000,0.11188000
1788529080000,79384.00000000,79384.00000000,79384.00000000,79384.00000000,0.00149000
1788529140000,79326.06000000,79345.73000000,79326.06000000,79342.16000000,0.01737000
1788529200000,79364.73000000,79364.73000000,79364.73000000,79364.73000000,0.00446000
1788529260000,79349.65000000,79405.11000000,79349.65000000,79405.11000000,0.00466000
1788529320000,79399.40000000,79399.40000000,79372.12000000,79372.12000000,0.01343000
1788529380000,79372.12000000,79372.12000000,79372.12000000,79372.12000000,0.00000000
1788529440000,79400.24000000,79408.59000000,79400.24000000,79406.19000000,0.03141000
1788529500000,79373.69000000,79373.71000000,79355.06000000,79355.06000000,0.00670000
1788529560000,79481.53000000,79546.90000000,79481.53000000,79546.90000000,0.01523000
1788529620000,79671.57000000,79706.66000000,79671.57000000,79706.66000000,0.00264000
1788529680000,79685.82000000,79685.82000000,79634.47000000,79634.47000000,0.01085000
1788529740000,79661.45000000,79661.45000000,79661.45000000,79661.45000000,0.00393000
1788529800000,79661.45000000,79661.45000000,79661.45000000,79661.45000000,0.00393000
1788529860000,79522.27000000,79548.78000000,79522.27000000,79548.78000000,0.00519000
1788529920000,79588.31000000,79588.31000000,79588.31000000,79588.31000000,0.00446000
1788529980000,79427.90000000,79427.90000000,79427.90000000,79427.90000000,0.00011000
1788530040000,79427.90000000,79427.90000000,79427.90000000,79427.90000000,0.00000000
1788530100000,79427.90000000,79427.90000000,79427.90000000,79427.90000000,0.00000000
1788530160000,79343.03000000,79343.31000000,79337.47000000,79337.47000000,0.02704000
1788530220000,79337.47000000,79337.47000000,79337.47000000,79337.47000000,0.00000000
1788530280000,79470.26000000,79475.13000000,79470.26000000,79475.13000000,0.00454000
1788530340000,79475.13000000,79475.13000000,79475.13000000,79475.13000000,0.00000000
1788530400000,79461.15000000,79461.15000000,79461.15000000,79461.15000000,0.00078000
1788530460000,79453.90000000,79483.79000000,79453.90000000,79483.79000000,0.00291000
1788530520000,79483.79000000,79483.79000000,79483.79000000,79483.79000000,0.00000000
1788530580000,79539.77000000,79539.77000000,79510.53000000,79510.53000000,0.00034000
1788530640000,79510.53000000,79510.53000000,79510.53000000,79510.53000000,0.00000000
1788530700000,79490.32000000,79490.32000000,79490.32000000,79490.32000000,0.00106000
1788530760000,79507.79000000,79507.79000000,79431.16000000,79460.10000000,0.02607000
1788530820000,79460.10000000,79460.10000000,79390.48000000,79390.48000000,2.09000000
1788530880000,79291.32000000,79312.36000000,79291.32000000,79312.36000000,0.01086000
1788530940000,79312.36000000,79312.36000000,79312.36000000,79312.36000000,0.00000000
1788531000000,79262.83000000,79262.83000000,79262.83000000,79262.83000000,0.00037000
1788531060000,79325.14000000,79325.14000000,79324.42000000,79324.42000000,0.00887000
1788531120000,79354.83000000,79354.83000000,79281.72000000,79281.72000000,0.00214000
1788531180000,79278.47000000,79460.10000000,79278.47000000,79460.10000000,0.00400000
1788531240000,79424.86000000,79424.86000000,79424.86000000,79424.86000000,0.00005000
1788531300000,79460.10000000,79493.22000000,79460.10000000,79468.81000000,1.06235000
1788531360000,79376.76000000,79376.76000000,79376.76000000,79376.76000000,0.00188000
1788531420000,79326.60000000,79330.00000000,79287.33000000,79287.33000000,1.06029000
1788531480000,79287.33000000,79287.33000000,79287.33000000,79287.33000000,0.00000000
1788531540000,79272.46000000,79275.45000000,79266.58000000,79266.58000000,0.06945000
1788531600000,79196.40000000,79196.40000000,79093.44000000,79093.44000000,0.01848000
1788531660000,79138.15000000,79188.20000000,79138.15000000,79188.20000000,0.00143000
1788531720000,79231.14000000,79250.73000000,79231.14000000,79249.69000000,0.01402000
1788531780000,79249.69000000,79249.69000000,79249.69000000,79249.69000000,0.00000000
1788531840000,79316.20000000,79317.21000000,79316.20000000,79317.21000000,0.00643000
1788531900000,79366.25000000,79366.25000000,79366.25000000,79366.25000000,0.00011000
1788531960000,79353.95000000,79353.95000000,79353.95000000,79353.95000000,0.00010000
1788532020000,79321.38000000,79351.73000000,79321.38000000,79351.73000000,0.00038000
1788532080000,79365.83000000,79365.83000000,79356.22000000,79356.22000000,0.00128000
1788532140000,79356.22000000,79356.22000000,79356.22000000,79356.22000000,0.00000000
1788532200000,79417.28000000,79417.85000000,79399.56000000,79399.56000000,0.00943000
1788532260000,79364.18000000,79364.18000000,79364.18000000,79364.18000000,0.00314000
1788532320000,79348.18000000,79348.18000000,79348.18000000,79348.18000000,0.00188000
1788532380000,79400.77000000,79400.77000000,79351.72000000,79351.72000000,0.00848000
1788532440000,79351.72000000,79351.72000000,79351.72000000,79351.72000000,0.00000000
1788532500000,79430.00000000,79472.14000000,79430.00000000,79439.62000000,1.07118000
1788532560000,79389.10000000,79389.10000000,79351.72000000,79351.72000000,1.12357000
1788532620000,79351.72000000,79351.72000000,79298.46000000,79298.46000000,0.03122000
1788532680000,79298.46000000,79298.46000000,79298.46000000,79298.46000000,0.00000000
1788532740000,79298.46000000,79317.86000000,79298.46000000,79317.86000000,0.06172000
1788532800000,79298.86000000,79320.00000000,79254.64000000,79254.64000000,1.06340000
1788532860000,79254.64000000,79254.64000000,79254.64000000,79254.64000000,0.00000000
1788532920000,79196.53000000,79200.44000000,79196.53000000,79200.44000000,0.00470000
1788532980000,79131.32000000,79131.32000000,79012.90000000,79012.90000000,0.11477000
1788533040000,79000.00000000,79030.59000000,78932.50000000,79030.59000000,0.63905000
1788533100000,79139.33000000,79139.33000000,79115.63000000,79115.63000000,0.01009000
1788533160000,79115.63000000,79115.63000000,79115.63000000,79115.63000000,0.00000000
1788533220000,79026.15000000,79026.15000000,78836.30000000,78836.30000000,0.09871000
1788533280000,78840.34000000,78840.34000000,78778.47000000,78778.47000000,0.08223000
1788533340000,78813.56000000,78813.56000000,78686.16000000,78686.16000000,2.13813000
1788533400000,78686.10000000,78832.44000000,78661.09000000,78832.44000000,0.14595000
1788533460000,78838.11000000,78853.95000000,78838.11000000,78853.95000000,0.00816000
1788533520000,78853.95000000,78853.95000000,78853.95000000,78853.95000000,0.00000000
1788533580000,78901.95000000,78901.95000000,78901.95000000,78901.95000000,0.00670000
1788533640000,78881.86000000,78881.86000000,78822.53000000,78822.53000000,0.09855000
1788533700000,78933.90000000,78952.23000000,78933.90000000,78952.23000000,0.00633000
1788533760000,78952.25000000,78952.25000000,78952.25000000,78952.25000000,0.00235000
1788533820000,78906.68000000,78906.68000000,78906.68000000,78906.68000000,0.00632000
1788533880000,78988.34000000,78988.34000000,78988.34000000,78988.34000000,0.00057000
1788533940000,79000.43000000,79000.43000000,78955.58000000,78955.58000000,0.00146000
1788534000000,78917.59000000,78917.59000000,78879.70000000,78879.70000000,0.14573000
1788534060000,78845.20000000,78850.71000000,78840.97000000,78850.71000000,0.00077000
1788534120000,78923.25000000,78924.13000000,78923.25000000,78924.13000000,0.00019000
1788534180000,78946.59000000,78946.59000000,78946.59000000,78946.59000000,0.00188000
1788534240000,79002.61000000,79002.61000000,79002.61000000,79002.61000000,0.00380000
1788534300000,79002.61000000,79010.68000000,79002.61000000,79008.47000000,2.08907000
1788534360000,79012.95000000,79012.95000000,79012.95000000,79012.95000000,0.00361000
1788534420000,79012.95000000,79012.95000000,79012.95000000,79012.95000000,0.00000000
1788534480000,79091.99000000,79100.67000000,79091.99000000,79100.67000000,0.00315000
1788534540000,79121.63000000,79151.14000000,79100.67000000,79151.14000000,2.09354000
1788534600000,79141.34000000,79141.34000000,79141.34000000,79141.34000000,0.04468000
1788534660000,79141.34000000,79141.34000000,79123.89000000,79124.01000000,0.02933000
1788534720000,79124.00000000,79124.00000000,79124.00000000,79124.00000000,0.00396000
1788534780000,79172.93000000,79172.93000000,79120.48000000,79120.48000000,0.01097000
1788534840000,79120.48000000,79120.48000000,79120.48000000,79120.48000000,0.00000000
1788534900000,79120.48000000,79120.48000000,79120.48000000,79120.48000000,0.00000000
1788534960000,79185.18000000,79227.34000000,79185.18000000,79227.34000000,0.02083000
1788535020000,79221.86000000,79221.86000000,79221.86000000,79221.86000000,0.02687000
1788535080000,79221.86000000,79221.86000000,79221.86000000,79221.86000000,0.00000000
1788535140000,79221.86000000,79221.86000000,79221.86000000,79221.86000000,0.00000000
1788535200000,79236.34000000,79266.10000000,79236.34000000,79262.40000000,0.05428000
1788535260000,79262.40000000,79262.40000000,79262.40000000,79262.40000000,0.00000000
1788535320000,79230.10000000,79233.35000000,79230.10000000,79233.35000000,0.00247000
1788535380000,79233.35000000,79233.35000000,79233.35000000,79233.35000000,0.00000000
1788535440000,79241.97000000,79241.97000000,79241.97000000,79241.97000000,0.00145000
1788535500000,79299.29000000,79335.64000000,79299.29000000,79335.64000000,0.00200000
1788535560000,79338.93000000,79372.88000000,79338.93000000,79372.88000000,0.00752000
1788535620000,79374.53000000,79374.53000000,79338.81000000,79338.81000000,0.00766000
1788535680000,79358.31000000,79384.96000000,79358.31000000,79384.96000000,0.10653000
1788535740000,79384.96000000,79384.96000000,79384.96000000,79384.96000000,0.00000000
1788535800000,79421.04000000,79421.04000000,79421.04000000,79421.04000000,0.00005000
1788535860000,79398.66000000,79421.04000000,79398.66000000,79421.04000000,2.07437000
1788535920000,79373.07000000,79423.99000000,79373.07000000,79423.99000000,0.00350000
1788535980000,79387.80000000,79387.80000000,79383.82000000,79383.82000000,0.00080000
1788536040000,79383.82000000,79383.82000000,79383.82000000,79383.82000000,0.00000000
1788536100000,79388.53000000,79388.53000000,79388.53000000,79388.53000000,0.00048000
1788536160000,79424.00000000,79461.80000000,79424.00000000,79461.80000000,0.00465000
1788536220000,79450.26000000,79494.69000000,79450.26000000,79474.00000000,0.24310000
1788536280000,79474.00000000,79543.59000000,79474.00000000,79481.37000000,2.39497000
1788536340000,79472.06000000,79472.06000000,79472.06000000,79472.06000000,0.00005000
1788536400000,79472.06000000,79472.06000000,79472.06000000,79472.06000000,0.00000000
1788536460000,79472.06000000,79472.06000000,79472.06000000,79472.06000000,0.00000000
1788536520000,79472.06000000,79472.06000000,79472.06000000,79472.06000000,0.00000000
1788536580000,79524.28000000,79524.28000000,79518.66000000,79518.66000000,0.01270000
1788536640000,79519.09000000,79519.09000000,79513.62000000,79518.66000000,0.01791000
1788536700000,79522.02000000,79525.24000000,79522.02000000,79525.24000000,0.00774000
1788536760000,79525.24000000,79525.24000000,79525.24000000,79525.24000000,0.00000000
1788536820000,79473.90000000,79473.90000000,79473.90000000,79473.90000000,0.00011000
1788536880000,79473.90000000,79504.29000000,79473.90000000,79504.29000000,2.07549000
1788536940000,79505.17000000,79505.17000000,79406.48000000,79406.48000000,0.02559000
1788537000000,79407.64000000,79443.09000000,79407.64000000,79442.10000000,0.00334000
1788537060000,79469.12000000,79469.12000000,79469.12000000,79469.12000000,0.00442000
1788537120000,79492.55000000,79492.55000000,79492.55000000,79492.55000000,0.00043000
1788537180000,79443.98000000,79443.98000000,79443.98000000,79443.98000000,0.00197000
1788537240000,79411.59000000,79411.59000000,79407.49000000,79407.49000000,0.00759000
1788537300000,79454.83000000,79454.83000000,79451.33000000,79451.33000000,0.00137000
1788537360000,79460.35000000,79460.35000000,79410.54000000,79410.54000000,0.00643000
1788537420000,79410.81000000,79410.81000000,79410.81000000,79410.81000000,0.00011000
1788537480000,79422.49000000,79422.49000000,79422.49000000,79422.49000000,0.00013000
1788537540000,79422.49000000,79422.49000000,79422.49000000,79422.49000000,0.00006000
1788537600000,79424.66000000,79449.77000000,79399.36000000,79402.99000000,0.18902000
1788537660000,79398.17000000,79398.17000000,79398.17000000,79398.17000000,0.00041000
1788537720000,79439.04000000,79459.42000000,79439.04000000,79459.42000000,0.00017000
1788537780000,79460.92000000,79460.92000000,79460.92000000,79460.92000000,0.00034000
1788537840000,79435.35000000,79435.35000000,79435.35000000,79435.35000000,0.00007000
1788537900000,79416.55000000,79451.13000000,79416.55000000,79448.86000000,0.00343000
1788537960000,79452.80000000,79452.80000000,79445.28000000,79445.28000000,0.00832000
1788538020000,79445.28000000,79445.28000000,79445.28000000,79445.28000000,0.00000000
1788538080000,79487.13000000,79522.37000000,79487.13000000,79522.37000000,0.00682000
1788538140000,79522.37000000,79522.37000000,79522.37000000,79522.37000000,0.00000000
1788538200000,79466.57000000,79466.57000000,79459.67000000,79459.67000000,0.00378000
1788538260000,79477.89000000,79477.89000000,79477.88000000,79477.88000000,0.00427000
1788538320000,79475.13000000,79475.13000000,79475.13000000,79475.13000000,0.00015000
1788538380000,79476.89000000,79476.89000000,79476.89000000,79476.89000000,0.00038000
1788538440000,79476.89000000,79476.89000000,79476.89000000,79476.89000000,0.00000000
1788538500000,79490.80000000,79490.80000000,79490.80000000,79490.80000000,0.00119000
1788538560000,79490.80000000,79490.80000000,79490.80000000,79490.80000000,0.00000000
1788538620000,79439.85000000,79439.85000000,79439.85000000,79439.85000000,0.00634000
1788538680000,79439.85000000,79439.85000000,79439.85000000,79439.85000000,0.00000000
1788538740000,79467.98000000,79467.98000000,79467.98000000,79467.98000000,0.00044000
1788538800000,79467.98000000,79467.98000000,79467.98000000,79467.98000000,0.00000000
1788538860000,79467.98000000,79467.98000000,79467.98000000,79467.98000000,0.00000000
1788538920000,79467.98000000,79467.98000000,79467.98000000,79467.98000000,0.00000000
1788538980000,79467.98000000,79467.98000000,79467.98000000,79467.98000000,0.00000000
1788539040000,79515.67000000,79515.67000000,79508.52000000,79508.52000000,0.01365000
1788539100000,79508.52000000,79508.52000000,79508.52000000,79508.52000000,0.00000000
1788539160000,79493.00000000,79493.00000000,79493.00000000,79493.00000000,0.00138000
1788539220000,79493.00000000,79493.00000000,79493.00000000,79493.00000000,0.00000000
1788539280000,79542.03000000,79542.03000000,79542.03000000,79542.03000000,0.00031000
1788539340000,79544.71000000,79546.90000000,79544.20000000,79544.20000000,0.01633000
1788539400000,79544.21000000,79544.21000000,79542.81000000,79542.81000000,0.01168000
1788539460000,79542.81000000,79542.81000000,79542.81000000,79542.81000000,0.00000000
1788539520000,79593.91000000,79593.91000000,79593.91000000,79593.91000000,0.00008000
1788539580000,79650.00000000,79802.03000000,79650.00000000,79726.52000000,1.29154000
1788539640000,79726.51000000,79726.51000000,79664.21000000,79724.41000000,0.01870000
1788539700000,79736.41000000,79736.41000000,79705.63000000,79705.64000000,0.02479000
1788539760000,79775.89000000,79790.00000000,79775.89000000,79790.00000000,0.16942000
1788539820000,79790.00000000,79790.00000000,79763.47000000,79763.47000000,1.02180000
1788539880000,79740.67000000,79740.67000000,79740.67000000,79740.67000000,0.00011000
1788539940000,79729.17000000,79729.17000000,79729.17000000,79729.17000000,0.00343000
1788540000000,79729.17000000,79729.17000000,79729.17000000,79729.17000000,0.00000000
1788540060000,79752.46000000,79825.82000000,79748.51000000,79825.82000000,0.00542000
1788540120000,79848.74000000,79848.74000000,79848.74000000,79848.74000000,0.02362000
1788540180000,79848.74000000,79848.74000000,79848.74000000,79848.74000000,0.00000000
1788540240000,79848.74000000,79848.74000000,79848.74000000,79848.74000000,0.00000000
1788540300000,79840.90000000,79840.90000000,79840.90000000,79840.90000000,0.00002000
1788540360000,79827.20000000,79827.20000000,79779.35000000,79779.35000000,0.00029000
1788540420000,79779.35000000,79779.35000000,79779.35000000,79779.35000000,0.00000000
1788540480000,79779.35000000,79779.35000000,79779.35000000,79779.35000000,0.00000000
1788540540000,79806.68000000,79806.81000000,79806.68000000,79806.81000000,0.00204000
1788540600000,79807.30000000,79807.30000000,79807.30000000,79807.30000000,0.00187000
1788540660000,79807.30000000,79807.30000000,79807.30000000,79807.30000000,0.00000000
1788540720000,79827.18000000,79850.00000000,79818.78000000,79823.56000000,0.10850000
1788540780000,79823.56000000,79823.56000000,79823.56000000,79823.56000000,0.00000000
1788540840000,79739.89000000,79747.96000000,79739.54000000,79739.54000000,0.18262000
1788540900000,79775.89000000,79775.89000000,79775.89000000,79775.89000000,0.00011000
1788540960000,79794.83000000,79794.83000000,79794.83000000,79794.83000000,0.01504000
1788541020000,79794.83000000,79794.83000000,79794.83000000,79794.83000000,0.00000000
1788541080000,79787.75000000,79787.75000000,79749.91000000,79749.91000000,0.00014000
1788541140000,79749.91000000,79749.91000000,79749.91000000,79749.91000000,0.00000000
1788541200000,79740.45000000,79740.45000000,79739.54000000,79739.54000000,0.01469000
1788541260000,79708.64000000,79708.64000000,79708.64000000,79708.64000000,0.00011000
1788541320000,79678.29000000,79678.29000000,79678.29000000,79678.29000000,0.00005000
1788541380000,79665.42000000,79686.36000000,79665.42000000,79686.36000000,0.00075000
1788541440000,79658.71000000,79659.36000000,79658.71000000,79659.36000000,0.00570000
1788541500000,79689.69000000,79701.72000000,79689.69000000,79701.72000000,0.00036000
1788541560000,79711.11000000,79711.11000000,79701.46000000,79701.46000000,0.00042000
1788541620000,79701.46000000,79701.46000000,79701.46000000,79701.46000000,0.00000000
1788541680000,79701.46000000,79701.46000000,79701.46000000,79701.46000000,0.00000000
1788541740000,79710.96000000,79710.96000000,79699.36000000,79699.36000000,0.00232000
1788541800000,79699.36000000,79699.36000000,79699.36000000,79699.36000000,0.00000000
1788541860000,79699.36000000,79699.36000000,79699.36000000,79699.36000000,0.00000000
1788541920000,79695.69000000,79695.69000000,79683.42000000,79691.97000000,0.00082000
1788541980000,79703.69000000,79703.69000000,79703.69000000,79703.69000000,0.00013000
1788542040000,79673.72000000,79673.72000000,79640.09000000,79640.09000000,0.00208000
1788542100000,79584.22000000,79584.22000000,79508.02000000,79515.00000000,0.07667000
1788542160000,79515.00000000,79515.00000000,79515.00000000,79515.00000000,0.00000000
1788542220000,79545.08000000,79545.08000000,79545.08000000,79545.08000000,0.00011000
1788542280000,79565.46000000,79565.46000000,79565.46000000,79565.46000000,0.00296000
1788542340000,79565.46000000,79565.46000000,79565.46000000,79565.46000000,0.00000000
1788542400000,79628.76000000,79628.76000000,79628.76000000,79628.76000000,0.00313000
1788542460000,79628.76000000,79628.76000000,79628.76000000,79628.76000000,0.00000000
1788542520000,79628.76000000,79628.76000000,79628.76000000,79628.76000000,0.00000000
1788542580000,79628.76000000,79628.76000000,79628.76000000,79628.76000000,0.00000000
1788542640000,79602.60000000,79602.60000000,79575.29000000,79575.29000000,0.00016000
1788542700000,79583.23000000,79583.23000000,79583.23000000,79583.23000000,0.00063000
1788542760000,79572.50000000,79572.50000000,79572.50000000,79572.50000000,0.00011000
1788542820000,79566.19000000,79566.19000000,79566.19000000,79566.19000000,0.00005000
1788542880000,79566.19000000,79566.19000000,79566.19000000,79566.19000000,0.00000000
1788542940000,79556.55000000,79556.55000000,79556.55000000,79556.55000000,0.00011000
1788543000000,79556.55000000,79556.55000000,79556.55000000,79556.55000000,0.00000000
1788543060000,79557.03000000,79557.03000000,79557.03000000,79557.03000000,0.00021000
1788543120000,79543.00000000,79543.00000000,79543.00000000,79543.00000000,0.00006000
1788543180000,79543.00000000,79543.00000000,79543.00000000,79543.00000000,0.00000000
1788543240000,79543.00000000,79543.00000000,79543.00000000,79543.00000000,0.00000000
1788543300000,79503.31000000,79503.31000000,79503.31000000,79503.31000000,0.00026000
1788543360000,79503.31000000,79503.31000000,79503.31000000,79503.31000000,0.00000000
1788543420000,79471.69000000,79471.69000000,79471.69000000,79471.69000000,0.00011000
1788543480000,79471.69000000,79471.69000000,79471.69000000,79471.69000000,0.00000000
1788543540000,79563.09000000,79563.09000000,79563.09000000,79563.09000000,0.02513000
1788543600000,79563.09000000,79563.09000000,79563.09000000,79563.09000000,2.07207000
1788543660000,79563.09000000,79563.09000000,79563.09000000,79563.09000000,0.00000000
1788543720000,79467.98000000,79467.98000000,79443.64000000,79443.64000000,0.01095000
1788543780000,79443.64000000,79468.96000000,79443.64000000,79468.96000000,0.00198000
1788543840000,79491.51000000,79491.51000000,79468.96000000,79468.96000000,1.15868000
1788543900000,79456.91000000,79456.91000000,79456.91000000,79456.91000000,0.00009000
1788543960000,79456.91000000,79456.91000000,79456.91000000,79456.91000000,0.00000000
1788544020000,79456.91000000,79456.91000000,79456.91000000,79456.91000000,0.00000000
1788544080000,79468.96000000,79468.96000000,79468.96000000,79468.96000000,0.00024000
1788544140000,79466.93000000,79491.84000000,79456.91000000,79491.84000000,0.95031000
1788544200000,79469.87000000,79469.87000000,79469.87000000,79469.87000000,0.00006000
1788544260000,79455.40000000,79455.40000000,79438.06000000,79438.06000000,0.00073000
1788544320000,79438.06000000,79438.06000000,79438.06000000,79438.06000000,0.00000000
1788544380000,79438.06000000,79438.06000000,79438.06000000,79438.06000000,0.00000000
1788544440000,79439.94000000,79439.94000000,79439.94000000,79439.94000000,0.00011000
1788544500000,79439.94000000,79439.94000000,79439.94000000,79439.94000000,0.00000000
1788544560000,79439.94000000,79439.94000000,79439.94000000,79439.94000000,0.00000000
1788544620000,79492.00000000,79492.00000000,79492.00000000,79492.00000000,0.00003000
1788544680000,79492.00000000,79507.11000000,79467.14000000,79501.61000000,0.26388000
1788544740000,79510.03000000,79516.68000000,79451.56000000,79472.67000000,0.51622000
1788544800000,79458.94000000,79515.86000000,79451.56000000,79506.79000000,0.64776000
1788544860000,79532.36000000,79562.83000000,79525.52000000,79560.19000000,0.52655000
1788544920000,79558.13000000,79558.13000000,79525.76000000,79531.58000000,0.43634000
1788544980000,79531.58000000,79552.46000000,79522.59000000,79545.06000000,0.66311000
1788545040000,79556.08000000,79563.45000000,79531.63000000,79535.56000000,0.68891000
1788545100000,79547.33000000,79587.18000000,79539.93000000,79587.18000000,0.43531000
1788545160000,79582.51000000,79582.51000000,79570.90000000,79570.90000000,0.03047000
1788545220000,79580.17000000,79580.17000000,79579.78000000,79579.78000000,0.00267000
1788545280000,79528.24000000,79530.00000000,79528.24000000,79530.00000000,0.04108000
1788545340000,79530.00000000,79569.87000000,79530.00000000,79569.87000000,0.02061000
1788545400000,79581.22000000,79581.22000000,79578.78000000,79578.78000000,0.00022000
1788545460000,79563.20000000,79563.20000000,79563.20000000,79563.20000000,0.00138000
1788545520000,79563.24000000,79563.24000000,79560.02000000,79560.02000000,0.00129000
1788545580000,79539.32000000,79539.32000000,79517.18000000,79517.18000000,0.00015000
1788545640000,79517.18000000,79517.18000000,79517.18000000,79517.18000000,0.00000000
1788545700000,79517.18000000,79517.18000000,79517.18000000,79517.18000000,0.00000000
1788545760000,79532.48000000,79556.77000000,79532.48000000,79556.77000000,0.00217000
1788545820000,79556.92000000,79556.92000000,79556.92000000,79556.92000000,0.00015000
1788545880000,79556.92000000,79556.92000000,79556.92000000,79556.92000000,0.00000000
1788545940000,79556.92000000,79556.92000000,79556.92000000,79556.92000000,0.00000000
1788546000000,79563.14000000,79606.21000000,79563.14000000,79606.21000000,0.00090000
1788546060000,79604.99000000,79604.99000000,79604.99000000,79604.99000000,0.00865000
1788546120000,79604.99000000,79604.99000000,79604.99000000,79604.99000000,0.00000000
1788546180000,79604.99000000,79604.99000000,79604.99000000,79604.99000000,0.00000000
1788546240000,79584.85000000,79584.85000000,79584.85000000,79584.85000000,0.00011000
1788546300000,79584.85000000,79584.85000000,79584.85000000,79584.85000000,0.00000000
1788546360000,79553.60000000,79553.60000000,79553.60000000,79553.60000000,0.00377000
1788546420000,79553.60000000,79553.60000000,79553.60000000,79553.60000000,0.00000000
1788546480000,79553.60000000,79553.60000000,79553.60000000,79553.60000000,0.00000000
1788546540000,79553.60000000,79553.60000000,79553.60000000,79553.60000000,0.00000000
1788546600000,79550.69000000,79554.67000000,79550.69000000,79554.67000000,0.00682000
1788546660000,79554.67000000,79554.67000000,79554.67000000,79554.67000000,0.00000000
1788546720000,79584.99000000,79584.99000000,79584.99000000,79584.99000000,0.00063000
1788546780000,79609.69000000,79609.69000000,79609.69000000,79609.69000000,0.00626000
1788546840000,79609.69000000,79609.69000000,79609.69000000,79609.69000000,0.00000000
1788546900000,79617.06000000,79617.06000000,79595.78000000,79595.78000000,0.00297000
1788546960000,79581.22000000,79581.22000000,79558.58000000,79558.58000000,0.00635000
1788547020000,79558.58000000,79558.58000000,79558.58000000,79558.58000000,0.00000000
1788547080000,79558.58000000,79558.58000000,79558.58000000,79558.58000000,0.00000000
1788547140000,79578.56000000,79578.56000000,79569.06000000,79569.06000000,0.00130000
1788547200000,79597.94000000,79617.05000000,79597.94000000,79617.05000000,0.00898000
1788547260000,79617.06000000,79617.06000000,79617.06000000,79617.06000000,0.00210000
1788547320000,79617.06000000,79642.40000000,79617.06000000,79638.42000000,0.00766000
1788547380000,79638.42000000,79638.42000000,79638.42000000,79638.42000000,0.00000000
1788547440000,79647.94000000,79647.94000000,79642.72000000,79642.72000000,0.00130000
1788547500000,79633.87000000,79633.87000000,79633.87000000,79633.87000000,0.00013000
1788547560000,79633.87000000,79633.87000000,79633.87000000,79633.87000000,0.00000000
1788547620000,79630.10000000,79630.10000000,79616.80000000,79616.80000000,0.00019000
1788547680000,79616.80000000,79616.80000000,79616.80000000,79616.80000000,0.00000000
1788547740000,79616.80000000,79616.80000000,79616.80000000,79616.80000000,0.00000000
1788547800000,79616.80000000,79616.80000000,79616.80000000,79616.80000000,0.00000000
1788547860000,79597.64000000,79597.64000000,79593.09000000,79593.09000000,0.00007000
1788547920000,79594.88000000,79594.88000000,79594.75000000,79594.75000000,0.00232000
1788547980000,79619.02000000,79619.02000000,79613.88000000,79613.88000000,0.02089000
1788548040000,79624.41000000,79624.41000000,79624.41000000,79624.41000000,0.00005000
1788548100000,79624.41000000,79624.41000000,79624.41000000,79624.41000000,0.00000000
1788548160000,79605.15000000,79605.15000000,79605.15000000,79605.15000000,0.00013000
1788548220000,79605.15000000,79605.15000000,79605.15000000,79605.15000000,0.00000000
1788548280000,79605.15000000,79605.15000000,79605.15000000,79605.15000000,0.00000000
1788548340000,79605.15000000,79605.15000000,79605.15000000,79605.15000000,0.00000000
1788548400000,79605.15000000,79605.15000000,79605.15000000,79605.15000000,0.00000000
1788548460000,79605.15000000,79605.15000000,79605.15000000,79605.15000000,0.00000000
1788548520000,79605.15000000,79605.15000000,79605.15000000,79605.15000000,0.00000000
1788548580000,79723.91000000,79723.91000000,79719.94000000,79719.94000000,0.03266000
1788548640000,79719.94000000,79719.94000000,79719.94000000,79719.94000000,0.00000000
1788548700000,79712.33000000,79712.33000000,79712.33000000,79712.33000000,0.02513000
1788548760000,79719.57000000,79719.57000000,79718.91000000,79718.91000000,0.00233000
1788548820000,79710.76000000,79710.76000000,79710.76000000,79710.76000000,0.00007000
1788548880000,79724.09000000,79724.09000000,79724.09000000,79724.09000000,0.00439000
1788548940000,79724.09000000,79724.10000000,79724.07000000,79724.10000000,0.07346000
1788549000000,79724.09000000,79724.10000000,79724.09000000,79724.09000000,0.23530000
1788549060000,79678.80000000,79678.80000000,79678.80000000,79678.80000000,0.00013000
1788549120000,79678.80000000,79678.80000000,79678.80000000,79678.80000000,0.00000000
1788549180000,79686.07000000,79686.07000000,79686.07000000,79686.07000000,0.00031000
1788549240000,79686.07000000,79686.07000000,79686.07000000,79686.07000000,0.00000000
1788549300000,79686.07000000,79686.07000000,79686.07000000,79686.07000000,0.00000000
1788549360000,79724.80000000,79724.80000000,79724.80000000,79724.80000000,0.02326000
1788549420000,79724.81000000,79754.96000000,79724.81000000,79753.97000000,0.01571000
1788549480000,79766.93000000,79779.42000000,79766.93000000,79779.42000000,0.00492000
1788549540000,79771.70000000,79785.02000000,79771.70000000,79785.02000000,0.00931000
1788549600000,79785.01000000,79785.01000000,79782.08000000,79783.60000000,0.00759000
1788549660000,79790.42000000,79795.95000000,79790.42000000,79794.17000000,0.00866000
1788549720000,79790.10000000,79790.10000000,79760.91000000,79760.91000000,0.00753000
1788549780000,79774.82000000,79781.46000000,79774.82000000,79781.46000000,0.00670000
1788549840000,79781.57000000,79799.48000000,79781.57000000,79799.48000000,0.00876000
1788549900000,79801.79000000,79801.79000000,79798.17000000,79798.17000000,0.00236000
1788549960000,79794.14000000,79794.14000000,79792.27000000,79792.27000000,0.00340000
1788550020000,79792.27000000,79792.27000000,79792.27000000,79792.27000000,0.00000000
1788550080000,79804.24000000,79804.24000000,79804.24000000,79804.24000000,0.00288000
1788550140000,79812.08000000,79812.08000000,79812.08000000,79812.08000000,0.00012000
1788550200000,79795.00000000,79795.00000000,79795.00000000,79795.00000000,1.07670000
1788550260000,79795.00000000,79795.00000000,79795.00000000,79795.00000000,0.00000000
1788550320000,79731.99000000,79731.99000000,79731.98000000,79731.98000000,0.00029000
1788550380000,79727.45000000,79727.45000000,79727.45000000,79727.45000000,0.00013000
1788550440000,79727.45000000,79727.45000000,79727.45000000,79727.45000000,0.00000000
1788550500000,79745.36000000,79745.36000000,79745.36000000,79745.36000000,0.00015000
1788550560000,79745.36000000,79745.36000000,79745.36000000,79745.36000000,0.00000000
1788550620000,79745.36000000,79745.36000000,79745.36000000,79745.36000000,0.00000000
1788550680000,79745.36000000,79745.36000000,79745.36000000,79745.36000000,0.00000000
1788550740000,79745.36000000,79745.36000000,79745.36000000,79745.36000000,0.00000000
1788550800000,79661.85000000,79661.85000000,79661.85000000,79661.85000000,0.00107000
1788550860000,79661.85000000,79661.85000000,79661.85000000,79661.85000000,0.00000000
1788550920000,79661.85000000,79661.85000000,79661.85000000,79661.85000000,0.00000000
1788550980000,79661.85000000,79661.85000000,79661.85000000,79661.85000000,0.00000000
1788551040000,79661.85000000,79661.85000000,79661.85000000,79661.85000000,0.00000000
1788551100000,79661.85000000,79661.85000000,79661.85000000,79661.85000000,0.00000000
1788551160000,79670.38000000,79686.58000000,79670.38000000,79686.58000000,0.03223000
1788551220000,79726.98000000,79726.98000000,79726.98000000,79726.98000000,0.00255000
1788551280000,79731.64000000,79731.64000000,79731.64000000,79731.64000000,0.00537000
1788551340000,79731.64000000,79742.57000000,79731.64000000,79742.57000000,0.00669000
1788551400000,79742.57000000,79742.57000000,79721.32000000,79721.32000000,0.00656000
1788551460000,79728.65000000,79730.40000000,79708.72000000,79708.72000000,0.00541000
1788551520000,79714.73000000,79714.73000000,79660.93000000,79660.93000000,0.00753000
1788551580000,79660.93000000,79660.93000000,79653.52000000,79653.52000000,0.00847000
1788551640000,79642.44000000,79687.76000000,79642.44000000,79687.76000000,0.01095000
1788551700000,79722.68000000,79722.68000000,79719.80000000,79721.11000000,0.00803000
1788551760000,79708.08000000,79733.76000000,79708.08000000,79733.76000000,0.00712000
1788551820000,79756.48000000,79784.40000000,79756.48000000,79784.20000000,0.03396000
1788551880000,79780.09000000,79780.09000000,79760.92000000,79760.92000000,0.00765000
1788551940000,79747.46000000,79810.75000000,79747.46000000,79810.75000000,0.00682000
1788552000000,79779.37000000,79792.93000000,79775.16000000,79784.38000000,0.13383000
1788552060000,79806.97000000,79830.70000000,79802.81000000,79802.81000000,0.00693000
1788552120000,79850.00000000,79850.00000000,79814.60000000,79818.59000000,0.01118000
1788552180000,79818.59000000,79823.17000000,79805.12000000,79823.17000000,0.00482000
1788552240000,79837.56000000,79847.19000000,79837.56000000,79847.19000000,0.00322000
1788552300000,79813.50000000,79827.44000000,79813.50000000,79827.43000000,0.00257000
1788552360000,79819.36000000,79819.36000000,79803.03000000,79803.03000000,0.00158000
1788552420000,79801.02000000,79801.02000000,79774.02000000,79774.02000000,0.00195000
1788552480000,79776.43000000,79833.25000000,79776.43000000,79833.25000000,0.00161000
1788552540000,79824.32000000,79824.32000000,79811.74000000,79818.41000000,0.00194000
1788552600000,79826.35000000,79833.14000000,79826.35000000,79833.14000000,0.00197000
1788552660000,79850.00000000,79850.00000000,79849.98000000,79849.98000000,0.00165000
1788552720000,79845.19000000,79845.19000000,79845.19000000,79845.19000000,0.00020000
1788552780000,79845.19000000,79845.19000000,79845.19000000,79845.19000000,0.00000000
1788552840000,79845.19000000,79845.19000000,79845.19000000,79845.19000000,0.00000000
1788552900000,79845.19000000,79845.19000000,79845.19000000,79845.19000000,0.00000000
1788552960000,79845.19000000,79845.19000000,79845.19000000,79845.19000000,0.00000000
1788553020000,79845.19000000,79845.19000000,79845.19000000,79845.19000000,0.00000000
1788553080000,79817.14000000,79817.14000000,79817.14000000,79817.14000000,0.00489000
1788553140000,79822.56000000,79826.66000000,79822.56000000,79826.66000000,0.01529000
1788553200000,79816.09000000,79816.09000000,79816.09000000,79816.09000000,0.00063000
1788553260000,79815.22000000,79815.22000000,79805.76000000,79805.76000000,0.02506000
1788553320000,79797.96000000,79797.96000000,79797.96000000,79797.96000000,0.00163000
1788553380000,79797.96000000,79797.96000000,79797.96000000,79797.96000000,0.00000000
1788553440000,79793.82000000,79793.82000000,79793.82000000,79793.82000000,0.00060000
1788553500000,79793.82000000,79793.82000000,79793.82000000,79793.82000000,0.00000000
1788553560000,79793.82000000,79793.82000000,79793.82000000,79793.82000000,0.00000000
1788553620000,79752.09000000,79752.09000000,79752.09000000,79752.09000000,0.00021000
1788553680000,79752.09000000,79752.09000000,79752.09000000,79752.09000000,0.00000000
1788553740000,79758.37000000,79758.37000000,79758.37000000,79758.37000000,0.00125000
1788553800000,79758.37000000,79758.37000000,79758.37000000,79758.37000000,0.00000000
1788553860000,79758.37000000,79758.37000000,79758.37000000,79758.37000000,0.00000000
1788553920000,79758.37000000,79758.37000000,79758.37000000,79758.37000000,0.00000000
1788553980000,79758.37000000,79758.37000000,79758.37000000,79758.37000000,0.00000000
1788554040000,79741.01000000,79741.01000000,79740.05000000,79740.05000000,0.00220000
1788554100000,79740.05000000,79740.05000000,79740.05000000,79740.05000000,0.00000000
1788554160000,79740.05000000,79740.05000000,79740.05000000,79740.05000000,0.00000000
1788554220000,79740.05000000,79740.05000000,79740.05000000,79740.05000000,0.00000000
1788554280000,79774.57000000,79774.57000000,79739.89000000,79739.89000000,0.02565000
1788554340000,79726.75000000,79726.75000000,79726.75000000,79726.75000000,0.00006000
1788554400000,79726.75000000,79726.75000000,79726.75000000,79726.75000000,0.00000000
1788554460000,79726.75000000,79726.75000000,79726.75000000,79726.75000000,0.00000000
1788554520000,79726.75000000,79726.75000000,79726.75000000,79726.75000000,0.00000000
1788554580000,79703.07000000,79707.76000000,79703.07000000,79707.76000000,0.00560000
1788554640000,79701.30000000,79702.99000000,79701.30000000,79702.99000000,0.04960000
1788554700000,79702.99000000,79702.99000000,79702.99000000,79702.99000000,0.00000000
1788554760000,79702.99000000,79702.99000000,79702.99000000,79702.99000000,0.00000000
1788554820000,79709.16000000,79730.91000000,79709.16000000,79730.91000000,0.00031000
1788554880000,79730.91000000,79730.91000000,79730.91000000,79730.91000000,0.00000000
1788554940000,79730.91000000,79730.91000000,79730.91000000,79730.91000000,0.00000000
1788555000000,79735.70000000,79735.70000000,79731.87000000,79731.87000000,0.00673000
1788555060000,79731.87000000,79731.87000000,79731.87000000,79731.87000000,0.00000000
1788555120000,79710.43000000,79710.43000000,79710.43000000,79710.43000000,0.00500000
1788555180000,79702.56000000,79702.56000000,79702.56000000,79702.56000000,0.00488000
1788555240000,79702.56000000,79702.56000000,79702.56000000,79702.56000000,0.00000000
1788555300000,79702.56000000,79702.56000000,79702.56000000,79702.56000000,0.00000000
1788555360000,79699.18000000,79699.18000000,79699.18000000,79699.18000000,0.00082000
1788555420000,79699.18000000,79699.18000000,79699.18000000,79699.18000000,0.00000000
1788555480000,79699.18000000,79699.18000000,79699.18000000,79699.18000000,0.00000000
1788555540000,79699.18000000,79699.18000000,79699.18000000,79699.18000000,0.00000000
1788555600000,79699.18000000,79699.18000000,79699.18000000,79699.18000000,0.00000000
1788555660000,79699.18000000,79699.18000000,79699.18000000,79699.18000000,0.00000000
1788555720000,79699.18000000,79699.18000000,79699.18000000,79699.18000000,0.00000000
1788555780000,79699.18000000,79699.18000000,79699.18000000,79699.18000000,0.00000000
1788555840000,79736.99000000,79736.99000000,79736.99000000,79736.99000000,0.00013000
1788555900000,79736.99000000,79736.99000000,79736.99000000,79736.99000000,0.00000000
1788555960000,79743.46000000,79743.46000000,79743.46000000,79743.46000000,0.00020000
1788556020000,79762.24000000,79762.24000000,79762.24000000,79762.24000000,0.00004000
1788556080000,79762.24000000,79762.24000000,79762.24000000,79762.24000000,0.00000000
1788556140000,79762.24000000,79762.24000000,79762.24000000,79762.24000000,0.00000000
1788556200000,79777.77000000,79793.39000000,79777.77000000,79793.39000000,0.00773000
1788556260000,79793.39000000,79793.39000000,79793.39000000,79793.39000000,0.00129000
1788556320000,79793.39000000,79793.39000000,79793.39000000,79793.39000000,0.00000000
1788556380000,79793.39000000,79793.39000000,79793.39000000,79793.39000000,0.00000000
1788556440000,79788.38000000,79788.38000000,79786.57000000,79786.57000000,0.00040000
1788556500000,79786.57000000,79786.57000000,79786.57000000,79786.57000000,0.00000000
1788556560000,79788.22000000,79807.11000000,79788.22000000,79807.11000000,0.00051000
1788556620000,79807.11000000,79807.11000000,79807.11000000,79807.11000000,0.00000000
1788556680000,79807.11000000,79807.11000000,79807.11000000,79807.11000000,0.00000000
1788556740000,79807.11000000,79807.11000000,79807.11000000,79807.11000000,0.00000000
1788556800000,79805.14000000,79805.14000000,79805.14000000,79805.14000000,0.00012000
1788556860000,79805.14000000,79805.14000000,79805.14000000,79805.14000000,0.00000000
1788556920000,79805.14000000,79805.14000000,79805.14000000,79805.14000000,0.00000000
1788556980000,79805.14000000,79805.14000000,79805.14000000,79805.14000000,0.00000000
1788557040000,79805.14000000,79805.14000000,79778.44000000,79778.44000000,0.00143000
1788557100000,79778.44000000,79778.44000000,79778.44000000,79778.44000000,0.00000000
1788557160000,79778.44000000,79778.44000000,79778.44000000,79778.44000000,0.00000000
1788557220000,79778.44000000,79778.44000000,79778.44000000,79778.44000000,0.00000000
1788557280000,79745.18000000,79745.18000000,79745.18000000,79745.18000000,0.00625000
1788557340000,79745.18000000,79745.18000000,79745.18000000,79745.18000000,0.00000000
1788557400000,79745.18000000,79745.18000000,79745.18000000,79745.18000000,0.00000000
1788557460000,79795.38000000,79795.38000000,79791.40000000,79791.40000000,0.00038000
1788557520000,79791.40000000,79791.40000000,79791.40000000,79791.40000000,0.00000000
1788557580000,79791.40000000,79791.40000000,79791.40000000,79791.40000000,0.00000000
1788557640000,79791.40000000,79791.40000000,79791.40000000,79791.40000000,0.00000000
1788557700000,79791.40000000,79791.40000000,79791.40000000,79791.40000000,0.00000000
1788557760000,79790.99000000,79790.99000000,79790.99000000,79790.99000000,0.00002000
1788557820000,79790.99000000,79790.99000000,79790.99000000,79790.99000000,0.00000000
1788557880000,79793.96000000,79793.96000000,79793.96000000,79793.96000000,0.00012000
1788557940000,79793.96000000,79793.96000000,79793.96000000,79793.96000000,0.00000000
1788558000000,79793.96000000,79793.96000000,79793.96000000,79793.96000000,0.00000000
1788558060000,79793.96000000,79793.96000000,79793.96000000,79793.96000000,0.00000000
1788558120000,79793.96000000,79793.96000000,79793.96000000,79793.96000000,0.00000000
1788558180000,79745.64000000,79745.64000000,79745.64000000,79745.64000000,0.00011000
1788558240000,79773.61000000,79773.61000000,79773.61000000,79773.61000000,0.00639000
1788558300000,79773.61000000,79773.61000000,79773.61000000,79773.61000000,0.00000000
1788558360000,79773.61000000,79773.61000000,79773.61000000,79773.61000000,0.00000000
1788558420000,79773.61000000,79773.61000000,79773.61000000,79773.61000000,0.00000000
1788558480000,79793.11000000,79793.11000000,79760.70000000,79760.70000000,0.00582000
1788558540000,79756.66000000,79756.66000000,79717.52000000,79717.52000000,0.00423000
1788558600000,79717.52000000,79717.52000000,79717.52000000,79717.52000000,0.00000000
1788558660000,79717.52000000,79717.52000000,79717.52000000,79717.52000000,0.00000000
1788558720000,79703.79000000,79703.79000000,79670.95000000,79670.95000000,0.00476000
1788558780000,79657.13000000,79657.13000000,79551.44000000,79551.44000000,0.03862000
1788558840000,79551.44000000,79551.44000000,79551.44000000,79551.44000000,0.00000000
1788558900000,79613.21000000,79613.21000000,79584.05000000,79584.05000000,0.02885000
1788558960000,79579.08000000,79597.92000000,79579.08000000,79597.92000000,0.00768000
1788559020000,79597.92000000,79597.92000000,79597.92000000,79597.92000000,0.00000000
1788559080000,79622.75000000,79629.49000000,79622.75000000,79629.49000000,0.00651000
1788559140000,79629.49000000,79629.49000000,79629.49000000,79629.49000000,0.00000000
1788559200000,79629.49000000,79629.49000000,79629.49000000,79629.49000000,0.00000000
1788559260000,79629.49000000,79629.49000000,79629.49000000,79629.49000000,0.00000000
1788559320000,79629.49000000,79629.49000000,79629.49000000,79629.49000000,0.00000000
1788559380000,79658.45000000,79658.45000000,79658.45000000,79658.45000000,0.00006000
1788559440000,79670.95000000,79670.95000000,79670.95000000,79670.95000000,0.00002000
1788559500000,79667.90000000,79667.90000000,79667.90000000,79667.90000000,0.00006000
1788559560000,79667.90000000,79667.90000000,79667.90000000,79667.90000000,0.00000000
1788559620000,79641.47000000,79641.47000000,79641.47000000,79641.47000000,0.00006000
1788559680000,79649.75000000,79649.75000000,79649.75000000,79649.75000000,0.00094000
1788559740000,79649.75000000,79656.57000000,79649.75000000,79656.57000000,0.00153000
1788559800000,79657.03000000,79657.03000000,79657.03000000,79657.03000000,0.00009000
1788559860000,79657.03000000,79657.03000000,79657.03000000,79657.03000000,0.00000000
1788559920000,79655.36000000,79655.36000000,79651.71000000,79651.72000000,0.03881000
1788559980000,79649.09000000,79649.09000000,79649.09000000,79649.09000000,0.00004000
1788560040000,79670.95000000,79670.95000000,79670.95000000,79670.95000000,0.00023000
1788560100000,79664.87000000,79664.87000000,79664.87000000,79664.87000000,0.00208000
1788560160000,79664.87000000,79664.87000000,79664.87000000,79664.87000000,0.00000000
1788560220000,79691.11000000,79691.11000000,79691.11000000,79691.11000000,0.00026000
1788560280000,79703.08000000,79703.08000000,79703.08000000,79703.08000000,0.00125000
1788560340000,79703.08000000,79703.08000000,79703.08000000,79703.08000000,0.00000000
1788560400000,79703.08000000,79703.08000000,79703.08000000,79703.08000000,0.00000000
1788560460000,79703.08000000,79703.08000000,79703.08000000,79703.08000000,0.00000000
1788560520000,79692.65000000,79692.65000000,79692.65000000,79692.65000000,0.00063000
1788560580000,79692.65000000,79692.65000000,79692.65000000,79692.65000000,0.00000000
1788560640000,79692.20000000,79692.20000000,79692.20000000,79692.20000000,0.00011000
1788560700000,79692.20000000,79692.20000000,79692.20000000,79692.20000000,0.00000000
1788560760000,79692.20000000,79692.20000000,79692.20000000,79692.20000000,0.00000000
1788560820000,79692.20000000,79692.20000000,79692.20000000,79692.20000000,0.00000000
1788560880000,79692.20000000,79692.20000000,79692.20000000,79692.20000000,0.00000000
1788560940000,79692.20000000,79692.20000000,79692.20000000,79692.20000000,0.00000000
1788561000000,79703.51000000,79714.95000000,79703.51000000,79714.95000000,0.00199000
1788561060000,79714.95000000,79714.95000000,79714.95000000,79714.95000000,0.00000000
1788561120000,79714.95000000,79714.95000000,79714.95000000,79714.95000000,0.00000000
1788561180000,79711.51000000,79711.51000000,79678.59000000,79678.59000000,0.00036000
1788561240000,79678.60000000,79697.49000000,79678.60000000,79689.83000000,0.00135000
1788561300000,79683.56000000,79683.56000000,79681.93000000,79681.93000000,0.00154000
1788561360000,79681.93000000,79681.93000000,79681.93000000,79681.93000000,0.00000000
1788561420000,79700.70000000,79700.70000000,79700.70000000,79700.70000000,0.00135000
1788561480000,79699.78000000,79699.78000000,79699.78000000,79699.78000000,0.00044000
1788561540000,79699.78000000,79699.78000000,79699.78000000,79699.78000000,0.00000000
1788561600000,79699.78000000,79699.78000000,79699.78000000,79699.78000000,0.00000000
1788561660000,79701.71000000,79701.71000000,79701.71000000,79701.71000000,0.00021000
1788561720000,79706.58000000,79706.58000000,79706.58000000,79706.58000000,0.00016000
1788561780000,79706.58000000,79706.58000000,79706.58000000,79706.58000000,0.00000000
1788561840000,79706.58000000,79706.58000000,79706.58000000,79706.58000000,0.00000000
1788561900000,79706.58000000,79706.58000000,79706.58000000,79706.58000000,0.00000000
1788561960000,79666.70000000,79670.38000000,79660.92000000,79660.92000000,0.00176000
1788562020000,79660.92000000,79660.92000000,79660.92000000,79660.92000000,0.00000000
1788562080000,79660.92000000,79660.92000000,79660.92000000,79660.92000000,0.00000000
1788562140000,79625.15000000,79661.74000000,79625.15000000,79661.74000000,0.00496000
1788562200000,79667.07000000,79667.94000000,79667.07000000,79667.94000000,0.00301000
1788562260000,79665.07000000,79665.07000000,79651.01000000,79651.01000000,0.00074000
1788562320000,79666.42000000,79666.42000000,79646.74000000,79646.74000000,0.01224000
1788562380000,79655.86000000,79655.86000000,79651.08000000,79651.08000000,0.00477000
1788562440000,79654.22000000,79654.22000000,79654.22000000,79654.22000000,0.00580000
1788562500000,79658.45000000,79658.45000000,79658.45000000,79658.45000000,0.00038000
1788562560000,79654.47000000,79658.44000000,79654.47000000,79658.44000000,0.00050000
1788562620000,79658.44000000,79658.44000000,79658.44000000,79658.44000000,0.00000000
1788562680000,79658.44000000,79658.44000000,79658.44000000,79658.44000000,0.00000000
1788562740000,79632.50000000,79632.50000000,79630.77000000,79630.77000000,0.00915000
1788562800000,79621.00000000,79621.00000000,79611.72000000,79611.72000000,0.00062000
1788562860000,79611.72000000,79611.72000000,79611.72000000,79611.72000000,0.00000000
1788562920000,79611.72000000,79611.72000000,79611.72000000,79611.72000000,0.00000000
1788562980000,79620.85000000,79620.85000000,79620.85000000,79620.85000000,0.00013000
1788563040000,79639.95000000,79639.95000000,79639.95000000,79639.95000000,0.00013000
1788563100000,79651.26000000,79651.26000000,79651.26000000,79651.26000000,0.00125000
1788563160000,79651.26000000,79651.26000000,79651.26000000,79651.26000000,0.00000000
1788563220000,79646.22000000,79646.22000000,79646.22000000,79646.22000000,0.00313000
1788563280000,79649.07000000,79649.07000000,79649.07000000,79649.07000000,0.00006000
1788563340000,79649.07000000,79649.07000000,79649.07000000,79649.07000000,0.00000000
1788563400000,79649.07000000,79649.07000000,79649.07000000,79649.07000000,0.00013000
1788563460000,79649.07000000,79649.07000000,79649.07000000,79649.07000000,0.00000000
1788563520000,79649.07000000,79649.07000000,79649.07000000,79649.07000000,0.00000000
1788563580000,79649.07000000,79649.07000000,79649.07000000,79649.07000000,0.00000000
1788563640000,79649.07000000,79649.07000000,79649.07000000,79649.07000000,0.00000000
1788563700000,79615.67000000,79615.67000000,79615.67000000,79615.67000000,0.00105000
1788563760000,79615.67000000,79615.67000000,79615.67000000,79615.67000000,0.00000000
1788563820000,79615.37000000,79615.37000000,79615.37000000,79615.37000000,0.00300000
1788563880000,79615.37000000,79615.37000000,79615.37000000,79615.37000000,0.00000000
1788563940000,79615.37000000,79615.37000000,79615.37000000,79615.37000000,0.00000000
1788564000000,79615.37000000,79615.37000000,79615.37000000,79615.37000000,0.00000000
1788564060000,79615.37000000,79615.37000000,79615.37000000,79615.37000000,0.00000000
1788564120000,79615.37000000,79615.37000000,79615.37000000,79615.37000000,0.00000000
1788564180000,79615.37000000,79615.37000000,79615.37000000,79615.37000000,0.00000000
1788564240000,79615.37000000,79615.37000000,79615.37000000,79615.37000000,0.00000000
1788564300000,79615.37000000,79615.37000000,79615.37000000,79615.37000000,0.00000000
1788564360000,79615.37000000,79615.37000000,79615.37000000,79615.37000000,0.00000000
1788564420000,79615.37000000,79615.37000000,79615.37000000,79615.37000000,0.00000000
1788564480000,79615.37000000,79615.37000000,79615.37000000,79615.37000000,0.00000000
1788564540000,79747.47000000,79747.47000000,79746.54000000,79746.54000000,0.00910000
1788564600000,79737.93000000,79737.93000000,79733.22000000,79733.22000000,0.00211000
1788564660000,79733.22000000,79733.22000000,79733.22000000,79733.22000000,0.00000000
1788564720000,79681.58000000,79681.58000000,79681.58000000,79681.58000000,0.00016000
1788564780000,79681.58000000,79681.58000000,79681.58000000,79681.58000000,0.00022000
1788564840000,79681.58000000,79681.58000000,79681.58000000,79681.58000000,0.00000000
1788564900000,79681.58000000,79681.58000000,79681.58000000,79681.58000000,0.00000000
1788564960000,79681.58000000,79681.58000000,79681.58000000,79681.58000000,0.00000000
1788565020000,79678.78000000,79678.78000000,79678.78000000,79678.78000000,0.00965000
1788565080000,79678.78000000,79678.78000000,79678.78000000,79678.78000000,0.00000000
1788565140000,79678.78000000,79678.78000000,79678.78000000,79678.78000000,0.00000000
1788565200000,79678.78000000,79678.78000000,79678.78000000,79678.78000000,0.00000000
1788565260000,79676.66000000,79676.66000000,79673.19000000,79673.19000000,0.00765000
1788565320000,79673.19000000,79673.19000000,79673.19000000,79673.19000000,0.00000000
1788565380000,79673.19000000,79673.19000000,79673.19000000,79673.19000000,0.00000000
1788565440000,79673.19000000,79673.19000000,79673.19000000,79673.19000000,0.00000000
1788565500000,79673.19000000,79673.19000000,79673.19000000,79673.19000000,0.00000000
1788565560000,79673.19000000,79673.19000000,79673.19000000,79673.19000000,0.00000000
1788565620000,79673.19000000,79673.19000000,79673.19000000,79673.19000000,0.00000000
1788565680000,79673.19000000,79673.19000000,79673.19000000,79673.19000000,0.00000000
1788565740000,79657.60000000,79657.60000000,79657.60000000,79657.60000000,0.00011000
1788565800000,79657.60000000,79657.60000000,79657.60000000,79657.60000000,0.00000000
1788565860000,79657.60000000,79657.60000000,79657.60000000,79657.60000000,0.00000000
1788565920000,79641.08000000,79642.16000000,79641.08000000,79642.16000000,0.00100000
1788565980000,79642.16000000,79642.16000000,79642.16000000,79642.16000000,0.00000000
1788566040000,79642.15000000,79642.15000000,79636.21000000,79636.21000000,0.00021000
1788566100000,79636.21000000,79636.21000000,79636.21000000,79636.21000000,0.00000000
1788566160000,79614.16000000,79627.78000000,79614.16000000,79627.78000000,0.01718000
1788566220000,79663.10000000,79665.33000000,79663.10000000,79665.33000000,0.01252000
1788566280000,79665.33000000,79665.33000000,79665.33000000,79665.33000000,0.00000000
1788566340000,79665.33000000,79665.33000000,79665.33000000,79665.33000000,0.00000000
1788566400000,79664.23000000,79664.23000000,79664.23000000,79664.23000000,0.00132000
1788566460000,79663.87000000,79663.87000000,79663.87000000,79663.87000000,0.00063000
1788566520000,79663.87000000,79663.87000000,79663.87000000,79663.87000000,0.00000000
1788566580000,79663.87000000,79663.87000000,79663.87000000,79663.87000000,0.00000000
1788566640000,79663.87000000,79663.87000000,79663.87000000,79663.87000000,0.00000000
1788566700000,79642.77000000,79646.74000000,79642.77000000,79646.74000000,0.03854000
1788566760000,79646.73000000,79646.73000000,79646.73000000,79646.73000000,0.00094000
1788566820000,79628.36000000,79628.36000000,79628.36000000,79628.36000000,0.00011000
1788566880000,79628.36000000,79628.36000000,79628.36000000,79628.36000000,0.00000000
1788566940000,79619.34000000,79619.34000000,79619.34000000,79619.34000000,0.00011000
1788567000000,79664.23000000,79698.26000000,79664.23000000,79698.26000000,0.00742000
1788567060000,79717.00000000,79717.00000000,79717.00000000,79717.00000000,0.00063000
1788567120000,79717.00000000,79717.00000000,79717.00000000,79717.00000000,0.00006000
1788567180000,79717.00000000,79717.00000000,79717.00000000,79717.00000000,0.00000000
1788567240000,79689.03000000,79689.03000000,79689.03000000,79689.03000000,0.00087000
1788567300000,79673.22000000,79673.22000000,79673.22000000,79673.22000000,0.00058000
1788567360000,79634.45000000,79634.45000000,79634.45000000,79634.45000000,0.00250000
1788567420000,79634.44000000,79634.44000000,79634.44000000,79634.44000000,0.00011000
1788567480000,79634.44000000,79634.44000000,79634.44000000,79634.44000000,0.00000000
1788567540000,79634.44000000,79634.44000000,79634.44000000,79634.44000000,0.00000000
1788567600000,79634.44000000,79634.44000000,79634.44000000,79634.44000000,0.00000000
1788567660000,79634.44000000,79634.44000000,79634.44000000,79634.44000000,0.00000000
1788567720000,79634.44000000,79634.44000000,79634.44000000,79634.44000000,0.00000000
1788567780000,79634.44000000,79634.44000000,79634.44000000,79634.44000000,0.00000000
1788567840000,79634.44000000,79634.44000000,79634.44000000,79634.44000000,0.00000000
1788567900000,79631.68000000,79631.68000000,79631.68000000,79631.68000000,0.00011000
1788567960000,79631.68000000,79631.68000000,79631.68000000,79631.68000000,0.00000000
1788568020000,79648.04000000,79648.04000000,79648.04000000,79648.04000000,0.00009000
1788568080000,79644.08000000,79644.08000000,79644.08000000,79644.08000000,0.00410000
1788568140000,79644.08000000,79644.08000000,79644.08000000,79644.08000000,0.00000000
1788568200000,79648.05000000,79648.05000000,79648.05000000,79648.05000000,0.00010000
1788568260000,79688.13000000,79694.46000000,79688.13000000,79688.13000000,0.00145000
1788568320000,79685.82000000,79685.82000000,79682.55000000,79682.55000000,0.00018000
1788568380000,79652.17000000,79656.37000000,79651.18000000,79651.18000000,0.00027000
1788568440000,79649.16000000,79649.66000000,79642.29000000,79649.66000000,0.00023000
1788568500000,79649.66000000,79649.66000000,79647.27000000,79647.27000000,0.00041000
1788568560000,79647.27000000,79647.27000000,79647.27000000,79647.27000000,0.00039000
1788568620000,79647.27000000,79647.27000000,79635.18000000,79635.18000000,0.00036000
1788568680000,79635.18000000,79637.62000000,79635.18000000,79635.18000000,0.00047000
1788568740000,79635.18000000,79642.34000000,79635.18000000,79642.34000000,0.00044000
1788568800000,79642.34000000,79660.21000000,79642.34000000,79660.21000000,0.00037000
1788568860000,79667.04000000,79670.68000000,79652.11000000,79652.11000000,0.00090000
1788568920000,79653.00000000,79664.33000000,79653.00000000,79664.33000000,0.00036000
1788568980000,79664.33000000,79664.33000000,79653.19000000,79658.19000000,0.00035000
1788569040000,79658.70000000,79658.70000000,79626.52000000,79631.15000000,0.00039000
1788569100000,79631.15000000,79631.15000000,79598.58000000,79598.58000000,0.00034000
1788569160000,79608.60000000,79612.58000000,79581.73000000,79582.58000000,0.00507000
1788569220000,79580.34000000,79603.83000000,79567.15000000,79601.29000000,0.00693000
1788569280000,79601.29000000,79601.29000000,79601.29000000,79601.29000000,0.00059000
1788569340000,79601.29000000,79601.29000000,79601.29000000,79601.29000000,0.00045000
1788569400000,79601.29000000,79610.18000000,79601.29000000,79610.18000000,0.00064000
1788569460000,79610.18000000,79622.69000000,79610.18000000,79622.69000000,0.00059000
1788569520000,79626.86000000,79646.03000000,79626.86000000,79646.03000000,0.00047000
1788569580000,79644.01000000,79644.01000000,79615.42000000,79616.33000000,0.00045000
1788569640000,79628.56000000,79638.99000000,79628.55000000,79638.99000000,0.00031000
1788569700000,79638.99000000,79643.34000000,79599.30000000,79606.36000000,0.00704000
1788569760000,79593.24000000,79604.36000000,79579.68000000,79594.11000000,0.00063000
1788569820000,79595.08000000,79607.31000000,79594.11000000,79607.31000000,0.00178000
1788569880000,79603.33000000,79607.31000000,79569.48000000,79569.48000000,0.00622000
1788569940000,79564.24000000,79564.24000000,79547.44000000,79562.78000000,0.00111000
1788570000000,79582.58000000,79582.58000000,79582.58000000,79582.58000000,0.00103000
1788570060000,79582.58000000,79582.58000000,79573.22000000,79576.48000000,0.00116000
1788570120000,79575.49000000,79577.28000000,79550.80000000,79554.48000000,0.00072000
1788570180000,79556.67000000,79601.63000000,79553.97000000,79601.63000000,0.03608000
1788570240000,79601.63000000,79603.47000000,79601.63000000,79603.47000000,0.00102000
1788570300000,79613.43000000,79615.60000000,79603.34000000,79615.60000000,0.00143000
1788570360000,79598.17000000,79602.13000000,79586.64000000,79586.64000000,0.00840000
1788570420000,79596.13000000,79618.28000000,79596.13000000,79618.28000000,0.00186000
1788570480000,79626.93000000,79632.85000000,79626.93000000,79630.88000000,0.00086000
1788570540000,79636.32000000,79644.80000000,79636.32000000,79641.27000000,0.00390000
1788570600000,79641.27000000,79662.42000000,79641.27000000,79654.86000000,0.00068000
1788570660000,79662.81000000,79668.86000000,79662.81000000,79668.86000000,0.00071000
1788570720000,79668.86000000,79672.83000000,79638.86000000,79650.12000000,0.00076000
1788570780000,79667.60000000,79672.88000000,79665.26000000,79671.71000000,0.00068000
1788570840000,79680.59000000,79680.59000000,79610.50000000,79617.78000000,0.03899000
1788570900000,79624.16000000,79624.16000000,79624.16000000,79624.16000000,0.00127000
1788570960000,79633.84000000,79642.12000000,79633.84000000,79642.12000000,0.00176000
1788571020000,79642.12000000,79666.52000000,79642.12000000,79661.96000000,0.00205000
1788571080000,79664.72000000,79664.72000000,79662.36000000,79662.36000000,0.00153000
1788571140000,79662.36000000,79671.21000000,79655.18000000,79671.21000000,0.00125000
1788571200000,79687.60000000,79687.60000000,79655.37000000,79655.37000000,0.00176000
1788571260000,79650.86000000,79667.89000000,79650.86000000,79661.89000000,0.00845000
1788571320000,79660.62000000,79660.62000000,79634.47000000,79634.47000000,0.00085000
1788571380000,79634.47000000,79643.57000000,79634.47000000,79643.57000000,0.00101000
1788571440000,79640.14000000,79666.96000000,79640.14000000,79666.96000000,0.00231000
1788571500000,79663.67000000,79672.53000000,79646.54000000,79646.54000000,0.00355000
1788571560000,79651.53000000,79651.53000000,79626.67000000,79635.42000000,0.00093000
1788571620000,79615.83000000,79626.02000000,79615.83000000,79616.01000000,0.00138000
1788571680000,79616.01000000,79616.01000000,79588.88000000,79588.88000000,0.00096000
1788571740000,79603.67000000,79695.65000000,79603.67000000,79693.13000000,0.03560000
1788571800000,79693.13000000,79693.91000000,79672.81000000,79693.91000000,0.00653000
1788571860000,79689.26000000,79689.26000000,79673.25000000,79676.35000000,0.00505000
1788571920000,79687.43000000,79702.30000000,79687.43000000,79702.30000000,0.00196000
1788571980000,79696.84000000,79696.84000000,79672.38000000,79672.38000000,0.00472000
1788572040000,79672.38000000,79672.38000000,79672.38000000,79672.38000000,0.00186000
1788572100000,79672.38000000,79672.38000000,79649.45000000,79656.73000000,0.00087000
1788572160000,79664.13000000,79664.13000000,79608.66000000,79622.26000000,0.01449000
1788572220000,79629.79000000,79654.25000000,79629.79000000,79654.25000000,0.00162000
1788572280000,79654.25000000,79658.23000000,79654.25000000,79654.25000000,0.00160000
1788572340000,79620.20000000,79620.20000000,79620.20000000,79620.20000000,0.00120000
1788572400000,79620.20000000,79663.77000000,79620.20000000,79663.77000000,0.00137000
1788572460000,79663.77000000,79671.21000000,79663.77000000,79671.21000000,0.00084000
1788572520000,79671.21000000,79671.21000000,79654.36000000,79654.36000000,0.00083000
1788572580000,79651.93000000,79658.34000000,79620.09000000,79620.09000000,0.00261000
1788572640000,79616.28000000,79631.32000000,79616.28000000,79631.32000000,0.02596000
1788572700000,79639.93000000,79649.80000000,79639.93000000,79643.34000000,0.00232000
1788572760000,79637.87000000,79662.19000000,79637.87000000,79662.19000000,0.00159000
1788572820000,79662.19000000,79662.19000000,79662.19000000,79662.19000000,0.00162000
1788572880000,79657.97000000,79659.63000000,79606.38000000,79609.69000000,0.00743000
1788572940000,79607.13000000,79614.69000000,79582.18000000,79588.07000000,0.01305000
1788573000000,79580.24000000,79580.24000000,79570.53000000,79570.53000000,0.00148000
1788573060000,79561.65000000,79576.61000000,79561.65000000,79576.61000000,0.00165000
1788573120000,79576.61000000,79592.36000000,79576.61000000,79590.25000000,0.00100000
1788573180000,79588.26000000,79590.24000000,79588.26000000,79589.29000000,0.00398000
1788573240000,79590.24000000,79590.25000000,79586.22000000,79590.25000000,0.00173000
1788573300000,79585.93000000,79585.93000000,79560.31000000,79560.31000000,0.00050000
1788573360000,79564.16000000,79564.16000000,79564.16000000,79564.16000000,0.00049000
1788573420000,79560.39000000,79561.50000000,79560.39000000,79561.50000000,0.00047000
1788573480000,79542.50000000,79546.85000000,79542.50000000,79543.04000000,0.00063000
1788573540000,79541.55000000,79543.04000000,79530.02000000,79536.54000000,0.00046000
1788573600000,79530.54000000,79530.54000000,79500.00000000,79500.00000000,0.00240000
1788573660000,79500.00000000,79500.00000000,79500.00000000,79500.00000000,0.00049000
1788573720000,79500.00000000,79500.00000000,79500.00000000,79500.00000000,0.00031000
1788573780000,79500.00000000,79500.01000000,79475.17000000,79475.17000000,0.00199000
1788573840000,79493.71000000,79501.85000000,79491.69000000,79501.85000000,0.00038000
1788573900000,79511.59000000,79520.03000000,79511.59000000,79520.03000000,0.00033000
1788573960000,79502.68000000,79519.27000000,79502.68000000,79519.27000000,0.00038000
1788574020000,79521.94000000,79522.96000000,79521.94000000,79522.96000000,0.00084000
1788574080000,79527.05000000,79531.39000000,79521.93000000,79530.13000000,0.00792000
1788574140000,79534.09000000,79542.95000000,79530.13000000,79542.95000000,0.02611000
1788574200000,79562.36000000,79564.62000000,79552.43000000,79564.62000000,0.00733000
1788574260000,79570.42000000,79571.49000000,79564.26000000,79564.26000000,0.00188000
1788574320000,79563.76000000,79573.79000000,79563.76000000,79573.79000000,0.00069000
1788574380000,79578.71000000,79578.71000000,79570.51000000,79574.74000000,0.00137000
1788574440000,79561.76000000,79561.76000000,79561.76000000,79561.76000000,0.00051000
1788574500000,79561.76000000,79570.84000000,79561.76000000,79570.84000000,0.00683000
1788574560000,79568.11000000,79568.11000000,79568.11000000,79568.11000000,0.00035000
1788574620000,79568.11000000,79569.75000000,79568.11000000,79569.75000000,0.00044000
1788574680000,79569.75000000,79577.34000000,79569.75000000,79577.34000000,0.00040000
1788574740000,79577.34000000,79581.31000000,79577.34000000,79577.34000000,0.00230000
1788574800000,79581.31000000,79581.31000000,79548.85000000,79548.85000000,0.00044000
1788574860000,79551.58000000,79574.42000000,79548.17000000,79574.42000000,0.00045000
1788574920000,79574.41000000,79577.43000000,79574.41000000,79577.43000000,0.00028000
1788574980000,79576.48000000,79577.80000000,79576.48000000,79577.80000000,0.00029000
1788575040000,79583.21000000,79589.93000000,79575.15000000,79585.54000000,0.00221000
1788575100000,79585.54000000,79587.99000000,79585.54000000,79587.99000000,0.00040000
1788575160000,79587.99000000,79590.01000000,79587.99000000,79590.01000000,0.00036000
1788575220000,79593.98000000,79593.98000000,79590.01000000,79592.24000000,0.00037000
1788575280000,79529.94000000,79529.94000000,79525.45000000,79525.45000000,0.00035000
1788575340000,79527.83000000,79527.83000000,79508.31000000,79513.78000000,0.00969000
1788575400000,79521.46000000,79556.37000000,79521.46000000,79556.37000000,0.00049000
1788575460000,79556.38000000,79556.38000000,79556.38000000,79556.38000000,0.00035000
1788575520000,79556.38000000,79556.38000000,79556.38000000,79556.38000000,0.00052000
1788575580000,79556.38000000,79556.38000000,79515.04000000,79515.21000000,0.00040000
1788575640000,79533.52000000,79569.25000000,79533.52000000,79569.25000000,0.00691000
1788575700000,79569.25000000,79569.25000000,79558.07000000,79558.07000000,0.00342000
1788575760000,79558.07000000,79583.13000000,79558.07000000,79583.13000000,0.00049000
1788575820000,79579.59000000,79595.91000000,79579.59000000,79595.62000000,0.00672000
1788575880000,79595.62000000,79595.62000000,79595.62000000,79595.62000000,0.00039000
1788575940000,79587.05000000,79587.05000000,79587.05000000,79587.05000000,0.00041000
1788576000000,79592.84000000,79593.77000000,79592.84000000,79593.77000000,0.00087000
1788576060000,79596.80000000,79612.76000000,79596.80000000,79612.76000000,0.00072000
1788576120000,79612.69000000,79614.92000000,79612.69000000,79614.92000000,0.00079000
1788576180000,79614.92000000,79614.92000000,79614.92000000,79614.92000000,0.00082000
1788576240000,79614.92000000,79614.92000000,79614.92000000,79614.92000000,0.00085000
1788576300000,79614.92000000,79614.92000000,79592.41000000,79598.41000000,0.00059000
1788576360000,79581.96000000,79581.96000000,79555.31000000,79555.31000000,0.00064000
1788576420000,79554.45000000,79568.01000000,79554.45000000,79566.94000000,0.00081000
1788576480000,79566.94000000,79566.94000000,79566.94000000,79566.94000000,0.00080000
1788576540000,79566.94000000,79566.94000000,79561.05000000,79563.60000000,0.00827000
1788576600000,79563.60000000,79563.68000000,79530.54000000,79538.92000000,0.00747000
1788576660000,79536.67000000,79536.68000000,79530.06000000,79531.13000000,0.01896000
1788576720000,79546.06000000,79546.73000000,79546.06000000,79546.73000000,0.00178000
1788576780000,79546.73000000,79553.61000000,79546.73000000,79553.61000000,0.00134000
1788576840000,79553.62000000,79554.61000000,79553.62000000,79554.61000000,0.00141000
1788576900000,79554.61000000,79554.61000000,79554.61000000,79554.61000000,0.00110000
1788576960000,79554.61000000,79559.03000000,79554.61000000,79559.03000000,0.00104000
1788577020000,79559.03000000,79565.27000000,79559.03000000,79565.27000000,0.00083000
1788577080000,79565.27000000,79565.27000000,79565.20000000,79565.20000000,0.00774000
1788577140000,79565.20000000,79565.20000000,79565.20000000,79565.20000000,0.00165000
1788577200000,79565.20000000,79565.20000000,79562.71000000,79562.71000000,0.00106000
1788577260000,79562.71000000,79562.71000000,79562.71000000,79562.71000000,0.00093000
1788577320000,79562.71000000,79566.67000000,79538.36000000,79538.36000000,0.01350000
1788577380000,79544.62000000,79544.62000000,79544.62000000,79544.62000000,0.00115000
1788577440000,79544.60000000,79544.60000000,79544.59000000,79544.59000000,0.00108000
1788577500000,79544.59000000,79547.85000000,79544.59000000,79544.78000000,0.00234000
1788577560000,79545.04000000,79545.04000000,79545.04000000,79545.04000000,0.00092000
1788577620000,79545.04000000,79547.85000000,79532.45000000,79532.45000000,0.00567000
1788577680000,79532.45000000,79532.45000000,79529.45000000,79529.45000000,0.00096000
1788577740000,79527.12000000,79531.09000000,79521.93000000,79521.93000000,0.00105000
1788577800000,79500.75000000,79543.26000000,79500.75000000,79543.26000000,0.00735000
1788577860000,79543.26000000,79543.26000000,79539.94000000,79539.94000000,0.00109000
1788577920000,79539.94000000,79547.71000000,79539.94000000,79547.71000000,0.00214000
1788577980000,79540.81000000,79543.74000000,79540.81000000,79543.74000000,0.00096000
1788578040000,79543.74000000,79550.00000000,79543.74000000,79543.75000000,0.00246000
1788578100000,79545.78000000,79585.65000000,79545.78000000,79585.65000000,0.67911000
1788578160000,79585.65000000,79613.50000000,79585.65000000,79608.93000000,0.01771000
1788578220000,79608.91000000,79608.91000000,79564.54000000,79580.26000000,0.02618000
1788578280000,79578.82000000,79586.43000000,79578.48000000,79578.48000000,0.01763000
1788578340000,79588.88000000,79588.89000000,79588.88000000,79588.89000000,0.00544000
1788578400000,79588.89000000,79588.89000000,79588.89000000,79588.89000000,0.00485000
1788578460000,79588.89000000,79588.89000000,79578.21000000,79584.90000000,0.00239000
1788578520000,79568.44000000,79569.43000000,79568.44000000,79569.43000000,0.00219000
1788578580000,79568.44000000,79568.44000000,79568.44000000,79568.44000000,0.00145000
1788578640000,79596.03000000,79596.16000000,79596.03000000,79596.16000000,0.00228000
1788578700000,79596.03000000,79596.03000000,79589.07000000,79589.07000000,0.00210000
1788578760000,79586.95000000,79586.95000000,79586.95000000,79586.95000000,0.00203000
1788578820000,79586.95000000,79586.95000000,79586.95000000,79586.95000000,0.00171000
1788578880000,79586.95000000,79596.04000000,79586.95000000,79596.04000000,0.00267000
1788578940000,79590.89000000,79590.89000000,79586.93000000,79586.93000000,0.00190000
1788579000000,79589.12000000,79592.09000000,79589.12000000,79592.09000000,0.00244000
1788579060000,79592.09000000,79597.72000000,79592.09000000,79597.72000000,0.00294000
1788579120000,79596.97000000,79596.97000000,79596.97000000,79596.97000000,0.00398000
1788579180000,79596.97000000,79596.97000000,79596.00000000,79596.00000000,0.00510000
1788579240000,79596.00000000,79596.03000000,79596.00000000,79596.03000000,0.00400000
1788579300000,79596.03000000,79597.02000000,79596.03000000,79597.02000000,0.00409000
1788579360000,79597.02000000,79600.00000000,79597.02000000,79597.02000000,0.01958000
1788579420000,79597.02000000,79600.00000000,79597.02000000,79598.64000000,0.02060000
1788579480000,79598.64000000,79627.09000000,79598.64000000,79627.09000000,0.29015000
1788579540000,79622.48000000,79622.48000000,79616.28000000,79616.28000000,0.00814000
1788579600000,79616.28000000,79620.26000000,79616.28000000,79616.28000000,0.01250000
1788579660000,79616.28000000,79616.28000000,79616.28000000,79616.28000000,0.01354000
1788579720000,79616.28000000,79616.28000000,79616.28000000,79616.28000000,0.00487000
1788579780000,79616.28000000,79616.28000000,79616.28000000,79616.28000000,0.00205000
1788579840000,79616.28000000,79618.93000000,79616.28000000,79618.93000000,0.00326000
1788579900000,79619.00000000,79619.00000000,79619.00000000,79619.00000000,0.00062000
1788579960000,79619.00000000,79619.00000000,79619.00000000,79619.00000000,0.00000000
1788580020000,79619.00000000,79619.00000000,79619.00000000,79619.00000000,0.00000000
1788580080000,79619.00000000,79619.00000000,79619.00000000,79619.00000000,0.00000000
1788580140000,79619.00000000,79619.00000000,79619.00000000,79619.00000000,0.00000000
1788580200000,79619.00000000,79619.00000000,79619.00000000,79619.00000000,0.00000000
1788580260000,79619.00000000,79619.00000000,79619.00000000,79619.00000000,0.00000000
1788580320000,79609.63000000,79609.63000000,79609.63000000,79609.63000000,0.00031000
1788580380000,79609.63000000,79609.63000000,79604.24000000,79604.24000000,0.00227000
1788580440000,79604.24000000,79604.24000000,79604.24000000,79604.24000000,0.00000000
1788580500000,79600.99000000,79600.99000000,79597.62000000,79597.62000000,0.00138000
1788580560000,79597.62000000,79597.62000000,79597.62000000,79597.62000000,0.00000000
1788580620000,79597.62000000,79597.62000000,79597.62000000,79597.62000000,0.00000000
1788580680000,79597.62000000,79597.62000000,79597.62000000,79597.62000000,0.00000000
1788580740000,79597.62000000,79597.62000000,79597.62000000,79597.62000000,0.00000000
1788580800000,79585.75000000,79585.75000000,79579.61000000,79579.61000000,0.01255000
1788580860000,79558.24000000,79558.24000000,79544.43000000,79544.43000000,0.02245000
1788580920000,79544.43000000,79544.43000000,79544.43000000,79544.43000000,0.00000000
1788580980000,79542.28000000,79542.28000000,79542.28000000,79542.28000000,0.00628000
1788581040000,79542.28000000,79542.28000000,79542.28000000,79542.28000000,0.00000000
1788581100000,79576.41000000,79579.19000000,79576.41000000,79579.19000000,0.01089000
1788581160000,79579.19000000,79579.19000000,79579.19000000,79579.19000000,0.00000000
1788581220000,79588.64000000,79588.64000000,79575.30000000,79575.30000000,0.00042000
1788581280000,79575.30000000,79575.30000000,79575.30000000,79575.30000000,0.00000000
1788581340000,79591.23000000,79591.23000000,79584.49000000,79584.49000000,0.00653000
1788581400000,79584.49000000,79584.49000000,79584.49000000,79584.49000000,0.00000000
1788581460000,79584.49000000,79584.49000000,79584.49000000,79584.49000000,0.00000000
1788581520000,79505.24000000,79515.84000000,79505.24000000,79515.84000000,0.00478000
1788581580000,79515.84000000,79515.84000000,79515.84000000,79515.84000000,0.00000000
1788581640000,79515.84000000,79515.84000000,79515.84000000,79515.84000000,0.00000000
1788581700000,79546.28000000,79546.28000000,79543.73000000,79543.73000000,0.00125000
1788581760000,79543.73000000,79543.73000000,79543.73000000,79543.73000000,0.00000000
1788581820000,79542.68000000,79579.92000000,79542.68000000,79571.03000000,0.00491000
1788581880000,79571.03000000,79571.03000000,79571.03000000,79571.03000000,0.01086000
1788581940000,79571.03000000,79571.03000000,79571.03000000,79571.03000000,0.00000000
1788582000000,79571.03000000,79571.03000000,79571.03000000,79571.03000000,0.00000000
1788582060000,79571.03000000,79571.03000000,79571.03000000,79571.03000000,0.00000000
1788582120000,79571.03000000,79571.03000000,79571.03000000,79571.03000000,0.00000000
1788582180000,79571.03000000,79571.03000000,79571.03000000,79571.03000000,0.00000000
1788582240000,79571.03000000,79571.03000000,79571.03000000,79571.03000000,0.00000000
1788582300000,79571.03000000,79571.03000000,79571.03000000,79571.03000000,0.00000000
1788582360000,79562.77000000,79571.32000000,79562.77000000,79571.32000000,0.00030000
1788582420000,79571.32000000,79571.32000000,79571.32000000,79571.32000000,0.00000000
1788582480000,79571.32000000,79571.32000000,79571.32000000,79571.32000000,0.00000000
1788582540000,79572.68000000,79572.68000000,79559.84000000,79559.84000000,0.01169000
1788582600000,79559.84000000,79559.84000000,79559.84000000,79559.84000000,0.00000000
1788582660000,79544.10000000,79544.37000000,79544.10000000,79544.37000000,0.00199000
1788582720000,79544.37000000,79544.37000000,79544.37000000,79544.37000000,0.00000000
1788582780000,79544.37000000,79544.37000000,79544.37000000,79544.37000000,0.00000000
1788582840000,79557.01000000,79557.01000000,79557.01000000,79557.01000000,0.00032000
1788582900000,79542.27000000,79542.27000000,79542.27000000,79542.27000000,0.01127000
1788582960000,79537.17000000,79537.17000000,79536.60000000,79536.60000000,0.02084000
1788583020000,79536.60000000,79536.60000000,79536.60000000,79536.60000000,0.00000000
1788583080000,79536.60000000,79536.60000000,79536.60000000,79536.60000000,0.00000000
1788583140000,79536.60000000,79536.60000000,79536.60000000,79536.60000000,0.00000000
1788583200000,79536.60000000,79536.60000000,79536.60000000,79536.60000000,0.00000000
1788583260000,79536.60000000,79536.60000000,79536.60000000,79536.60000000,0.00000000
1788583320000,79536.60000000,79536.60000000,79536.60000000,79536.60000000,0.00000000
1788583380000,79536.60000000,79536.60000000,79536.60000000,79536.60000000,0.00000000
1788583440000,79527.21000000,79527.21000000,79527.21000000,79527.21000000,0.00011000
1788583500000,79535.75000000,79535.75000000,79530.55000000,79533.58000000,0.01238000
1788583560000,79533.58000000,79533.58000000,79533.58000000,79533.58000000,0.00000000
1788583620000,79533.58000000,79533.58000000,79533.58000000,79533.58000000,0.00000000
1788583680000,79513.81000000,79518.18000000,79499.90000000,79510.73000000,0.04880000
1788583740000,79510.73000000,79510.73000000,79510.73000000,79510.73000000,0.00000000
1788583800000,79567.21000000,79567.21000000,79523.41000000,79523.41000000,0.00045000
1788583860000,79523.40000000,79523.40000000,79523.40000000,79523.40000000,0.00132000
1788583920000,79523.40000000,79523.40000000,79523.40000000,79523.40000000,0.00000000
1788583980000,79512.52000000,79514.91000000,79512.52000000,79514.91000000,0.04250000
1788584040000,79551.24000000,79551.24000000,79550.83000000,79550.83000000,0.01399000
1788584100000,79550.83000000,79550.83000000,79550.83000000,79550.83000000,0.00000000
1788584160000,79550.83000000,79550.83000000,79550.83000000,79550.83000000,0.00000000
1788584220000,79544.03000000,79545.59000000,79534.66000000,79534.66000000,0.00373000
1788584280000,79534.66000000,79534.66000000,79534.66000000,79534.66000000,0.00000000
1788584340000,79490.29000000,79503.11000000,79490.29000000,79503.11000000,0.01508000
1788584400000,79503.10000000,79503.10000000,79503.10000000,79503.10000000,0.00058000
1788584460000,79503.10000000,79503.10000000,79503.10000000,79503.10000000,0.00000000
1788584520000,79508.63000000,79508.63000000,79484.49000000,79484.49000000,0.00033000
1788584580000,79453.11000000,79455.65000000,79453.11000000,79454.03000000,0.00120000
1788584640000,79450.08000000,79450.08000000,79450.08000000,79450.08000000,0.00011000
1788584700000,79472.39000000,79472.39000000,79472.39000000,79472.39000000,0.00125000
1788584760000,79472.39000000,79472.39000000,79472.39000000,79472.39000000,0.00000000
1788584820000,79478.48000000,79478.48000000,79474.51000000,79474.51000000,0.00126000
1788584880000,79456.15000000,79480.23000000,79456.15000000,79480.23000000,0.00281000
1788584940000,79484.37000000,79484.37000000,79461.00000000,79464.94000000,0.00077000
1788585000000,79464.94000000,79464.94000000,79464.94000000,79464.94000000,0.00000000
1788585060000,79464.94000000,79464.94000000,79464.94000000,79464.94000000,0.00000000
1788585120000,79552.68000000,79552.68000000,79552.68000000,79552.68000000,0.00074000
1788585180000,79552.68000000,79552.68000000,79552.68000000,79552.68000000,0.00000000
1788585240000,79564.56000000,79564.56000000,79556.30000000,79556.30000000,0.00013000
1788585300000,79556.12000000,79562.69000000,79556.12000000,79562.69000000,0.00094000
1788585360000,79562.69000000,79562.69000000,79562.69000000,79562.69000000,0.00000000
1788585420000,79562.69000000,79562.69000000,79562.69000000,79562.69000000,0.00000000
1788585480000,79574.68000000,79574.68000000,79567.26000000,79567.26000000,0.00648000
1788585540000,79527.76000000,79571.10000000,79527.76000000,79571.10000000,0.00020000
1788585600000,79571.10000000,79571.10000000,79571.10000000,79571.10000000,0.00000000
1788585660000,79544.82000000,79546.83000000,79544.82000000,79546.83000000,0.00251000
1788585720000,79546.82000000,79546.82000000,79546.82000000,79546.82000000,0.00010000
1788585780000,79546.82000000,79546.82000000,79546.82000000,79546.82000000,0.00000000
1788585840000,79506.26000000,79506.26000000,79506.26000000,79506.26000000,0.00010000
1788585900000,79506.26000000,79506.26000000,79506.26000000,79506.26000000,0.00000000
1788585960000,79506.26000000,79506.26000000,79506.26000000,79506.26000000,0.00000000
1788586020000,79506.26000000,79506.26000000,79506.26000000,79506.26000000,0.00000000
1788586080000,79506.26000000,79506.26000000,79506.26000000,79506.26000000,0.00000000
1788586140000,79506.26000000,79506.26000000,79506.26000000,79506.26000000,0.00000000
1788586200000,79506.26000000,79506.26000000,79506.26000000,79506.26000000,0.00000000
1788586260000,79506.26000000,79506.26000000,79506.26000000,79506.26000000,0.00000000
1788586320000,79506.26000000,79506.26000000,79506.26000000,79506.26000000,0.00000000
1788586380000,79506.26000000,79506.26000000,79506.26000000,79506.26000000,0.00000000
1788586440000,79506.26000000,79506.26000000,79506.26000000,79506.26000000,0.00000000
1788586500000,79506.26000000,79506.26000000,79506.26000000,79506.26000000,0.00000000
1788586560000,79600.51000000,79600.51000000,79563.40000000,79571.53000000,0.00528000
1788586620000,79579.01000000,79579.01000000,79577.70000000,79577.70000000,0.02852000
1788586680000,79577.70000000,79577.70000000,79577.70000000,79577.70000000,0.00000000
1788586740000,79577.70000000,79577.70000000,79577.70000000,79577.70000000,0.00000000
1788586800000,79577.71000000,79577.71000000,79577.71000000,79577.71000000,0.00025000
1788586860000,79577.71000000,79577.71000000,79577.71000000,79577.71000000,0.02487000
1788586920000,79577.71000000,79577.71000000,79577.71000000,79577.71000000,0.00000000
1788586980000,79577.71000000,79577.71000000,79577.71000000,79577.71000000,0.00000000
1788587040000,79543.06000000,79543.06000000,79542.81000000,79542.81000000,0.00641000
1788587100000,79542.81000000,79542.81000000,79542.81000000,79542.81000000,0.00000000
1788587160000,79499.42000000,79514.54000000,79499.42000000,79514.54000000,0.00026000
1788587220000,79514.53000000,79514.53000000,79514.53000000,79514.53000000,0.00049000
1788587280000,79514.53000000,79514.53000000,79514.53000000,79514.53000000,0.00000000
1788587340000,79514.53000000,79514.53000000,79514.53000000,79514.53000000,0.00000000
1788587400000,79494.51000000,79503.16000000,79494.51000000,79503.16000000,0.01146000
1788587460000,79503.16000000,79503.16000000,79503.16000000,79503.16000000,0.00000000
1788587520000,79549.76000000,79549.76000000,79543.51000000,79543.51000000,0.00020000
1788587580000,79570.43000000,79570.43000000,79564.94000000,79564.94000000,0.00853000
1788587640000,79564.94000000,79564.94000000,79564.94000000,79564.94000000,0.00000000
1788587700000,79564.94000000,79564.94000000,79564.94000000,79564.94000000,0.00000000
1788587760000,79564.94000000,79564.94000000,79564.94000000,79564.94000000,0.00000000
1788587820000,79564.95000000,79604.23000000,79564.95000000,79578.35000000,0.02496000
1788587880000,79578.35000000,79578.35000000,79578.35000000,79578.35000000,0.00000000
1788587940000,79578.35000000,79578.35000000,79578.35000000,79578.35000000,0.00000000
1788588000000,79566.88000000,79575.64000000,79566.88000000,79575.64000000,0.00138000
1788588060000,79575.64000000,79575.64000000,79575.64000000,79575.64000000,0.00000000
1788588120000,79575.64000000,79575.64000000,79575.64000000,79575.64000000,0.00000000
1788588180000,79575.64000000,79575.64000000,79575.64000000,79575.64000000,0.00000000
1788588240000,79604.24000000,79604.24000000,79604.24000000,79604.24000000,0.00013000
1788588300000,79604.24000000,79604.24000000,79604.24000000,79604.24000000,0.02543000
1788588360000,79604.24000000,79604.24000000,79604.24000000,79604.24000000,0.00000000
1788588420000,79604.24000000,79604.24000000,79604.24000000,79604.24000000,0.00000000
1788588480000,79604.23000000,79604.23000000,79564.90000000,79564.90000000,0.00138000
1788588540000,79564.91000000,79564.91000000,79564.91000000,79564.91000000,0.00006000
1788588600000,79585.89000000,79604.24000000,79585.89000000,79604.24000000,0.29094000
1788588660000,79604.24000000,79604.24000000,79604.24000000,79604.24000000,0.00000000
1788588720000,79604.24000000,79604.24000000,79604.24000000,79604.24000000,0.00000000
1788588780000,79625.00000000,79625.00000000,79625.00000000,79625.00000000,0.00262000
1788588840000,79625.00000000,79625.00000000,79625.00000000,79625.00000000,0.00017000
1788588900000,79625.00000000,79625.00000000,79625.00000000,79625.00000000,0.00000000
1788588960000,79624.99000000,79624.99000000,79624.99000000,79624.99000000,0.00006000
1788589020000,79620.24000000,79620.24000000,79620.24000000,79620.24000000,0.00005000
1788589080000,79625.00000000,79625.00000000,79625.00000000,79625.00000000,0.00013000
1788589140000,79625.00000000,79625.00000000,79625.00000000,79625.00000000,0.00000000
1788589200000,79625.00000000,79625.00000000,79625.00000000,79625.00000000,0.00000000
1788589260000,79625.00000000,79625.00000000,79625.00000000,79625.00000000,0.00000000
1788589320000,79625.00000000,79625.00000000,79625.00000000,79625.00000000,0.00000000
1788589380000,79625.00000000,79625.00000000,79625.00000000,79625.00000000,0.00501000
1788589440000,79625.00000000,79625.00000000,79625.00000000,79625.00000000,0.00000000
1788589500000,79624.99000000,79624.99000000,79624.99000000,79624.99000000,0.00054000
1788589560000,79624.99000000,79624.99000000,79624.99000000,79624.99000000,0.00000000
1788589620000,79624.99000000,79624.99000000,79624.99000000,79624.99000000,0.00000000
1788589680000,79624.99000000,79624.99000000,79624.99000000,79624.99000000,0.00000000
1788589740000,79621.97000000,79621.97000000,79621.97000000,79621.97000000,0.00010000
1788589800000,79625.00000000,79625.00000000,79625.00000000,79625.00000000,0.01279000
1788589860000,79625.00000000,79625.00000000,79625.00000000,79625.00000000,0.01031000
1788589920000,79625.00000000,79625.00000000,79625.00000000,79625.00000000,0.00000000
1788589980000,79625.00000000,79625.00000000,79625.00000000,79625.00000000,0.00012000
1788590040000,79624.99000000,79625.00000000,79624.99000000,79625.00000000,0.00074000
1788590100000,79625.00000000,79625.00000000,79625.00000000,79625.00000000,0.00000000
1788590160000,79625.00000000,79625.00000000,79625.00000000,79625.00000000,0.00000000
1788590220000,79625.00000000,79625.00000000,79625.00000000,79625.00000000,0.04003000
1788590280000,79625.00000000,79625.00000000,79625.00000000,79625.00000000,0.01157000
1788590340000,79625.00000000,79722.95000000,79625.00000000,79707.67000000,0.59843000
1788590400000,79698.60000000,79698.60000000,79691.36000000,79691.36000000,0.00772000
1788590460000,79691.36000000,79691.36000000,79684.71000000,79684.71000000,0.05470000
1788590520000,79679.53000000,79679.53000000,79679.53000000,79679.53000000,0.00115000
1788590580000,79679.53000000,79679.53000000,79679.53000000,79679.53000000,0.00000000
1788590640000,79679.53000000,79679.53000000,79679.53000000,79679.53000000,0.00000000
1788590700000,79679.53000000,79679.53000000,79679.53000000,79679.53000000,0.00000000
1788590760000,79679.53000000,79679.53000000,79679.53000000,79679.53000000,0.00000000
1788590820000,79652.34000000,79670.96000000,79652.34000000,79670.96000000,0.02743000
1788590880000,79670.96000000,79670.96000000,79670.96000000,79670.96000000,0.00000000
1788590940000,79670.81000000,79670.81000000,79670.81000000,79670.81000000,0.00063000
1788591000000,79670.81000000,79670.81000000,79670.81000000,79670.81000000,0.00000000
1788591060000,79670.81000000,79670.81000000,79670.81000000,79670.81000000,0.00000000
1788591120000,79670.95000000,79670.95000000,79653.56000000,79653.56000000,0.02444000
1788591180000,79649.59000000,79650.12000000,79649.59000000,79650.12000000,0.00736000
1788591240000,79650.12000000,79650.12000000,79650.12000000,79650.12000000,0.00000000
1788591300000,79650.12000000,79650.12000000,79650.12000000,79650.12000000,0.00000000
1788591360000,79678.92000000,79678.92000000,79678.92000000,79678.92000000,0.00438000
1788591420000,79678.92000000,79678.92000000,79678.92000000,79678.92000000,0.00000000
1788591480000,79659.00000000,79687.22000000,79659.00000000,79685.51000000,0.00136000
1788591540000,79668.68000000,79668.68000000,79668.68000000,79668.68000000,0.00126000
1788591600000,79668.68000000,79668.68000000,79668.68000000,79668.68000000,0.00000000
1788591660000,79643.39000000,79657.78000000,79643.39000000,79657.78000000,0.00188000
1788591720000,79693.89000000,79693.89000000,79693.89000000,79693.89000000,0.00014000
1788591780000,79693.89000000,79693.89000000,79693.89000000,79693.89000000,0.00000000
1788591840000,79693.89000000,79693.89000000,79693.89000000,79693.89000000,0.00004000
1788591900000,79693.89000000,79693.89000000,79693.89000000,79693.89000000,0.00106000
1788591960000,79693.89000000,79693.89000000,79693.89000000,79693.89000000,0.00000000
1788592020000,79693.89000000,79693.89000000,79693.89000000,79693.89000000,0.00000000
1788592080000,79693.89000000,79693.89000000,79693.89000000,79693.89000000,0.00000000
1788592140000,79693.89000000,79693.89000000,79693.89000000,79693.89000000,0.00000000
1788592200000,79693.89000000,79693.89000000,79693.89000000,79693.89000000,0.00000000
1788592260000,79693.89000000,79693.89000000,79693.89000000,79693.89000000,0.00000000
1788592320000,79696.31000000,79696.31000000,79696.31000000,79696.31000000,0.00898000
1788592380000,79696.31000000,79696.31000000,79696.31000000,79696.31000000,0.00000000
1788592440000,79696.31000000,79696.31000000,79696.31000000,79696.31000000,0.00004000
1788592500000,79696.31000000,79696.31000000,79696.31000000,79696.31000000,0.00000000
1788592560000,79696.31000000,79696.31000000,79696.31000000,79696.31000000,0.00000000
1788592620000,79696.31000000,79696.31000000,79696.31000000,79696.31000000,0.00000000
1788592680000,79696.31000000,79696.31000000,79696.31000000,79696.31000000,0.00000000
1788592740000,79713.44000000,79713.44000000,79713.43000000,79713.43000000,0.00261000
1788592800000,79713.43000000,79713.43000000,79713.43000000,79713.43000000,0.00000000
1788592860000,79713.43000000,79713.43000000,79713.43000000,79713.43000000,0.00000000
1788592920000,79674.97000000,79702.97000000,79674.97000000,79702.97000000,0.00317000
1788592980000,79702.97000000,79702.97000000,79702.97000000,79702.97000000,0.00000000
1788593040000,79702.97000000,79702.97000000,79702.97000000,79702.97000000,0.00000000
1788593100000,79702.97000000,79702.97000000,79702.97000000,79702.97000000,0.00000000
1788593160000,79702.97000000,79702.97000000,79702.97000000,79702.97000000,0.00000000
1788593220000,79702.97000000,79702.97000000,79702.97000000,79702.97000000,0.00000000
1788593280000,79702.97000000,79702.97000000,79702.97000000,79702.97000000,0.00000000
1788593340000,79702.97000000,79702.97000000,79702.97000000,79702.97000000,0.00000000
1788593400000,79702.97000000,79702.97000000,79702.97000000,79702.97000000,0.00000000
1788593460000,79721.84000000,79721.84000000,79721.84000000,79721.84000000,0.00010000
1788593520000,79721.84000000,79721.84000000,79721.84000000,79721.84000000,0.00000000
1788593580000,79711.03000000,79711.03000000,79711.03000000,79711.03000000,0.00005000
1788593640000,79711.03000000,79711.03000000,79711.03000000,79711.03000000,0.00000000
1788593700000,79711.03000000,79711.03000000,79711.03000000,79711.03000000,0.00000000
1788593760000,79711.03000000,79711.03000000,79711.03000000,79711.03000000,0.00000000
1788593820000,79711.03000000,79711.03000000,79711.03000000,79711.03000000,0.00000000
1788593880000,79711.03000000,79711.03000000,79711.03000000,79711.03000000,0.00000000
1788593940000,79748.58000000,79748.58000000,79748.58000000,79748.58000000,0.00031000
1788594000000,79748.58000000,79748.58000000,79748.58000000,79748.58000000,0.00000000
1788594060000,79748.58000000,79748.58000000,79748.58000000,79748.58000000,0.00000000
1788594120000,79748.58000000,79748.58000000,79748.58000000,79748.58000000,0.00000000
1788594180000,79748.57000000,79748.57000000,79701.02000000,79701.02000000,0.00015000
1788594240000,79701.02000000,79701.02000000,79701.02000000,79701.02000000,0.00000000
1788594300000,79701.02000000,79701.02000000,79701.02000000,79701.02000000,0.00000000
1788594360000,79701.02000000,79701.02000000,79701.02000000,79701.02000000,0.00000000
1788594420000,79768.67000000,79768.67000000,79748.31000000,79748.31000000,0.08058000
1788594480000,79748.31000000,79748.31000000,79748.31000000,79748.31000000,0.00000000
1788594540000,79748.31000000,79748.31000000,79748.31000000,79748.31000000,0.00000000
1788594600000,79748.31000000,79748.31000000,79748.31000000,79748.31000000,0.00000000
1788594660000,79748.31000000,79748.31000000,79748.31000000,79748.31000000,0.00000000
1788594720000,79748.31000000,79748.31000000,79748.31000000,79748.31000000,0.00000000
1788594780000,79748.31000000,79748.31000000,79748.31000000,79748.31000000,0.00000000
1788594840000,79748.31000000,79748.31000000,79748.31000000,79748.31000000,0.00000000
1788594900000,79748.31000000,79748.31000000,79748.31000000,79748.31000000,0.00000000
1788594960000,79748.31000000,79748.31000000,79748.31000000,79748.31000000,0.00000000
1788595020000,79748.31000000,79748.31000000,79748.31000000,79748.31000000,0.00000000
1788595080000,79748.31000000,79748.31000000,79748.31000000,79748.31000000,0.00000000
1788595140000,79748.31000000,79748.31000000,79748.31000000,79748.31000000,0.00000000
1788595200000,79748.31000000,79748.31000000,79748.31000000,79748.31000000,0.00000000
1788595260000,79683.84000000,79709.63000000,79683.84000000,79709.63000000,0.00020000
1788595320000,79680.80000000,79686.00000000,79680.80000000,79686.00000000,0.00615000
1788595380000,79686.00000000,79686.00000000,79686.00000000,79686.00000000,0.00125000
1788595440000,79685.99000000,79685.99000000,79680.80000000,79680.80000000,0.00509000
1788595500000,79680.80000000,79680.80000000,79680.80000000,79680.80000000,0.00000000
1788595560000,79633.07000000,79635.43000000,79633.07000000,79635.43000000,0.00012000
1788595620000,79635.43000000,79635.43000000,79635.43000000,79635.43000000,0.00000000
1788595680000,79635.43000000,79635.43000000,79635.43000000,79635.43000000,0.00000000
1788595740000,79664.80000000,79664.80000000,79664.80000000,79664.80000000,0.00145000
1788595800000,79664.80000000,79664.80000000,79664.80000000,79664.80000000,0.00000000
1788595860000,79654.67000000,79670.92000000,79654.67000000,79670.92000000,0.00207000
1788595920000,79670.92000000,79670.92000000,79670.92000000,79670.92000000,0.00000000
1788595980000,79670.92000000,79670.92000000,79670.92000000,79670.92000000,0.00000000
1788596040000,79703.10000000,79703.10000000,79703.10000000,79703.10000000,0.00010000
1788596100000,79671.14000000,79671.14000000,79671.14000000,79671.14000000,0.00125000
1788596160000,79677.13000000,79677.13000000,79677.13000000,79677.13000000,0.00185000
1788596220000,79677.13000000,79677.13000000,79677.13000000,79677.13000000,0.00000000
1788596280000,79677.13000000,79677.13000000,79677.13000000,79677.13000000,0.00000000
1788596340000,79731.20000000,79731.20000000,79723.48000000,79723.48000000,0.00652000
1788596400000,79723.48000000,79723.48000000,79723.48000000,79723.48000000,0.00000000
1788596460000,79658.80000000,79658.80000000,79655.94000000,79655.94000000,0.00241000
1788596520000,79639.24000000,79639.24000000,79639.24000000,79639.24000000,0.00010000
1788596580000,79688.74000000,79688.74000000,79662.48000000,79662.48000000,0.00116000
1788596640000,79662.48000000,79662.48000000,79662.48000000,79662.48000000,0.00000000
1788596700000,79662.48000000,79662.48000000,79662.48000000,79662.48000000,0.00000000
1788596760000,79662.48000000,79662.48000000,79662.48000000,79662.48000000,0.00000000
1788596820000,79604.05000000,79637.11000000,79604.05000000,79637.11000000,0.00604000
1788596880000,79653.27000000,79653.27000000,79653.27000000,79653.27000000,0.00195000
1788596940000,79653.26000000,79653.26000000,79653.26000000,79653.26000000,0.00010000
1788597000000,79653.26000000,79653.26000000,79653.26000000,79653.26000000,0.00000000
1788597060000,79628.79000000,79628.79000000,79628.79000000,79628.79000000,0.01202000
1788597120000,79628.78000000,79628.78000000,79616.05000000,79616.05000000,0.01266000
1788597180000,79616.05000000,79616.05000000,79616.05000000,79616.05000000,0.00000000
1788597240000,79616.05000000,79616.05000000,79616.05000000,79616.05000000,0.00000000
1788597300000,79563.49000000,79563.49000000,79563.49000000,79563.49000000,0.00017000
1788597360000,79563.50000000,79563.50000000,79563.50000000,79563.50000000,0.00010000
1788597420000,79563.50000000,79563.50000000,79563.50000000,79563.50000000,0.00000000
1788597480000,79563.50000000,79563.50000000,79563.50000000,79563.50000000,0.00000000
1788597540000,79641.75000000,79641.75000000,79624.33000000,79624.33000000,0.00047000
1788597600000,79624.33000000,79624.33000000,79624.33000000,79624.33000000,0.00000000
1788597660000,79624.33000000,79624.33000000,79624.33000000,79624.33000000,0.00000000
1788597720000,79607.98000000,79610.41000000,79607.98000000,79610.41000000,0.00125000
1788597780000,79610.41000000,79610.41000000,79610.41000000,79610.41000000,0.00000000
1788597840000,79610.41000000,79610.41000000,79610.41000000,79610.41000000,0.00000000
1788597900000,79610.41000000,79610.41000000,79610.41000000,79610.41000000,0.00000000
1788597960000,79610.41000000,79610.41000000,79610.41000000,79610.41000000,0.00000000
1788598020000,79610.41000000,79610.41000000,79610.41000000,79610.41000000,0.00000000
1788598080000,79610.41000000,79610.41000000,79610.41000000,79610.41000000,0.00000000
1788598140000,79616.79000000,79616.79000000,79616.79000000,79616.79000000,0.00010000
1788598200000,79585.81000000,79603.26000000,79585.81000000,79597.98000000,0.00136000
1788598260000,79597.98000000,79597.98000000,79597.98000000,79597.98000000,0.00000000
1788598320000,79596.69000000,79614.72000000,79596.69000000,79614.72000000,0.00061000
1788598380000,79614.72000000,79614.72000000,79614.72000000,79614.72000000,0.00000000
1788598440000,79614.72000000,79614.72000000,79614.72000000,79614.72000000,0.00000000
1788598500000,79614.73000000,79614.73000000,79614.73000000,79614.73000000,0.00010000
1788598560000,79614.73000000,79614.73000000,79614.73000000,79614.73000000,0.00000000
1788598620000,79614.73000000,79614.73000000,79614.73000000,79614.73000000,0.00000000
1788598680000,79669.00000000,79669.00000000,79653.58000000,79653.58000000,0.00097000
1788598740000,79653.58000000,79653.58000000,79653.58000000,79653.58000000,0.00000000
1788598800000,79653.58000000,79653.58000000,79653.58000000,79653.58000000,0.00000000
1788598860000,79653.58000000,79653.58000000,79653.58000000,79653.58000000,0.00000000
1788598920000,79653.58000000,79653.58000000,79653.58000000,79653.58000000,0.00000000
1788598980000,79695.73000000,79713.50000000,79694.66000000,79709.20000000,0.03032000
1788599040000,79709.37000000,79709.37000000,79696.09000000,79696.09000000,0.01258000
1788599100000,79696.09000000,79696.09000000,79696.09000000,79696.09000000,0.00000000
1788599160000,79696.10000000,79717.10000000,79696.10000000,79717.10000000,0.02518000
1788599220000,79717.09000000,79717.09000000,79704.14000000,79704.15000000,0.02081000
1788599280000,79704.15000000,79704.15000000,79704.15000000,79704.15000000,0.00000000
1788599340000,79704.15000000,79704.15000000,79704.15000000,79704.15000000,0.00000000
1788599400000,79704.15000000,79719.01000000,79704.15000000,79719.01000000,0.02571000
1788599460000,79719.01000000,79719.01000000,79719.01000000,79719.01000000,0.00000000
1788599520000,79719.01000000,79719.01000000,79719.01000000,79719.01000000,0.00000000
1788599580000,79744.05000000,79744.05000000,79744.05000000,79744.05000000,0.00010000
1788599640000,79718.79000000,79718.79000000,79718.79000000,79718.79000000,0.00010000
1788599700000,79728.16000000,79728.16000000,79715.13000000,79715.13000000,0.00273000
1788599760000,79684.80000000,79684.80000000,79684.80000000,79684.80000000,0.00010000
1788599820000,79684.80000000,79684.80000000,79684.80000000,79684.80000000,0.00000000
1788599880000,79684.80000000,79684.80000000,79684.80000000,79684.80000000,0.00000000
1788599940000,79684.80000000,79684.80000000,79684.80000000,79684.80000000,0.00000000
1788600000000,79684.80000000,79684.80000000,79684.80000000,79684.80000000,0.00000000
1788600060000,79684.80000000,79684.80000000,79684.80000000,79684.80000000,0.00000000
1788600120000,79720.11000000,79720.11000000,79702.54000000,79702.54000000,0.00742000
1788600180000,79702.54000000,79702.54000000,79702.54000000,79702.54000000,0.00000000
1788600240000,79702.54000000,79702.54000000,79702.54000000,79702.54000000,0.00000000
1788600300000,79702.54000000,79702.54000000,79702.54000000,79702.54000000,0.00000000
1788600360000,79702.54000000,79702.54000000,79702.54000000,79702.54000000,0.00000000
1788600420000,79702.54000000,79702.54000000,79702.54000000,79702.54000000,0.00000000
1788600480000,79702.54000000,79702.54000000,79702.54000000,79702.54000000,0.00000000
1788600540000,79702.54000000,79702.54000000,79702.54000000,79702.54000000,0.00000000
1788600600000,79702.54000000,79702.54000000,79702.54000000,79702.54000000,0.00000000
1788600660000,79702.54000000,79702.54000000,79702.54000000,79702.54000000,0.00000000
1788600720000,79702.54000000,79702.54000000,79702.54000000,79702.54000000,0.00000000
1788600780000,79702.54000000,79702.54000000,79702.54000000,79702.54000000,0.00000000
1788600840000,79696.63000000,79696.63000000,79696.63000000,79696.63000000,0.00010000
1788600900000,79696.63000000,79696.63000000,79696.63000000,79696.63000000,0.00000000
1788600960000,79715.21000000,79715.21000000,79687.98000000,79687.98000000,0.00020000
1788601020000,79687.98000000,79687.98000000,79687.98000000,79687.98000000,0.00000000
1788601080000,79687.98000000,79687.98000000,79687.98000000,79687.98000000,0.00000000
1788601140000,79700.15000000,79700.15000000,79700.15000000,79700.15000000,0.00025000
1788601200000,79700.14000000,79700.14000000,79651.10000000,79660.76000000,0.01297000
1788601260000,79660.76000000,79660.76000000,79660.76000000,79660.76000000,0.00000000
1788601320000,79660.76000000,79660.76000000,79660.76000000,79660.76000000,0.00000000
1788601380000,79660.76000000,79660.76000000,79660.76000000,79660.76000000,0.00000000
1788601440000,79660.76000000,79660.76000000,79660.76000000,79660.76000000,0.00000000
1788601500000,79692.45000000,79692.45000000,79692.45000000,79692.45000000,0.00010000
1788601560000,79692.45000000,79692.45000000,79692.45000000,79692.45000000,0.00000000
1788601620000,79692.45000000,79692.45000000,79692.45000000,79692.45000000,0.00000000
1788601680000,79654.10000000,79654.10000000,79654.10000000,79654.10000000,0.01478000
1788601740000,79654.10000000,79654.10000000,79654.10000000,79654.10000000,0.00000000
1788601800000,79654.10000000,79654.10000000,79654.10000000,79654.10000000,0.00037000
1788601860000,79654.10000000,79654.10000000,79654.10000000,79654.10000000,0.00000000
1788601920000,79652.23000000,79652.23000000,79652.23000000,79652.23000000,0.00010000
1788601980000,79652.23000000,79652.23000000,79652.23000000,79652.23000000,0.00000000
1788602040000,79652.23000000,79652.23000000,79652.23000000,79652.23000000,0.00000000
1788602100000,79666.72000000,79666.72000000,79641.30000000,79641.30000000,0.00135000
1788602160000,79641.30000000,79641.30000000,79641.30000000,79641.30000000,0.00000000
1788602220000,79654.96000000,79654.96000000,79610.81000000,79615.47000000,0.02582000
1788602280000,79615.47000000,79615.47000000,79615.47000000,79615.47000000,0.00000000
1788602340000,79615.47000000,79615.47000000,79615.47000000,79615.47000000,0.00000000
1788602400000,79615.47000000,79615.47000000,79615.47000000,79615.47000000,0.00000000
1788602460000,79615.47000000,79615.47000000,79615.47000000,79615.47000000,0.00000000
1788602520000,79641.63000000,79641.63000000,79641.63000000,79641.63000000,0.00061000
1788602580000,79641.63000000,79641.63000000,79641.63000000,79641.63000000,0.00000000
1788602640000,79641.63000000,79641.63000000,79641.63000000,79641.63000000,0.00000000
1788602700000,79641.63000000,79641.63000000,79641.63000000,79641.63000000,0.00000000
1788602760000,79641.63000000,79641.63000000,79641.63000000,79641.63000000,0.00000000
1788602820000,79641.63000000,79641.63000000,79641.63000000,79641.63000000,0.00000000
1788602880000,79641.63000000,79641.63000000,79641.63000000,79641.63000000,0.00000000
1788602940000,79641.63000000,79641.63000000,79641.63000000,79641.63000000,0.00000000
1788603000000,79641.63000000,79641.63000000,79641.63000000,79641.63000000,0.00000000
1788603060000,79641.63000000,79641.63000000,79641.63000000,79641.63000000,0.00000000
1788603120000,79641.63000000,79641.63000000,79641.63000000,79641.63000000,0.00000000
1788603180000,79641.63000000,79641.63000000,79641.63000000,79641.63000000,0.00000000
1788603240000,79641.63000000,79641.63000000,79641.63000000,79641.63000000,0.00000000
1788603300000,79609.83000000,79609.83000000,79609.83000000,79609.83000000,0.00010000
1788603360000,79609.83000000,79609.83000000,79609.83000000,79609.83000000,0.00000000
1788603420000,79609.83000000,79609.83000000,79609.83000000,79609.83000000,0.00000000
1788603480000,79624.75000000,79627.19000000,79624.75000000,79627.19000000,0.03139000
1788603540000,79627.19000000,79627.19000000,79627.19000000,79627.19000000,0.00000000
1788603600000,79627.19000000,79627.19000000,79627.19000000,79627.19000000,0.00000000
1788603660000,79627.19000000,79627.19000000,79627.19000000,79627.19000000,0.00000000
1788603720000,79627.19000000,79627.19000000,79627.19000000,79627.19000000,0.00000000
1788603780000,79627.19000000,79627.19000000,79627.19000000,79627.19000000,0.00000000
1788603840000,79627.19000000,79627.19000000,79627.19000000,79627.19000000,0.00000000
1788603900000,79627.19000000,79627.19000000,79627.19000000,79627.19000000,0.00000000
1788603960000,79627.19000000,79627.19000000,79627.19000000,79627.19000000,0.00000000
1788604020000,79666.08000000,79666.08000000,79612.05000000,79612.05000000,0.00804000
1788604080000,79609.15000000,79609.15000000,79609.15000000,79609.15000000,0.00010000
1788604140000,79609.15000000,79609.15000000,79609.15000000,79609.15000000,0.00000000
1788604200000,79626.52000000,79636.82000000,79626.52000000,79636.82000000,0.00067000
1788604260000,79636.82000000,79636.82000000,79636.82000000,79636.82000000,0.00000000
1788604320000,79670.10000000,79670.10000000,79657.31000000,79660.83000000,0.00199000
1788604380000,79660.83000000,79660.83000000,79660.83000000,79660.83000000,0.00000000
1788604440000,79660.83000000,79660.83000000,79660.83000000,79660.83000000,0.00000000
1788604500000,79603.10000000,79605.72000000,79603.10000000,79605.72000000,0.00322000
1788604560000,79605.72000000,79605.72000000,79605.72000000,79605.72000000,0.00000000
1788604620000,79605.72000000,79605.72000000,79605.72000000,79605.72000000,0.00000000
1788604680000,79605.72000000,79605.72000000,79605.72000000,79605.72000000,0.00000000
1788604740000,79622.00000000,79622.00000000,79622.00000000,79622.00000000,0.00025000
1788604800000,79622.00000000,79622.00000000,79622.00000000,79622.00000000,0.00000000
1788604860000,79622.00000000,79622.00000000,79622.00000000,79622.00000000,0.00000000
1788604920000,79638.09000000,79638.09000000,79638.09000000,79638.09000000,0.00010000
1788604980000,79638.09000000,79638.09000000,79638.09000000,79638.09000000,0.00000000
1788605040000,79638.09000000,79638.09000000,79638.09000000,79638.09000000,0.00000000
1788605100000,79638.09000000,79638.09000000,79638.09000000,79638.09000000,0.00000000
1788605160000,79638.09000000,79638.09000000,79638.09000000,79638.09000000,0.00000000
1788605220000,79638.09000000,79638.09000000,79638.09000000,79638.09000000,0.00000000
1788605280000,79585.13000000,79597.51000000,79585.13000000,79597.51000000,0.00478000
1788605340000,79597.51000000,79597.51000000,79597.51000000,79597.51000000,0.00000000
1788605400000,79597.51000000,79597.51000000,79597.51000000,79597.51000000,0.00000000
1788605460000,79597.51000000,79597.51000000,79597.51000000,79597.51000000,0.00000000
1788605520000,79597.51000000,79597.51000000,79597.51000000,79597.51000000,0.00000000
1788605580000,79622.33000000,79622.33000000,79622.33000000,79622.33000000,0.00059000
1788605640000,79622.33000000,79622.33000000,79622.33000000,79622.33000000,0.00000000
1788605700000,79622.33000000,79622.33000000,79622.33000000,79622.33000000,0.00000000
1788605760000,79622.33000000,79622.33000000,79622.33000000,79622.33000000,0.00000000
1788605820000,79622.34000000,79622.34000000,79622.34000000,79622.34000000,0.00010000
1788605880000,79622.34000000,79622.34000000,79622.34000000,79622.34000000,0.00000000
1788605940000,79657.55000000,79657.55000000,79651.11000000,79651.11000000,0.00651000
1788606000000,79651.11000000,79651.11000000,79651.11000000,79651.11000000,0.00000000
1788606060000,79612.37000000,79612.37000000,79612.37000000,79612.37000000,0.00021000
1788606120000,79612.37000000,79612.37000000,79612.37000000,79612.37000000,0.00000000
1788606180000,79612.37000000,79612.37000000,79612.37000000,79612.37000000,0.00000000
1788606240000,79638.62000000,79638.62000000,79638.62000000,79638.62000000,0.00031000
1788606300000,79638.62000000,79638.62000000,79638.62000000,79638.62000000,0.00000000
1788606360000,79662.01000000,79662.02000000,79659.78000000,79662.02000000,0.00036000
1788606420000,79662.02000000,79662.02000000,79662.02000000,79662.02000000,0.00000000
1788606480000,79662.02000000,79662.02000000,79662.02000000,79662.02000000,0.00031000
1788606540000,79662.02000000,79662.02000000,79662.02000000,79662.02000000,0.00000000
1788606600000,79662.02000000,79662.02000000,79662.02000000,79662.02000000,0.00000000
1788606660000,79662.02000000,79662.02000000,79662.02000000,79662.02000000,0.00247000
1788606720000,79662.02000000,79662.02000000,79662.02000000,79662.02000000,0.00000000
1788606780000,79662.02000000,79662.02000000,79662.02000000,79662.02000000,0.00000000
1788606840000,79662.01000000,79662.01000000,79634.77000000,79634.77000000,0.00020000
1788606900000,79660.82000000,79660.82000000,79618.59000000,79618.59000000,0.03155000
1788606960000,79618.59000000,79618.59000000,79618.59000000,79618.59000000,0.00000000
1788607020000,79618.59000000,79618.59000000,79618.59000000,79618.59000000,0.00000000
1788607080000,79618.59000000,79618.59000000,79618.59000000,79618.59000000,0.00000000
1788607140000,79618.59000000,79618.59000000,79618.59000000,79618.59000000,0.00000000
1788607200000,79618.59000000,79618.59000000,79618.59000000,79618.59000000,0.00000000
1788607260000,79617.29000000,79617.29000000,79617.29000000,79617.29000000,0.00137000
1788607320000,79617.29000000,79617.29000000,79617.29000000,79617.29000000,0.00000000
1788607380000,79617.29000000,79617.29000000,79617.29000000,79617.29000000,0.00000000
1788607440000,79617.29000000,79617.29000000,79617.29000000,79617.29000000,0.00000000
1788607500000,79617.29000000,79617.29000000,79617.29000000,79617.29000000,0.00000000
1788607560000,79617.29000000,79617.29000000,79617.29000000,79617.29000000,0.00000000
1788607620000,79617.29000000,79617.29000000,79617.29000000,79617.29000000,0.00000000
1788607680000,79617.29000000,79617.29000000,79617.29000000,79617.29000000,0.00000000
1788607740000,79617.29000000,79617.29000000,79617.29000000,79617.29000000,0.00000000
1788607800000,79617.29000000,79617.29000000,79617.29000000,79617.29000000,0.00000000
1788607860000,79617.29000000,79617.29000000,79617.29000000,79617.29000000,0.00000000
1788607920000,79617.29000000,79617.29000000,79617.29000000,79617.29000000,0.00000000
1788607980000,79617.30000000,79617.30000000,79617.30000000,79617.30000000,0.00010000
1788608040000,79617.30000000,79617.30000000,79617.30000000,79617.30000000,0.00000000
1788608100000,79617.30000000,79617.30000000,79617.30000000,79617.30000000,0.00000000
1788608160000,79617.30000000,79617.30000000,79617.30000000,79617.30000000,0.00000000
1788608220000,79617.30000000,79617.30000000,79617.30000000,79617.30000000,0.00000000
1788608280000,79617.30000000,79617.30000000,79617.30000000,79617.30000000,0.00000000
1788608340000,79617.30000000,79617.30000000,79617.30000000,79617.30000000,0.00000000
1788608400000,79617.30000000,79617.30000000,79617.30000000,79617.30000000,0.00000000
1788608460000,79617.30000000,79617.30000000,79617.30000000,79617.30000000,0.00000000
1788608520000,79617.30000000,79617.30000000,79617.30000000,79617.30000000,0.00000000
1788608580000,79647.02000000,79647.02000000,79607.62000000,79610.04000000,0.00083000
1788608640000,79610.04000000,79610.04000000,79610.04000000,79610.04000000,0.00000000
1788608700000,79610.04000000,79610.04000000,79610.04000000,79610.04000000,0.00000000
1788608760000,79628.29000000,79628.29000000,79628.29000000,79628.29000000,0.00010000
1788608820000,79628.29000000,79628.29000000,79628.29000000,79628.29000000,0.00000000
1788608880000,79628.29000000,79628.29000000,79628.29000000,79628.29000000,0.00000000
1788608940000,79612.48000000,79640.67000000,79612.48000000,79633.99000000,0.00184000
1788609000000,79633.99000000,79633.99000000,79633.99000000,79633.99000000,0.00000000
1788609060000,79634.00000000,79634.00000000,79634.00000000,79634.00000000,0.00010000
1788609120000,79634.00000000,79634.00000000,79634.00000000,79634.00000000,0.00000000
1788609180000,79634.00000000,79634.00000000,79634.00000000,79634.00000000,0.00000000
1788609240000,79679.77000000,79679.77000000,79679.77000000,79679.77000000,0.00010000
1788609300000,79628.92000000,79630.10000000,79628.92000000,79630.10000000,0.00017000
1788609360000,79630.10000000,79630.10000000,79630.10000000,79630.10000000,0.00000000
1788609420000,79630.10000000,79630.10000000,79630.10000000,79630.10000000,0.00000000
1788609480000,79643.43000000,79643.43000000,79643.43000000,79643.43000000,0.00010000
1788609540000,79643.43000000,79643.43000000,79643.43000000,79643.43000000,0.00000000
1788609600000,79597.32000000,79608.89000000,79597.32000000,79608.89000000,0.00155000
1788609660000,79621.74000000,79635.52000000,79621.74000000,79635.52000000,0.00026000
1788609720000,79635.52000000,79635.52000000,79635.52000000,79635.52000000,0.00000000
1788609780000,79635.52000000,79635.52000000,79635.52000000,79635.52000000,0.00000000
1788609840000,79635.52000000,79635.52000000,79635.52000000,79635.52000000,0.00000000
1788609900000,79656.54000000,79656.54000000,79656.54000000,79656.54000000,0.00125000
1788609960000,79656.55000000,79656.55000000,79656.55000000,79656.55000000,0.00062000
1788610020000,79656.55000000,79656.55000000,79656.55000000,79656.55000000,0.00006000
1788610080000,79670.24000000,79670.24000000,79670.23000000,79670.23000000,0.00014000
1788610140000,79670.23000000,79670.23000000,79670.23000000,79670.23000000,0.00000000
1788610200000,79652.85000000,79663.32000000,79652.85000000,79663.32000000,0.00125000
1788610260000,79663.32000000,79663.32000000,79663.32000000,79663.32000000,0.00000000
1788610320000,79663.32000000,79663.32000000,79663.32000000,79663.32000000,0.00000000
1788610380000,79676.13000000,79676.13000000,79676.12000000,79676.12000000,0.00016000
1788610440000,79676.12000000,79676.12000000,79676.12000000,79676.12000000,0.00000000
1788610500000,79676.12000000,79676.12000000,79676.12000000,79676.12000000,0.00000000
1788610560000,79676.12000000,79676.12000000,79676.12000000,79676.12000000,0.00000000
1788610620000,79666.16000000,79666.16000000,79666.16000000,79666.16000000,0.02847000
1788610680000,79666.16000000,79666.16000000,79666.16000000,79666.16000000,0.00712000
1788610740000,79666.16000000,79666.16000000,79666.16000000,79666.16000000,0.00250000
1788610800000,79666.16000000,79666.16000000,79653.51000000,79653.51000000,0.02160000
1788610860000,79653.51000000,79653.51000000,79653.51000000,79653.51000000,0.00000000
1788610920000,79653.51000000,79653.51000000,79653.51000000,79653.51000000,0.00000000
1788610980000,79653.51000000,79653.51000000,79653.51000000,79653.51000000,0.00000000
1788611040000,79650.41000000,79650.41000000,79650.41000000,79650.41000000,0.00010000
1788611100000,79650.41000000,79650.41000000,79650.41000000,79650.41000000,0.00000000
1788611160000,79650.41000000,79650.41000000,79650.41000000,79650.41000000,0.00000000
1788611220000,79650.41000000,79650.41000000,79650.41000000,79650.41000000,0.00000000
1788611280000,79676.25000000,79676.25000000,79676.25000000,79676.25000000,0.00210000
1788611340000,79676.25000000,79676.25000000,79676.25000000,79676.25000000,0.00000000
1788611400000,79676.24000000,79676.24000000,79676.24000000,79676.24000000,0.00010000
1788611460000,79608.85000000,79608.85000000,79608.85000000,79608.85000000,0.00010000
1788611520000,79608.85000000,79608.85000000,79608.85000000,79608.85000000,0.00000000
1788611580000,79608.85000000,79608.85000000,79608.85000000,79608.85000000,0.00000000
1788611640000,79700.80000000,79700.80000000,79700.80000000,79700.80000000,0.00010000
1788611700000,79669.90000000,79669.90000000,79669.90000000,79669.90000000,0.00010000
1788611760000,79669.90000000,79669.90000000,79669.90000000,79669.90000000,0.00000000
1788611820000,79706.60000000,79706.60000000,79706.60000000,79706.60000000,0.00010000
1788611880000,79653.01000000,79653.01000000,79653.01000000,79653.01000000,0.00010000
1788611940000,79653.01000000,79653.01000000,79653.01000000,79653.01000000,0.00000000
1788612000000,79653.01000000,79653.01000000,79653.01000000,79653.01000000,0.00000000
1788612060000,79718.11000000,79720.00000000,79718.11000000,79720.00000000,0.92331000
1788612120000,79776.94000000,79776.94000000,79776.94000000,79776.94000000,0.00010000
1788612180000,79776.94000000,79776.94000000,79776.94000000,79776.94000000,0.00000000
1788612240000,79726.79000000,79730.10000000,79726.79000000,79730.10000000,0.00063000
1788612300000,79730.09000000,79730.09000000,79701.59000000,79701.59000000,0.00662000
1788612360000,79745.81000000,79745.81000000,79730.77000000,79733.04000000,0.06415000
1788612420000,79766.64000000,79766.64000000,79722.40000000,79730.16000000,0.00323000
1788612480000,79747.73000000,79747.73000000,79747.73000000,79747.73000000,0.00010000
1788612540000,79707.77000000,79707.77000000,79707.77000000,79707.77000000,0.00010000
1788612600000,79744.16000000,79744.16000000,79744.16000000,79744.16000000,0.00010000
1788612660000,79713.05000000,79718.44000000,79713.05000000,79718.44000000,0.00148000
1788612720000,79718.44000000,79718.44000000,79718.44000000,79718.44000000,0.00554000
1788612780000,79718.44000000,79718.44000000,79718.44000000,79718.44000000,0.00000000
1788612840000,79724.95000000,79724.95000000,79724.95000000,79724.95000000,0.00006000
1788612900000,79742.75000000,79742.75000000,79742.75000000,79742.75000000,0.01313000
1788612960000,79769.46000000,79769.46000000,79769.46000000,79769.46000000,0.00010000
1788613020000,79742.33000000,79742.33000000,79742.33000000,79742.33000000,0.00197000
1788613080000,79742.33000000,79742.33000000,79742.33000000,79742.33000000,0.00000000
1788613140000,79727.99000000,79727.99000000,79716.15000000,79716.15000000,0.01534000
1788613200000,79704.13000000,79704.13000000,79704.13000000,79704.13000000,0.00314000
1788613260000,79704.13000000,79704.13000000,79704.13000000,79704.13000000,0.00000000
1788613320000,79704.13000000,79704.13000000,79704.13000000,79704.13000000,0.00000000
1788613380000,79691.78000000,79691.78000000,79691.78000000,79691.78000000,0.00125000
1788613440000,79698.66000000,79698.66000000,79695.89000000,79698.44000000,0.00338000
1788613500000,79710.56000000,79710.56000000,79710.56000000,79710.56000000,0.00063000
1788613560000,79710.56000000,79710.56000000,79710.56000000,79710.56000000,0.00000000
1788613620000,79710.56000000,79710.56000000,79710.56000000,79710.56000000,0.01063000
1788613680000,79710.56000000,79710.56000000,79710.56000000,79710.56000000,0.00000000
1788613740000,79710.55000000,79710.55000000,79710.55000000,79710.55000000,0.00010000
1788613800000,79710.55000000,79710.55000000,79710.55000000,79710.55000000,0.00000000
1788613860000,79710.55000000,79710.55000000,79710.55000000,79710.55000000,0.00000000
1788613920000,79710.55000000,79710.55000000,79710.55000000,79710.55000000,0.00000000
1788613980000,79666.44000000,79703.66000000,79666.44000000,79700.57000000,0.08622000
1788614040000,79700.57000000,79700.57000000,79700.57000000,79700.57000000,0.00000000
1788614100000,79700.57000000,79700.57000000,79700.57000000,79700.57000000,0.00000000
1788614160000,79734.25000000,79734.25000000,79734.25000000,79734.25000000,0.00010000
1788614220000,79719.83000000,79721.19000000,79707.97000000,79707.97000000,0.01884000
1788614280000,79707.97000000,79707.97000000,79707.97000000,79707.97000000,0.00000000
1788614340000,79707.97000000,79707.97000000,79707.97000000,79707.97000000,0.00000000
1788614400000,79707.97000000,79707.97000000,79707.97000000,79707.97000000,0.00000000
1788614460000,79707.97000000,79707.97000000,79707.97000000,79707.97000000,0.00000000
1788614520000,79707.97000000,79707.97000000,79707.97000000,79707.97000000,0.00000000
1788614580000,79762.51000000,79767.87000000,79762.51000000,79767.87000000,0.02507000
1788614640000,79767.87000000,79767.87000000,79767.87000000,79767.87000000,0.00000000
1788614700000,79761.74000000,79761.80000000,79761.74000000,79761.80000000,0.00025000
1788614760000,79761.80000000,79761.80000000,79761.80000000,79761.80000000,0.00000000
1788614820000,79761.80000000,79761.80000000,79761.80000000,79761.80000000,0.00000000
1788614880000,79761.80000000,79761.80000000,79761.80000000,79761.80000000,0.00000000
1788614940000,79761.80000000,79761.80000000,79761.80000000,79761.80000000,0.00000000
1788615000000,79761.80000000,79761.80000000,79761.80000000,79761.80000000,0.00000000
1788615060000,79762.22000000,79762.22000000,79762.22000000,79762.22000000,0.00025000
1788615120000,79755.64000000,79755.64000000,79752.27000000,79752.27000000,0.00630000
1788615180000,79752.27000000,79752.27000000,79752.27000000,79752.27000000,0.00000000
1788615240000,79752.27000000,79752.27000000,79752.27000000,79752.27000000,0.00000000
1788615300000,79723.56000000,79723.56000000,79717.64000000,79717.64000000,0.07613000
1788615360000,79717.64000000,79717.64000000,79717.64000000,79717.64000000,0.00000000
1788615420000,79717.64000000,79717.64000000,79717.64000000,79717.64000000,0.00000000
1788615480000,79717.64000000,79717.64000000,79717.64000000,79717.64000000,0.00000000
1788615540000,79655.44000000,79655.44000000,79655.44000000,79655.44000000,0.00471000
1788615600000,79655.44000000,79664.83000000,79655.44000000,79664.83000000,0.04648000
1788615660000,79701.47000000,79701.47000000,79701.47000000,79701.47000000,0.00188000
1788615720000,79701.47000000,79701.47000000,79701.47000000,79701.47000000,0.00000000
1788615780000,79701.47000000,79701.47000000,79701.47000000,79701.47000000,0.00000000
1788615840000,79701.47000000,79701.47000000,79701.47000000,79701.47000000,0.00000000
1788615900000,79701.47000000,79701.47000000,79701.47000000,79701.47000000,0.00000000
1788615960000,79701.47000000,79701.47000000,79701.47000000,79701.47000000,0.00000000
1788616020000,79687.12000000,79687.12000000,79687.12000000,79687.12000000,0.00025000
1788616080000,79694.22000000,79694.22000000,79694.22000000,79694.22000000,0.00038000
1788616140000,79697.79000000,79697.79000000,79697.79000000,79697.79000000,0.00289000
1788616200000,79692.75000000,79692.75000000,79567.05000000,79567.05000000,0.00661000
1788616260000,79571.74000000,79614.59000000,79571.74000000,79614.59000000,0.02637000
1788616320000,79614.59000000,79614.59000000,79614.59000000,79614.59000000,0.00000000
1788616380000,79614.59000000,79614.59000000,79614.59000000,79614.59000000,0.00000000
1788616440000,79614.59000000,79614.59000000,79614.59000000,79614.59000000,0.00000000
1788616500000,79618.78000000,79618.78000000,79618.78000000,79618.78000000,0.00017000
1788616560000,79618.78000000,79618.78000000,79618.78000000,79618.78000000,0.00000000
1788616620000,79618.78000000,79618.78000000,79618.78000000,79618.78000000,0.00000000
1788616680000,79610.23000000,79626.72000000,79610.23000000,79626.72000000,0.00663000
1788616740000,79626.72000000,79626.72000000,79626.72000000,79626.72000000,0.00000000
1788616800000,79635.40000000,79635.40000000,79635.40000000,79635.40000000,0.00031000
1788616860000,79647.38000000,79647.38000000,79647.38000000,79647.38000000,0.00444000
1788616920000,79647.38000000,79647.38000000,79647.38000000,79647.38000000,0.00000000
1788616980000,79661.70000000,79661.70000000,79643.06000000,79643.06000000,0.00704000
1788617040000,79643.06000000,79643.06000000,79643.06000000,79643.06000000,0.00000000
1788617100000,79643.06000000,79643.06000000,79643.06000000,79643.06000000,0.00000000
1788617160000,79643.06000000,79643.06000000,79643.06000000,79643.06000000,0.00000000
1788617220000,79643.06000000,79643.06000000,79643.06000000,79643.06000000,0.00000000
1788617280000,79643.06000000,79643.06000000,79643.06000000,79643.06000000,0.00000000
1788617340000,79643.06000000,79643.06000000,79643.06000000,79643.06000000,0.00000000
1788617400000,79643.06000000,79643.06000000,79643.06000000,79643.06000000,0.00000000
1788617460000,79643.06000000,79643.06000000,79643.06000000,79643.06000000,0.00000000
1788617520000,79671.29000000,79671.29000000,79665.51000000,79671.14000000,0.00034000
1788617580000,79671.15000000,79671.15000000,79671.15000000,79671.15000000,0.00019000
1788617640000,79671.15000000,79671.15000000,79671.15000000,79671.15000000,0.00000000
1788617700000,79673.44000000,79673.44000000,79673.44000000,79673.44000000,0.00018000
1788617760000,79679.26000000,79679.26000000,79679.26000000,79679.26000000,0.00036000
1788617820000,79679.26000000,79679.26000000,79679.26000000,79679.26000000,0.00000000
1788617880000,79678.96000000,79678.96000000,79678.96000000,79678.96000000,0.00122000
1788617940000,79678.95000000,79678.95000000,79678.95000000,79678.95000000,0.00157000
1788618000000,79678.95000000,79678.95000000,79678.95000000,79678.95000000,0.00000000
1788618060000,79678.95000000,79678.95000000,79678.95000000,79678.95000000,0.00000000
1788618120000,79678.95000000,79678.95000000,79678.95000000,79678.95000000,0.00000000
1788618180000,79678.95000000,79678.95000000,79678.95000000,79678.95000000,0.00000000
1788618240000,79682.23000000,79682.23000000,79682.23000000,79682.23000000,0.00063000
1788618300000,79682.23000000,79682.23000000,79682.23000000,79682.23000000,0.00000000
1788618360000,79717.64000000,79717.78000000,79711.19000000,79711.19000000,0.05020000
1788618420000,79711.19000000,79711.19000000,79711.19000000,79711.19000000,0.00000000
1788618480000,79711.19000000,79711.19000000,79711.19000000,79711.19000000,0.00000000
1788618540000,79711.19000000,79711.19000000,79711.19000000,79711.19000000,0.00000000
1788618600000,79728.87000000,79737.82000000,79724.88000000,79727.27000000,0.02979000
1788618660000,79727.27000000,79727.27000000,79727.27000000,79727.27000000,0.00000000
1788618720000,79741.50000000,79741.50000000,79741.50000000,79741.50000000,0.00346000
1788618780000,79741.50000000,79741.50000000,79741.50000000,79741.50000000,0.00000000
1788618840000,79741.50000000,79741.50000000,79741.50000000,79741.50000000,0.00000000
1788618900000,79741.50000000,79741.50000000,79741.50000000,79741.50000000,0.00000000
1788618960000,79748.12000000,79748.54000000,79748.12000000,79748.54000000,0.06269000
1788619020000,79748.54000000,79748.54000000,79748.54000000,79748.54000000,0.00000000
1788619080000,79748.54000000,79748.54000000,79748.54000000,79748.54000000,0.00000000
1788619140000,79748.54000000,79748.54000000,79748.54000000,79748.54000000,0.00000000
1788619200000,79748.54000000,79748.54000000,79748.54000000,79748.54000000,0.00000000
1788619260000,79737.94000000,79737.94000000,79737.94000000,79737.94000000,0.02443000
1788619320000,79737.94000000,79737.94000000,79737.94000000,79737.94000000,0.00000000
1788619380000,79737.94000000,79737.94000000,79737.94000000,79737.94000000,0.00000000
1788619440000,79721.68000000,79721.68000000,79721.68000000,79721.68000000,0.00010000
1788619500000,79721.68000000,79721.68000000,79721.68000000,79721.68000000,0.00000000
1788619560000,79721.68000000,79721.68000000,79721.68000000,79721.68000000,0.00000000
1788619620000,79721.68000000,79721.68000000,79721.68000000,79721.68000000,0.00000000
1788619680000,79723.87000000,79723.87000000,79723.87000000,79723.87000000,0.00018000
1788619740000,79723.87000000,79723.87000000,79723.87000000,79723.87000000,0.00000000
1788619800000,79727.78000000,79727.78000000,79727.78000000,79727.78000000,0.00281000
1788619860000,79727.87000000,79727.87000000,79727.87000000,79727.87000000,0.00013000
1788619920000,79737.88000000,79737.88000000,79737.88000000,79737.88000000,0.00018000
1788619980000,79737.90000000,79737.90000000,79737.90000000,79737.90000000,0.00115000
1788620040000,79737.90000000,79737.90000000,79737.90000000,79737.90000000,0.00000000
1788620100000,79737.90000000,79737.90000000,79737.90000000,79737.90000000,0.00000000
1788620160000,79737.90000000,79737.90000000,79737.90000000,79737.90000000,0.00000000
1788620220000,79737.90000000,79737.90000000,79737.90000000,79737.90000000,0.00000000
1788620280000,79737.90000000,79737.90000000,79737.90000000,79737.90000000,0.00000000
1788620340000,79751.11000000,79751.11000000,79737.90000000,79737.90000000,0.01265000
1788620400000,79727.85000000,79737.91000000,79727.85000000,79737.91000000,0.12509000
1788620460000,79737.91000000,79737.91000000,79737.91000000,79737.91000000,0.00000000
1788620520000,79737.91000000,79737.91000000,79737.91000000,79737.91000000,0.00000000
1788620580000,79737.91000000,79737.91000000,79737.91000000,79737.91000000,0.00000000
1788620640000,79741.60000000,79741.60000000,79741.60000000,79741.60000000,0.00125000
1788620700000,79741.60000000,79741.60000000,79741.60000000,79741.60000000,0.00063000
1788620760000,79741.60000000,79741.60000000,79741.60000000,79741.60000000,0.00000000
1788620820000,79741.60000000,79741.60000000,79741.60000000,79741.60000000,0.00000000
1788620880000,79741.60000000,79741.60000000,79741.60000000,79741.60000000,0.00000000
1788620940000,79746.82000000,79746.82000000,79746.82000000,79746.82000000,0.00019000
1788621000000,79723.88000000,79723.88000000,79723.88000000,79723.88000000,0.00010000
1788621060000,79747.56000000,79747.56000000,79739.92000000,79739.92000000,0.01892000
1788621120000,79723.87000000,79723.87000000,79716.91000000,79720.61000000,0.01218000
1788621180000,79720.61000000,79720.61000000,79720.61000000,79720.61000000,0.00000000
1788621240000,79720.61000000,79720.61000000,79720.61000000,79720.61000000,0.00000000
1788621300000,79720.61000000,79720.61000000,79720.61000000,79720.61000000,0.00000000
1788621360000,79720.61000000,79720.61000000,79720.61000000,79720.61000000,0.00000000
1788621420000,79720.61000000,79720.61000000,79720.61000000,79720.61000000,0.00000000
1788621480000,79720.61000000,79720.61000000,79720.61000000,79720.61000000,0.00000000
1788621540000,79720.61000000,79720.61000000,79720.61000000,79720.61000000,0.00000000
1788621600000,79685.10000000,79756.47000000,79685.10000000,79756.47000000,0.00668000
1788621660000,79756.47000000,79756.47000000,79756.47000000,79756.47000000,0.00000000
1788621720000,79756.47000000,79756.47000000,79756.47000000,79756.47000000,0.00000000
1788621780000,79756.47000000,79756.47000000,79756.47000000,79756.47000000,0.00000000
1788621840000,79758.37000000,79771.21000000,79758.37000000,79771.21000000,0.12916000
1788621900000,79771.21000000,79771.21000000,79771.21000000,79771.21000000,0.00000000
1788621960000,79771.21000000,79771.21000000,79771.21000000,79771.21000000,0.00000000
1788622020000,79771.21000000,79771.21000000,79771.21000000,79771.21000000,0.00000000
1788622080000,79767.49000000,79767.49000000,79767.49000000,79767.49000000,0.00641000
1788622140000,79694.01000000,79694.01000000,79694.01000000,79694.01000000,0.00125000
1788622200000,79694.01000000,79694.01000000,79694.01000000,79694.01000000,0.00000000
1788622260000,79707.69000000,79707.69000000,79707.69000000,79707.69000000,0.00094000
1788622320000,79707.69000000,79707.69000000,79707.69000000,79707.69000000,0.00014000
1788622380000,79707.69000000,79707.69000000,79707.69000000,79707.69000000,0.00000000
1788622440000,79707.69000000,79707.69000000,79707.69000000,79707.69000000,0.00000000
1788622500000,79714.89000000,79714.89000000,79714.89000000,79714.89000000,0.00010000
1788622560000,79714.89000000,79714.89000000,79714.89000000,79714.89000000,0.00000000
1788622620000,79714.89000000,79714.89000000,79714.89000000,79714.89000000,0.00000000
1788622680000,79714.89000000,79714.89000000,79714.89000000,79714.89000000,0.00000000
1788622740000,79714.89000000,79714.89000000,79714.89000000,79714.89000000,0.00000000
1788622800000,79714.89000000,79714.89000000,79714.89000000,79714.89000000,0.00000000
1788622860000,79725.17000000,79725.17000000,79725.17000000,79725.17000000,0.00009000
1788622920000,79725.17000000,79725.17000000,79725.17000000,79725.17000000,0.00000000
1788622980000,79725.17000000,79725.17000000,79725.17000000,79725.17000000,0.00000000
1788623040000,79732.47000000,79740.43000000,79732.47000000,79740.43000000,0.03208000
1788623100000,79756.51000000,79756.51000000,79756.51000000,79756.51000000,0.00018000
1788623160000,79756.51000000,79756.51000000,79756.51000000,79756.51000000,0.00000000
1788623220000,79756.51000000,79756.51000000,79756.51000000,79756.51000000,0.00000000
1788623280000,79755.94000000,79755.94000000,79755.94000000,79755.94000000,0.00111000
1788623340000,79746.01000000,79746.01000000,79745.57000000,79745.57000000,0.02100000
1788623400000,79745.57000000,79745.57000000,79745.57000000,79745.57000000,0.00000000
1788623460000,79745.57000000,79745.57000000,79745.57000000,79745.57000000,0.00000000
1788623520000,79745.57000000,79745.57000000,79745.57000000,79745.57000000,0.00000000
1788623580000,79745.57000000,79745.57000000,79745.57000000,79745.57000000,0.00000000
1788623640000,79745.57000000,79745.57000000,79745.57000000,79745.57000000,0.00000000
1788623700000,79760.50000000,79760.50000000,79760.50000000,79760.50000000,0.00012000
1788623760000,79760.50000000,79760.50000000,79760.50000000,79760.50000000,0.00000000
1788623820000,79760.50000000,79760.50000000,79760.50000000,79760.50000000,0.00000000
1788623880000,79814.55000000,79814.55000000,79810.61000000,79810.61000000,0.07525000
1788623940000,79810.61000000,79810.61000000,79810.61000000,79810.61000000,0.00000000
1788624000000,79793.09000000,79804.00000000,79793.09000000,79795.93000000,0.00336000
1788624060000,79815.25000000,79815.25000000,79814.33000000,79814.33000000,0.02509000
1788624120000,79814.34000000,79828.38000000,79814.34000000,79828.38000000,0.00621000
1788624180000,79825.27000000,79846.63000000,79825.27000000,79846.63000000,0.00108000
1788624240000,79846.63000000,79846.63000000,79846.63000000,79846.63000000,0.00005000
1788624300000,79846.63000000,79846.63000000,79846.62000000,79846.62000000,0.00145000
1788624360000,79797.15000000,79797.15000000,79797.15000000,79797.15000000,0.00006000
1788624420000,79821.02000000,79821.02000000,79774.23000000,79774.23000000,0.00450000
1788624480000,79746.17000000,79746.17000000,79746.17000000,79746.17000000,0.00010000
1788624540000,79746.17000000,79746.17000000,79746.17000000,79746.17000000,0.00000000
1788624600000,79746.17000000,79746.17000000,79746.17000000,79746.17000000,0.00000000
1788624660000,79793.73000000,79804.70000000,79793.73000000,79804.70000000,0.00670000
1788624720000,79811.93000000,79811.93000000,79811.93000000,79811.93000000,0.00054000
1788624780000,79811.93000000,79811.93000000,79811.93000000,79811.93000000,0.00000000
1788624840000,79753.47000000,79753.48000000,79753.47000000,79753.48000000,0.00015000
1788624900000,79753.48000000,79753.48000000,79753.48000000,79753.48000000,0.00000000
1788624960000,79797.23000000,79797.23000000,79797.23000000,79797.23000000,0.00451000
1788625020000,79797.23000000,79797.23000000,79797.23000000,79797.23000000,0.00000000
1788625080000,79802.49000000,79802.49000000,79783.07000000,79783.08000000,0.00361000
1788625140000,79814.21000000,79814.21000000,79814.21000000,79814.21000000,0.00109000
1788625200000,79828.70000000,79847.03000000,79828.70000000,79847.03000000,0.02570000
1788625260000,79847.03000000,79847.03000000,79847.03000000,79847.03000000,0.00000000
1788625320000,79849.99000000,79849.99000000,79849.72000000,79849.72000000,0.00088000
1788625380000,79849.72000000,79849.72000000,79849.72000000,79849.72000000,0.00000000
1788625440000,79849.72000000,79849.72000000,79849.72000000,79849.72000000,0.00000000
1788625500000,79849.72000000,79849.72000000,79849.72000000,79849.72000000,0.00000000
1788625560000,79849.73000000,79884.95000000,79849.73000000,79882.55000000,0.02911000
1788625620000,79825.93000000,79825.93000000,79825.93000000,79825.93000000,0.00010000
1788625680000,79825.93000000,79825.93000000,79825.93000000,79825.93000000,0.00000000
1788625740000,79825.93000000,79825.93000000,79825.93000000,79825.93000000,0.00000000
1788625800000,79884.96000000,79939.96000000,79884.96000000,79908.04000000,0.03155000
1788625860000,79904.16000000,79961.45000000,79904.16000000,79961.45000000,0.00912000
1788625920000,79961.45000000,79961.45000000,79961.45000000,79961.45000000,0.00031000
1788625980000,79961.44000000,79961.44000000,79895.43000000,79916.90000000,0.00219000
1788626040000,79910.57000000,79961.45000000,79910.57000000,79961.45000000,0.00742000
1788626100000,79989.70000000,79989.70000000,79937.54000000,79937.54000000,0.00012000
1788626160000,79937.54000000,79937.54000000,79937.54000000,79937.54000000,0.00000000
1788626220000,79937.54000000,79937.54000000,79937.54000000,79937.54000000,0.00125000
1788626280000,79937.54000000,79937.54000000,79937.54000000,79937.54000000,0.00000000
1788626340000,79927.15000000,79927.15000000,79927.15000000,79927.15000000,0.00038000
1788626400000,79927.16000000,79962.78000000,79927.16000000,79962.78000000,1.00961000
1788626460000,79962.78000000,79962.78000000,79962.78000000,79962.78000000,1.00757000
1788626520000,79962.78000000,79962.78000000,79929.77000000,79946.34000000,0.26816000
1788626580000,79939.19000000,79939.19000000,79933.58000000,79933.58000000,0.00201000
1788626640000,79933.58000000,79933.58000000,79933.58000000,79933.58000000,0.00000000
1788626700000,79933.59000000,79933.59000000,79933.59000000,79933.59000000,0.00010000
1788626760000,79989.70000000,79989.70000000,79927.48000000,79927.48000000,0.00589000
1788626820000,79953.43000000,79953.43000000,79926.46000000,79926.46000000,0.30559000
1788626880000,79962.67000000,79962.67000000,79962.67000000,79962.67000000,0.00639000
1788626940000,79983.38000000,79983.38000000,79983.38000000,79983.38000000,0.00312000
1788627000000,79989.71000000,79993.70000000,79989.71000000,79993.70000000,0.00125000
1788627060000,80000.00000000,80000.00000000,79999.99000000,79999.99000000,0.00015000
1788627120000,79962.68000000,80000.00000000,79962.68000000,80000.00000000,0.01721000
1788627180000,79999.99000000,80018.52000000,79999.99000000,80016.15000000,0.01187000
1788627240000,80014.56000000,80091.81000000,80014.56000000,80091.81000000,0.35727000
1788627300000,80100.00000000,80136.35000000,80070.13000000,80104.61000000,1.00629000
1788627360000,80104.61000000,80104.61000000,80065.62000000,80065.62000000,0.00088000
1788627420000,80130.00000000,80207.28000000,80130.00000000,80175.40000000,0.03338000
1788627480000,80160.67000000,80160.67000000,80122.36000000,80122.37000000,0.00901000
1788627540000,80117.52000000,80117.52000000,80008.90000000,80008.90000000,0.01248000
1788627600000,80059.47000000,80106.18000000,80010.39000000,80010.39000000,0.04583000
1788627660000,80057.20000000,80057.20000000,80057.20000000,80057.20000000,0.00010000
1788627720000,80007.65000000,80063.76000000,80007.65000000,80063.76000000,0.00698000
1788627780000,80132.74000000,80132.74000000,80132.73000000,80132.73000000,0.00054000
1788627840000,80058.22000000,80058.22000000,80048.88000000,80048.88000000,0.00250000
1788627900000,80038.43000000,80042.59000000,80030.90000000,80042.59000000,0.00060000
1788627960000,80048.81000000,80048.81000000,80044.69000000,80044.69000000,0.01252000
1788628020000,80035.51000000,80050.42000000,80035.51000000,80050.42000000,0.00651000
1788628080000,80139.26000000,80139.26000000,80101.04000000,80101.04000000,0.00113000
1788628140000,80162.98000000,80162.98000000,80119.32000000,80119.32000000,0.00036000
1788628200000,80093.97000000,80093.97000000,80093.97000000,80093.97000000,0.00010000
1788628260000,80139.85000000,80139.85000000,80104.41000000,80104.41000000,0.00020000
1788628320000,80117.89000000,80117.89000000,80071.73000000,80071.73000000,0.00082000
1788628380000,80105.08000000,80105.08000000,80105.08000000,80105.08000000,0.00012000
1788628440000,80105.08000000,80105.08000000,80105.08000000,80105.08000000,0.00000000
1788628500000,80139.02000000,80153.05000000,80076.23000000,80087.06000000,0.00743000
1788628560000,80056.65000000,80095.18000000,80056.65000000,80095.18000000,0.00020000
1788628620000,80071.30000000,80080.95000000,80017.05000000,80017.05000000,0.02502000
1788628680000,80017.06000000,80017.06000000,80017.06000000,80017.06000000,0.00010000
1788628740000,80084.25000000,80084.25000000,80044.86000000,80044.86000000,0.01010000
1788628800000,80044.86000000,80044.86000000,80044.86000000,80044.86000000,0.00000000
1788628860000,80044.86000000,80044.86000000,80044.86000000,80044.86000000,0.00000000
1788628920000,80080.65000000,80080.65000000,80080.65000000,80080.65000000,0.00012000
1788628980000,80080.65000000,80080.65000000,80080.65000000,80080.65000000,0.00000000
1788629040000,80080.65000000,80080.65000000,80080.65000000,80080.65000000,0.00000000
1788629100000,80080.65000000,80080.65000000,80080.65000000,80080.65000000,0.00000000
1788629160000,80089.45000000,80089.45000000,80036.53000000,80036.53000000,0.00020000
1788629220000,80050.11000000,80050.11000000,80050.11000000,80050.11000000,0.00010000
1788629280000,80011.60000000,80011.60000000,79974.55000000,79988.44000000,0.05417000
1788629340000,79988.44000000,79988.44000000,79988.44000000,79988.44000000,0.00000000
1788629400000,80033.92000000,80069.00000000,80033.92000000,80069.00000000,0.00071000
1788629460000,80069.00000000,80069.00000000,80069.00000000,80069.00000000,0.00000000
1788629520000,80048.85000000,80091.49000000,80048.85000000,80091.49000000,2.06755000
1788629580000,80141.10000000,80141.10000000,80141.10000000,80141.10000000,0.00010000
1788629640000,80076.70000000,80079.22000000,80076.70000000,80079.21000000,0.00094000
1788629700000,80037.91000000,80062.17000000,80037.91000000,80062.17000000,0.00135000
1788629760000,80084.09000000,80084.09000000,80044.96000000,80044.96000000,0.00020000
1788629820000,80078.31000000,80078.31000000,80078.31000000,80078.31000000,0.00010000
1788629880000,79996.69000000,79999.09000000,79996.69000000,79999.09000000,0.00044000
1788629940000,80005.43000000,80005.43000000,80005.43000000,80005.43000000,0.00010000
1788630000000,79987.41000000,79987.41000000,79987.41000000,79987.41000000,0.00010000
1788630060000,80019.74000000,80019.74000000,79996.04000000,79996.04000000,0.00638000
1788630120000,79996.04000000,79996.04000000,79996.04000000,79996.04000000,0.00000000
1788630180000,80018.04000000,80018.04000000,80013.59000000,80013.59000000,0.02509000
1788630240000,79998.20000000,80079.23000000,79998.20000000,80079.23000000,0.00020000
1788630300000,80048.49000000,80048.49000000,80037.33000000,80037.33000000,0.04335000
1788630360000,80023.49000000,80092.25000000,80023.49000000,80092.25000000,0.00020000
1788630420000,80075.78000000,80090.66000000,80068.15000000,80068.15000000,0.01137000
1788630480000,80068.15000000,80068.15000000,80068.15000000,80068.15000000,0.00000000
1788630540000,80028.00000000,80028.00000000,80028.00000000,80028.00000000,0.00010000
1788630600000,80028.00000000,80028.00000000,80028.00000000,80028.00000000,0.00000000
1788630660000,80072.27000000,80072.27000000,80072.27000000,80072.27000000,0.00064000
1788630720000,80062.49000000,80072.89000000,80062.49000000,80072.89000000,0.00037000
1788630780000,80094.10000000,80094.10000000,80071.43000000,80071.43000000,0.00095000
1788630840000,80097.88000000,80097.88000000,80071.54000000,80072.37000000,0.02660000
1788630900000,80081.20000000,80081.48000000,80038.36000000,80081.48000000,0.01433000
1788630960000,80088.27000000,80088.27000000,80084.98000000,80084.98000000,2.04847000
1788631020000,80084.98000000,80084.98000000,80084.98000000,80084.98000000,0.00000000
1788631080000,80020.49000000,80051.19000000,80020.49000000,80051.19000000,0.00022000
1788631140000,80051.19000000,80051.19000000,80051.19000000,80051.19000000,0.00000000
1788631200000,80084.84000000,80084.84000000,80019.38000000,80019.38000000,0.00020000
1788631260000,80071.42000000,80071.42000000,80046.70000000,80046.70000000,0.00020000
1788631320000,80080.63000000,80080.63000000,80033.53000000,80033.53000000,0.00622000
1788631380000,80053.41000000,80053.41000000,80053.41000000,80053.41000000,0.08401000
1788631440000,80053.40000000,80053.40000000,80053.40000000,80053.40000000,0.00010000
1788631500000,80030.01000000,80058.40000000,80030.01000000,80058.40000000,0.00156000
1788631560000,80090.10000000,80090.10000000,80090.09000000,80090.09000000,0.00135000
1788631620000,80052.20000000,80052.20000000,80052.20000000,80052.20000000,0.00071000
1788631680000,80052.20000000,80052.20000000,80052.20000000,80052.20000000,0.00000000
1788631740000,80052.19000000,80052.19000000,80052.19000000,80052.19000000,0.00009000
1788631800000,79971.04000000,79971.04000000,79971.04000000,79971.04000000,0.00010000
1788631860000,80014.09000000,80014.09000000,80014.09000000,80014.09000000,0.00012000
1788631920000,80014.08000000,80014.08000000,80014.08000000,80014.08000000,0.00010000
1788631980000,79988.26000000,79990.26000000,79988.26000000,79990.26000000,0.00031000
1788632040000,80007.35000000,80007.35000000,80007.35000000,80007.35000000,0.00138000
1788632100000,80007.34000000,80007.34000000,80007.34000000,80007.34000000,0.00010000
1788632160000,80007.34000000,80007.34000000,80007.34000000,80007.34000000,0.00000000
1788632220000,80007.34000000,80007.34000000,80007.34000000,80007.34000000,0.00000000
1788632280000,79965.53000000,79965.53000000,79965.53000000,79965.53000000,0.00010000
1788632340000,79965.53000000,79965.53000000,79965.53000000,79965.53000000,0.00000000
1788632400000,80031.21000000,80031.21000000,80015.97000000,80015.97000000,0.00020000
1788632460000,80015.97000000,80015.97000000,80015.97000000,80015.97000000,0.00000000
1788632520000,80015.97000000,80015.97000000,80015.97000000,80015.97000000,0.00000000
1788632580000,80001.10000000,80025.46000000,80001.10000000,80020.95000000,0.00680000
1788632640000,79978.40000000,79981.84000000,79978.40000000,79981.84000000,0.00605000
1788632700000,79981.84000000,79981.84000000,79981.84000000,79981.84000000,0.00000000
1788632760000,80010.38000000,80010.38000000,79990.40000000,80000.09000000,0.00673000
1788632820000,80000.08000000,80000.08000000,79980.90000000,79980.90000000,0.00023000
1788632880000,79980.90000000,79980.90000000,79980.90000000,79980.90000000,0.00000000
1788632940000,79980.90000000,79980.90000000,79980.90000000,79980.90000000,0.00000000
1788633000000,79962.68000000,80019.92000000,79962.68000000,80017.73000000,0.01568000
1788633060000,80042.41000000,80042.41000000,80025.33000000,80025.33000000,0.00873000
1788633120000,79995.01000000,79995.01000000,79978.67000000,79978.67000000,0.00483000
1788633180000,79966.40000000,79966.40000000,79966.40000000,79966.40000000,0.00459000
1788633240000,79966.40000000,79966.40000000,79966.34000000,79966.40000000,0.06555000
1788633300000,79987.50000000,79987.50000000,79972.39000000,79972.39000000,0.00662000
1788633360000,79972.39000000,79987.70000000,79972.39000000,79987.70000000,0.00153000
1788633420000,79987.70000000,79987.70000000,79987.70000000,79987.70000000,0.00000000
1788633480000,80003.84000000,80003.84000000,80003.84000000,80003.84000000,0.00010000
1788633540000,80003.84000000,80003.84000000,80003.84000000,80003.84000000,0.00000000
1788633600000,79967.22000000,79967.22000000,79967.22000000,79967.22000000,0.01236000
1788633660000,79964.66000000,79964.66000000,79964.66000000,79964.66000000,0.00193000
1788633720000,79964.65000000,79964.65000000,79956.63000000,79956.63000000,0.01270000
1788633780000,79950.01000000,79984.05000000,79950.01000000,79984.05000000,0.00102000
1788633840000,79957.55000000,80002.49000000,79957.55000000,80002.49000000,0.00020000
1788633900000,79952.34000000,79952.34000000,79952.34000000,79952.34000000,0.00006000
1788633960000,79962.89000000,79962.89000000,79961.72000000,79961.73000000,0.00015000
1788634020000,79950.00000000,79950.00000000,79949.29000000,79949.29000000,0.00028000
1788634080000,79933.13000000,79943.17000000,79933.13000000,79943.17000000,0.00025000
1788634140000,79943.17000000,79943.17000000,79943.17000000,79943.17000000,0.00000000
1788634200000,79949.80000000,79949.80000000,79949.80000000,79949.80000000,0.00017000
1788634260000,79932.15000000,79946.11000000,79932.15000000,79943.90000000,0.00311000
1788634320000,79943.91000000,79943.91000000,79943.91000000,79943.91000000,0.00010000
1788634380000,79962.85000000,79962.85000000,79962.85000000,79962.85000000,0.00107000
1788634440000,79969.38000000,79969.38000000,79969.38000000,79969.38000000,0.00010000
1788634500000,79941.02000000,79941.02000000,79941.02000000,79941.02000000,0.00010000
1788634560000,79941.02000000,79941.02000000,79941.02000000,79941.02000000,0.00000000
1788634620000,79994.07000000,79994.07000000,79994.07000000,79994.07000000,0.00625000
1788634680000,79994.07000000,79994.07000000,79994.07000000,79994.07000000,0.00000000
1788634740000,79999.44000000,79999.44000000,79999.44000000,79999.44000000,0.00193000
1788634800000,79999.43000000,79999.43000000,79955.17000000,79955.17000000,0.02010000
1788634860000,79955.38000000,79955.38000000,79947.76000000,79947.76000000,0.00386000
1788634920000,79929.08000000,79929.08000000,79929.08000000,79929.08000000,0.00013000
1788634980000,79929.08000000,79929.08000000,79929.08000000,79929.08000000,0.00000000
1788635040000,79929.08000000,79929.08000000,79929.08000000,79929.08000000,0.00000000
1788635100000,79929.08000000,79929.08000000,79929.08000000,79929.08000000,0.00000000
1788635160000,79929.08000000,79929.08000000,79929.08000000,79929.08000000,0.00000000
1788635220000,79929.08000000,79929.08000000,79929.08000000,79929.08000000,0.00000000
1788635280000,79976.51000000,79976.51000000,79976.51000000,79976.51000000,0.00010000
1788635340000,79954.37000000,79954.37000000,79954.37000000,79954.37000000,0.00005000
1788635400000,79954.37000000,79955.11000000,79954.37000000,79955.11000000,0.00015000
1788635460000,79985.06000000,79985.06000000,79985.06000000,79985.06000000,0.00108000
1788635520000,79985.05000000,79985.05000000,79952.39000000,79954.12000000,0.01549000
1788635580000,79962.91000000,79962.91000000,79962.91000000,79962.91000000,0.00174000
1788635640000,79962.91000000,79962.91000000,79962.91000000,79962.91000000,0.00669000
1788635700000,79962.91000000,79962.91000000,79962.91000000,79962.91000000,0.00000000
1788635760000,79962.91000000,79962.91000000,79962.91000000,79962.91000000,0.00000000
1788635820000,79967.60000000,79967.60000000,79967.60000000,79967.60000000,0.00010000
1788635880000,79967.60000000,79967.60000000,79967.60000000,79967.60000000,0.00000000
1788635940000,79929.08000000,79929.08000000,79929.08000000,79929.08000000,0.00010000
1788636000000,79939.98000000,79939.98000000,79927.40000000,79927.40000000,0.08879000
1788636060000,79906.78000000,79906.78000000,79906.78000000,79906.78000000,0.00068000
1788636120000,79906.78000000,79906.78000000,79906.78000000,79906.78000000,0.00000000
1788636180000,79916.65000000,79916.65000000,79909.51000000,79909.53000000,0.00866000
1788636240000,79960.10000000,79964.86000000,79949.79000000,79949.79000000,0.01276000
1788636300000,79952.33000000,79952.33000000,79952.33000000,79952.33000000,0.00006000
1788636360000,79952.33000000,79952.33000000,79952.33000000,79952.33000000,0.00000000
1788636420000,79998.03000000,79998.03000000,79998.03000000,79998.03000000,0.00006000
1788636480000,79998.02000000,79998.02000000,79970.51000000,79970.51000000,0.00627000
1788636540000,79970.51000000,79970.51000000,79970.51000000,79970.51000000,0.00000000
1788636600000,79970.51000000,79970.51000000,79970.51000000,79970.51000000,0.00000000
1788636660000,79954.21000000,79965.73000000,79954.21000000,79965.73000000,0.00022000
1788636720000,79974.41000000,79974.41000000,79943.86000000,79943.86000000,0.00021000
1788636780000,79939.88000000,79959.88000000,79907.05000000,79907.05000000,0.01129000
1788636840000,79902.43000000,79902.43000000,79803.84000000,79803.84000000,0.00927000
1788636900000,79786.93000000,79850.29000000,79786.93000000,79850.29000000,0.02545000
1788636960000,79867.42000000,79867.42000000,79867.41000000,79867.41000000,0.00042000
1788637020000,79867.41000000,79867.41000000,79867.41000000,79867.41000000,0.00000000
1788637080000,79757.81000000,79789.71000000,79757.81000000,79789.71000000,0.12501000
1788637140000,79785.54000000,79785.54000000,79754.66000000,79754.66000000,0.00855000
1788637200000,79751.40000000,79797.91000000,79751.40000000,79797.91000000,0.02538000
1788637260000,79797.91000000,79797.91000000,79797.91000000,79797.91000000,0.00000000
1788637320000,79797.91000000,79797.91000000,79797.91000000,79797.91000000,0.00000000
1788637380000,79797.91000000,79797.91000000,79797.91000000,79797.91000000,0.00000000
1788637440000,79861.05000000,79861.05000000,79859.94000000,79859.94000000,0.00103000
1788637500000,79849.12000000,79849.12000000,79849.12000000,79849.12000000,0.00641000
1788637560000,79849.12000000,79849.12000000,79849.12000000,79849.12000000,0.00000000
1788637620000,79797.91000000,79797.91000000,79797.91000000,79797.91000000,0.00251000
1788637680000,79797.91000000,79797.91000000,79797.91000000,79797.91000000,0.00000000
1788637740000,79797.91000000,79797.91000000,79797.91000000,79797.91000000,0.00000000
1788637800000,79797.91000000,79797.91000000,79797.91000000,79797.91000000,0.00000000
1788637860000,79767.38000000,79767.38000000,79767.38000000,79767.38000000,0.00125000
1788637920000,79767.38000000,79767.38000000,79767.38000000,79767.38000000,0.00000000
1788637980000,79767.38000000,79767.38000000,79767.38000000,79767.38000000,0.00000000
1788638040000,79767.38000000,79767.38000000,79767.38000000,79767.38000000,0.00000000
1788638100000,79767.38000000,79767.38000000,79767.38000000,79767.38000000,0.00000000
1788638160000,79767.38000000,79767.38000000,79767.38000000,79767.38000000,0.00000000
1788638220000,79767.38000000,79767.38000000,79767.38000000,79767.38000000,0.00000000
1788638280000,79782.81000000,79782.81000000,79742.17000000,79742.17000000,0.03219000
1788638340000,79756.17000000,79756.17000000,79756.17000000,79756.17000000,0.00095000
1788638400000,79756.17000000,79756.17000000,79756.17000000,79756.17000000,0.00000000
1788638460000,79805.64000000,79805.64000000,79805.64000000,79805.64000000,0.00006000
1788638520000,79805.64000000,79805.64000000,79805.64000000,79805.64000000,0.00000000
1788638580000,79749.52000000,79749.52000000,79740.61000000,79740.61000000,0.00028000
1788638640000,79730.20000000,79730.20000000,79726.21000000,79726.21000000,0.00097000
1788638700000,79730.20000000,79732.24000000,79730.20000000,79732.24000000,0.04803000
1788638760000,79732.24000000,79732.24000000,79732.24000000,79732.24000000,0.00000000
1788638820000,79774.55000000,79774.55000000,79774.55000000,79774.55000000,0.00143000
1788638880000,79774.55000000,79774.55000000,79774.55000000,79774.55000000,0.00000000
1788638940000,79743.56000000,79743.56000000,79743.56000000,79743.56000000,0.00061000
1788639000000,79743.56000000,79743.56000000,79743.56000000,79743.56000000,0.00000000
1788639060000,79786.74000000,79801.93000000,79786.74000000,79801.93000000,0.12499000
1788639120000,79815.49000000,79815.49000000,79815.49000000,79815.49000000,0.00042000
1788639180000,79816.56000000,79816.56000000,79816.54000000,79816.54000000,0.00641000
1788639240000,79816.54000000,79816.54000000,79816.54000000,79816.54000000,0.00000000
1788639300000,79737.09000000,79737.09000000,79737.09000000,79737.09000000,0.00019000
1788639360000,79737.09000000,79737.09000000,79737.09000000,79737.09000000,0.00000000
1788639420000,79737.09000000,79737.09000000,79737.09000000,79737.09000000,0.00000000
1788639480000,79737.09000000,79737.09000000,79726.21000000,79726.21000000,0.03509000
1788639540000,79726.21000000,79726.21000000,79726.21000000,79726.21000000,0.00000000
1788639600000,79706.40000000,79706.41000000,79706.40000000,79706.41000000,0.00640000
1788639660000,79782.42000000,79782.42000000,79782.42000000,79782.42000000,0.00633000
1788639720000,79782.42000000,79782.42000000,79782.42000000,79782.42000000,0.00000000
1788639780000,79788.29000000,79788.29000000,79780.19000000,79780.19000000,0.00063000
1788639840000,79780.18000000,79780.18000000,79780.18000000,79780.18000000,0.00025000
1788639900000,79833.31000000,79833.31000000,79833.31000000,79833.31000000,0.00125000
1788639960000,79833.31000000,79833.31000000,79833.31000000,79833.31000000,0.00000000
1788640020000,79821.49000000,79821.49000000,79803.49000000,79803.49000000,0.03213000
1788640080000,79752.94000000,79752.94000000,79729.66000000,79729.66000000,0.01142000
1788640140000,79721.14000000,79721.14000000,79717.75000000,79717.75000000,0.00127000
1788640200000,79717.75000000,79717.75000000,79717.75000000,79717.75000000,0.00000000
1788640260000,79717.75000000,79717.75000000,79717.75000000,79717.75000000,0.00000000
1788640320000,79717.75000000,79717.75000000,79717.75000000,79717.75000000,0.00000000
1788640380000,79717.75000000,79717.75000000,79717.75000000,79717.75000000,0.00000000
1788640440000,79717.75000000,79717.75000000,79717.75000000,79717.75000000,0.00000000
1788640500000,79717.75000000,79717.75000000,79696.93000000,79696.93000000,0.00492000
1788640560000,79710.20000000,79721.94000000,79710.20000000,79721.94000000,0.07498000
1788640620000,79721.94000000,79721.94000000,79721.94000000,79721.94000000,0.00000000
1788640680000,79751.81000000,79751.81000000,79751.81000000,79751.81000000,0.02000000
1788640740000,79725.99000000,79725.99000000,79725.99000000,79725.99000000,0.00721000
1788640800000,79725.99000000,79725.99000000,79725.99000000,79725.99000000,0.00000000
1788640860000,79725.99000000,79725.99000000,79725.99000000,79725.99000000,0.00000000
1788640920000,79725.99000000,79725.99000000,79725.99000000,79725.99000000,0.00000000
1788640980000,79725.99000000,79725.99000000,79725.99000000,79725.99000000,0.00000000
1788641040000,79768.96000000,79768.96000000,79768.96000000,79768.96000000,0.00063000
1788641100000,79768.96000000,79768.96000000,79768.96000000,79768.96000000,0.00000000
1788641160000,79768.96000000,79768.96000000,79768.96000000,79768.96000000,0.00000000
1788641220000,79768.96000000,79768.96000000,79768.96000000,79768.96000000,0.00000000
1788641280000,79765.95000000,79765.95000000,79756.53000000,79756.53000000,0.00548000
1788641340000,79755.85000000,79755.85000000,79755.85000000,79755.85000000,0.01332000
1788641400000,79756.53000000,79756.53000000,79756.53000000,79756.53000000,0.07515000
1788641460000,79756.53000000,79802.54000000,79756.53000000,79763.88000000,2.06432000
1788641520000,79763.88000000,79763.88000000,79763.88000000,79763.88000000,0.00000000
1788641580000,79749.02000000,79749.02000000,79738.72000000,79738.72000000,0.03528000
1788641640000,79738.72000000,79738.72000000,79738.72000000,79738.72000000,0.00000000
1788641700000,79738.72000000,79738.72000000,79738.72000000,79738.72000000,0.00000000
1788641760000,79738.72000000,79738.72000000,79738.72000000,79738.72000000,0.00000000
1788641820000,79752.49000000,79752.49000000,79752.49000000,79752.49000000,0.00006000
1788641880000,79774.98000000,79774.98000000,79774.98000000,79774.98000000,0.00638000
1788641940000,79787.50000000,79787.50000000,79755.20000000,79755.20000000,0.01647000
1788642000000,79755.20000000,79755.20000000,79755.20000000,79755.20000000,0.00000000
1788642060000,79752.05000000,79752.05000000,79752.05000000,79752.05000000,0.00071000
1788642120000,79752.05000000,79752.05000000,79752.05000000,79752.05000000,0.00000000
1788642180000,79752.05000000,79752.05000000,79752.05000000,79752.05000000,0.00000000
1788642240000,79743.98000000,79743.98000000,79743.98000000,79743.98000000,0.00013000
1788642300000,79730.66000000,79730.66000000,79726.68000000,79726.68000000,0.00029000
1788642360000,79738.96000000,79738.96000000,79738.96000000,79738.96000000,0.00020000
1788642420000,79746.38000000,79746.38000000,79746.38000000,79746.38000000,0.00004000
1788642480000,79746.38000000,79746.38000000,79746.38000000,79746.38000000,0.00000000
1788642540000,79779.08000000,79779.08000000,79773.33000000,79773.33000000,0.00317000
1788642600000,79773.33000000,79773.33000000,79773.33000000,79773.33000000,0.00000000
1788642660000,79788.81000000,79789.53000000,79788.81000000,79789.53000000,0.00064000
1788642720000,79789.53000000,79789.53000000,79789.53000000,79789.53000000,0.00000000
1788642780000,79789.53000000,79789.53000000,79789.53000000,79789.53000000,0.00000000
1788642840000,79782.02000000,79791.18000000,79782.02000000,79791.18000000,0.00029000
1788642900000,79791.18000000,79791.18000000,79791.18000000,79791.18000000,0.00112000
1788642960000,79791.18000000,79791.18000000,79791.18000000,79791.18000000,0.00000000
1788643020000,79791.18000000,79791.18000000,79791.18000000,79791.18000000,0.00000000
1788643080000,79791.18000000,79791.18000000,79791.18000000,79791.18000000,0.00000000
1788643140000,79791.18000000,79791.18000000,79791.18000000,79791.18000000,0.00000000
1788643200000,79791.18000000,79791.18000000,79791.18000000,79791.18000000,0.00000000
1788643260000,79791.18000000,79791.18000000,79791.18000000,79791.18000000,0.00000000
1788643320000,79791.18000000,79791.18000000,79791.18000000,79791.18000000,0.00000000
1788643380000,79791.18000000,79791.18000000,79791.18000000,79791.18000000,0.00000000
1788643440000,79847.01000000,79847.01000000,79847.01000000,79847.01000000,0.00466000
1788643500000,79864.09000000,79864.09000000,79864.09000000,79864.09000000,0.00017000
1788643560000,79851.99000000,79851.99000000,79851.99000000,79851.99000000,0.00548000
1788643620000,79851.99000000,79851.99000000,79851.99000000,79851.99000000,0.00000000
1788643680000,79860.69000000,79860.69000000,79860.69000000,79860.69000000,0.00180000
1788643740000,79856.69000000,79856.69000000,79856.69000000,79856.69000000,0.00125000
1788643800000,79860.69000000,79860.69000000,79860.69000000,79860.69000000,0.00075000
1788643860000,79860.69000000,79860.69000000,79860.69000000,79860.69000000,0.00000000
1788643920000,79861.36000000,79861.36000000,79861.36000000,79861.36000000,0.00025000
1788643980000,79861.36000000,79861.36000000,79861.36000000,79861.36000000,0.00000000
1788644040000,79854.05000000,79854.32000000,79854.05000000,79854.32000000,0.01083000
1788644100000,79855.65000000,79855.65000000,79855.65000000,79855.65000000,0.00062000
1788644160000,79855.65000000,79855.65000000,79855.65000000,79855.65000000,0.00000000
1788644220000,79848.41000000,79848.41000000,79848.41000000,79848.41000000,0.00012000
1788644280000,79848.41000000,79848.41000000,79848.41000000,79848.41000000,0.00000000
1788644340000,79848.41000000,79848.41000000,79848.41000000,79848.41000000,0.00000000
1788644400000,79848.41000000,79848.41000000,79848.41000000,79848.41000000,0.01223000
1788644460000,79848.41000000,79848.41000000,79848.41000000,79848.41000000,0.02098000
1788644520000,79888.94000000,79895.85000000,79888.94000000,79895.85000000,0.00661000
1788644580000,79897.30000000,79897.30000000,79870.57000000,79870.57000000,0.00962000
1788644640000,79870.57000000,79870.57000000,79870.57000000,79870.57000000,0.00000000
1788644700000,79870.57000000,79870.57000000,79870.57000000,79870.57000000,0.00000000
1788644760000,79870.57000000,79870.57000000,79870.57000000,79870.57000000,0.00000000
1788644820000,79870.57000000,79870.57000000,79870.57000000,79870.57000000,0.00000000
1788644880000,79873.85000000,79873.85000000,79873.85000000,79873.85000000,0.00018000
1788644940000,79898.95000000,79899.05000000,79898.95000000,79899.05000000,0.00640000
1788645000000,79899.05000000,79899.05000000,79899.05000000,79899.05000000,0.00000000
1788645060000,79899.05000000,79899.05000000,79899.05000000,79899.05000000,0.00000000
1788645120000,79899.05000000,79899.05000000,79899.05000000,79899.05000000,0.00000000
1788645180000,79915.82000000,79915.82000000,79915.82000000,79915.82000000,0.01114000
1788645240000,79915.82000000,79915.82000000,79915.82000000,79915.82000000,0.00000000
1788645300000,79915.82000000,79915.82000000,79915.82000000,79915.82000000,0.00000000
1788645360000,79915.82000000,79915.82000000,79915.82000000,79915.82000000,0.00000000
1788645420000,79915.82000000,79915.82000000,79915.82000000,79915.82000000,0.00000000
1788645480000,79915.82000000,79915.82000000,79915.82000000,79915.82000000,0.00000000
1788645540000,79915.82000000,79915.82000000,79915.82000000,79915.82000000,0.00000000
1788645600000,79915.82000000,79915.82000000,79915.82000000,79915.82000000,0.00000000
1788645660000,79937.11000000,79937.11000000,79937.11000000,79937.11000000,0.00023000
1788645720000,79937.11000000,79937.11000000,79937.11000000,79937.11000000,0.00000000
1788645780000,79914.96000000,79914.96000000,79914.96000000,79914.96000000,0.00006000
1788645840000,79876.08000000,79876.08000000,79876.08000000,79876.08000000,0.00056000
1788645900000,79876.08000000,79876.08000000,79876.08000000,79876.08000000,0.00062000
1788645960000,79891.06000000,79891.06000000,79891.06000000,79891.06000000,0.00009000
1788646020000,79891.06000000,79891.06000000,79891.06000000,79891.06000000,0.00000000
1788646080000,79888.95000000,79888.95000000,79888.95000000,79888.95000000,0.00094000
1788646140000,79875.22000000,79875.22000000,79875.22000000,79875.22000000,0.00006000
1788646200000,79861.43000000,79889.90000000,79861.43000000,79889.90000000,0.00651000
1788646260000,79898.64000000,79903.95000000,79898.64000000,79903.95000000,0.02497000
1788646320000,79916.49000000,79916.49000000,79916.49000000,79916.49000000,0.00005000
1788646380000,79920.50000000,79920.50000000,79920.50000000,79920.50000000,0.00004000
1788646440000,79929.80000000,79929.80000000,79929.80000000,79929.80000000,0.00004000
1788646500000,79929.80000000,79929.80000000,79929.80000000,79929.80000000,0.00000000
1788646560000,79929.80000000,79929.80000000,79929.80000000,79929.80000000,0.00000000
1788646620000,79945.00000000,79945.00000000,79911.39000000,79911.39000000,0.09134000
1788646680000,79898.39000000,79898.39000000,79898.39000000,79898.39000000,0.00041000
1788646740000,79869.54000000,79869.54000000,79869.54000000,79869.54000000,0.00450000
1788646800000,79869.54000000,79869.54000000,79869.54000000,79869.54000000,0.00000000
1788646860000,79858.97000000,79858.97000000,79858.97000000,79858.97000000,0.00004000
1788646920000,79858.97000000,79858.97000000,79858.97000000,79858.97000000,0.00000000
1788646980000,79853.82000000,79853.82000000,79853.82000000,79853.82000000,0.00010000
1788647040000,79853.82000000,79853.82000000,79853.82000000,79853.82000000,0.00000000
1788647100000,79853.82000000,79853.82000000,79853.82000000,79853.82000000,0.00000000
1788647160000,79853.82000000,79853.82000000,79853.82000000,79853.82000000,0.00000000
1788647220000,79853.82000000,79853.82000000,79853.82000000,79853.82000000,0.00000000
1788647280000,79853.82000000,79853.82000000,79853.82000000,79853.82000000,0.00000000
1788647340000,79784.04000000,79784.04000000,79780.18000000,79780.27000000,0.00879000
1788647400000,79780.27000000,79780.27000000,79780.27000000,79780.27000000,0.00000000
1788647460000,79780.27000000,79780.27000000,79780.27000000,79780.27000000,0.00000000
1788647520000,79780.27000000,79780.27000000,79780.27000000,79780.27000000,0.00000000
1788647580000,79843.18000000,79854.29000000,79843.18000000,79854.29000000,0.05635000
1788647640000,79836.49000000,79836.49000000,79833.50000000,79833.50000000,0.00289000
1788647700000,79825.12000000,79825.12000000,79825.12000000,79825.12000000,0.00619000
1788647760000,79815.13000000,79815.13000000,79815.13000000,79815.13000000,0.00037000
1788647820000,79808.42000000,79808.42000000,79808.42000000,79808.42000000,0.00063000
1788647880000,79808.42000000,79808.42000000,79808.42000000,79808.42000000,0.00000000
1788647940000,79808.42000000,79808.42000000,79808.42000000,79808.42000000,0.00000000
1788648000000,79808.42000000,79808.42000000,79808.42000000,79808.42000000,0.00000000
1788648060000,79815.98000000,79815.98000000,79815.98000000,79815.98000000,0.00124000
1788648120000,79804.35000000,79804.35000000,79804.35000000,79804.35000000,0.00607000
1788648180000,79769.80000000,79769.80000000,79767.29000000,79767.29000000,0.00542000
1788648240000,79767.29000000,79767.29000000,79767.29000000,79767.29000000,0.00000000
1788648300000,79767.29000000,79767.29000000,79767.29000000,79767.29000000,0.00000000
1788648360000,79767.29000000,79767.29000000,79767.29000000,79767.29000000,0.00000000
1788648420000,79767.29000000,79767.29000000,79767.29000000,79767.29000000,0.00000000
1788648480000,79767.29000000,79767.29000000,79767.29000000,79767.29000000,0.00000000
1788648540000,79767.29000000,79767.29000000,79767.29000000,79767.29000000,0.00000000
1788648600000,79767.29000000,79767.29000000,79767.29000000,79767.29000000,0.00000000
1788648660000,79767.29000000,79767.29000000,79767.29000000,79767.29000000,0.00000000
1788648720000,79767.29000000,79767.29000000,79767.29000000,79767.29000000,0.00000000
1788648780000,79786.03000000,79801.13000000,79786.03000000,79800.46000000,0.05425000
1788648840000,79800.46000000,79800.46000000,79800.46000000,79800.46000000,0.00000000
1788648900000,79804.47000000,79804.47000000,79804.47000000,79804.47000000,0.00120000
1788648960000,79804.47000000,79804.47000000,79804.47000000,79804.47000000,0.00000000
1788649020000,79804.47000000,79804.47000000,79804.47000000,79804.47000000,0.00000000
1788649080000,79804.47000000,79804.47000000,79804.47000000,79804.47000000,0.00000000
1788649140000,79783.43000000,79783.43000000,79753.34000000,79753.36000000,0.00905000
1788649200000,79785.24000000,79786.60000000,79785.24000000,79786.60000000,0.00030000
1788649260000,79786.60000000,79786.60000000,79786.60000000,79786.60000000,0.00000000
1788649320000,79786.60000000,79786.60000000,79786.60000000,79786.60000000,0.00000000
1788649380000,79759.67000000,79759.67000000,79759.67000000,79759.67000000,0.00012000
1788649440000,79759.66000000,79759.66000000,79759.66000000,79759.66000000,0.00046000
1788649500000,79759.66000000,79759.66000000,79759.66000000,79759.66000000,0.00000000
1788649560000,79759.66000000,79759.66000000,79759.66000000,79759.66000000,0.00000000
1788649620000,79740.78000000,79740.78000000,79740.78000000,79740.78000000,0.00220000
1788649680000,79758.29000000,79758.29000000,79758.29000000,79758.29000000,0.00012000
1788649740000,79758.29000000,79758.29000000,79758.29000000,79758.29000000,0.00000000
1788649800000,79758.29000000,79758.29000000,79758.29000000,79758.29000000,0.00000000
1788649860000,79750.95000000,79750.95000000,79750.95000000,79750.95000000,0.00063000
1788649920000,79750.95000000,79750.95000000,79750.95000000,79750.95000000,0.00000000
1788649980000,79750.86000000,79750.86000000,79750.86000000,79750.86000000,0.00063000
1788650040000,79750.85000000,79759.88000000,79750.85000000,79759.88000000,0.00065000
1788650100000,79759.88000000,79759.88000000,79759.88000000,79759.88000000,0.00000000
1788650160000,79764.07000000,79764.07000000,79764.07000000,79764.07000000,0.00124000
1788650220000,79795.61000000,79803.74000000,79795.61000000,79803.74000000,0.06265000
1788650280000,79795.74000000,79795.74000000,79795.74000000,79795.74000000,0.00144000
1788650340000,79795.74000000,79795.74000000,79795.74000000,79795.74000000,0.00000000
1788650400000,79795.74000000,79795.74000000,79795.74000000,79795.74000000,0.00000000
1788650460000,79795.64000000,79795.64000000,79795.64000000,79795.64000000,0.00125000
1788650520000,79795.64000000,79795.64000000,79795.64000000,79795.64000000,0.00000000
1788650580000,79795.64000000,79795.64000000,79795.64000000,79795.64000000,0.00000000
1788650640000,79781.23000000,79781.23000000,79781.23000000,79781.23000000,0.00022000
1788650700000,79781.23000000,79781.23000000,79781.23000000,79781.23000000,0.00000000
1788650760000,79781.24000000,79781.24000000,79781.24000000,79781.24000000,0.00016000
1788650820000,79781.24000000,79781.45000000,79781.24000000,79781.45000000,0.00290000
1788650880000,79781.45000000,79781.45000000,79781.45000000,79781.45000000,0.00000000
1788650940000,79781.45000000,79781.45000000,79781.45000000,79781.45000000,0.00000000
1788651000000,79781.45000000,79781.45000000,79781.45000000,79781.45000000,0.00000000
1788651060000,79781.45000000,79781.45000000,79781.45000000,79781.45000000,0.00000000
1788651120000,79781.45000000,79781.45000000,79781.45000000,79781.45000000,0.00000000
1788651180000,79823.45000000,79823.45000000,79817.87000000,79817.87000000,0.00030000
1788651240000,79834.96000000,79834.96000000,79834.96000000,79834.96000000,0.00020000
1788651300000,79837.01000000,79837.01000000,79837.01000000,79837.01000000,0.00025000
1788651360000,79838.88000000,79838.88000000,79838.88000000,79838.88000000,0.00642000
1788651420000,79763.57000000,79763.57000000,79763.57000000,79763.57000000,0.00059000
1788651480000,79752.18000000,79752.18000000,79740.98000000,79740.98000000,0.01617000
1788651540000,79760.35000000,79790.50000000,79760.35000000,79790.50000000,0.00196000
1788651600000,79790.50000000,79790.50000000,79790.50000000,79790.50000000,0.00000000
1788651660000,79790.50000000,79790.50000000,79790.50000000,79790.50000000,0.00000000
1788651720000,79804.11000000,79804.11000000,79804.11000000,79804.11000000,0.00002000
1788651780000,79804.11000000,79804.11000000,79804.11000000,79804.11000000,0.00000000
1788651840000,79804.11000000,79804.11000000,79804.11000000,79804.11000000,0.00000000
1788651900000,79811.21000000,79826.41000000,79811.21000000,79826.41000000,0.00984000
1788651960000,79878.36000000,79910.22000000,79874.42000000,79874.42000000,0.05648000
1788652020000,79874.42000000,79874.42000000,79874.42000000,79874.42000000,0.00000000
1788652080000,79874.42000000,79874.42000000,79874.42000000,79874.42000000,0.00000000
1788652140000,79848.20000000,79848.20000000,79822.79000000,79822.79000000,0.03147000
1788652200000,79822.79000000,79822.79000000,79822.79000000,79822.79000000,0.00000000
1788652260000,79822.79000000,79822.79000000,79822.79000000,79822.79000000,0.00000000
1788652320000,79822.79000000,79822.79000000,79822.79000000,79822.79000000,0.00000000
1788652380000,79822.79000000,79822.79000000,79822.79000000,79822.79000000,0.00000000
1788652440000,79822.79000000,79822.79000000,79822.79000000,79822.79000000,0.00000000
1788652500000,79822.79000000,79822.79000000,79822.79000000,79822.79000000,0.00000000
1788652560000,79854.77000000,79854.77000000,79853.19000000,79853.19000000,0.00556000
1788652620000,79796.73000000,79796.73000000,79796.25000000,79796.25000000,0.00640000
1788652680000,79804.84000000,79824.05000000,79804.84000000,79824.05000000,0.00135000
1788652740000,79815.88000000,79815.88000000,79815.88000000,79815.88000000,0.00063000
1788652800000,79822.99000000,79823.91000000,79822.99000000,79823.91000000,0.00145000
1788652860000,79828.46000000,79831.25000000,79828.46000000,79831.25000000,0.00197000
1788652920000,79831.25000000,79831.25000000,79831.25000000,79831.25000000,0.00000000
1788652980000,79831.25000000,79831.25000000,79831.25000000,79831.25000000,0.00000000
1788653040000,79869.97000000,79882.47000000,79869.97000000,79882.47000000,0.02504000
1788653100000,79891.71000000,79892.91000000,79888.25000000,79892.91000000,0.00141000
1788653160000,79884.68000000,79885.58000000,79884.68000000,79885.58000000,0.00244000
1788653220000,79885.58000000,79885.58000000,79885.58000000,79885.58000000,0.00000000
1788653280000,79885.58000000,79885.58000000,79885.58000000,79885.58000000,0.00000000
1788653340000,79908.58000000,79908.58000000,79908.58000000,79908.58000000,0.00036000
1788653400000,79908.58000000,79908.58000000,79908.58000000,79908.58000000,0.00000000
1788653460000,79908.58000000,79908.58000000,79908.58000000,79908.58000000,0.00000000
1788653520000,79914.02000000,79914.02000000,79914.02000000,79914.02000000,0.00630000
1788653580000,79914.02000000,79914.02000000,79914.02000000,79914.02000000,0.00000000
1788653640000,79914.02000000,79914.02000000,79914.02000000,79914.02000000,0.00000000
1788653700000,79914.02000000,79914.02000000,79914.02000000,79914.02000000,0.00000000
1788653760000,79912.82000000,79912.82000000,79908.71000000,79912.70000000,0.00061000
1788653820000,79910.16000000,79910.16000000,79910.16000000,79910.16000000,0.00013000
1788653880000,79910.16000000,79910.16000000,79910.16000000,79910.16000000,0.00000000
1788653940000,79910.16000000,79910.16000000,79910.16000000,79910.16000000,0.00000000
1788654000000,79910.14000000,79910.14000000,79910.14000000,79910.14000000,0.00025000
1788654060000,79913.95000000,79913.95000000,79913.95000000,79913.95000000,0.00045000
1788654120000,79913.95000000,79913.95000000,79913.95000000,79913.95000000,0.00000000
1788654180000,79913.95000000,79913.95000000,79913.95000000,79913.95000000,0.00000000
1788654240000,79873.43000000,79873.43000000,79873.43000000,79873.43000000,0.00139000
1788654300000,79873.43000000,79873.43000000,79873.43000000,79873.43000000,0.00125000
1788654360000,79873.43000000,79873.43000000,79873.43000000,79873.43000000,0.00000000
1788654420000,79919.52000000,79919.52000000,79919.52000000,79919.52000000,0.00024000
1788654480000,79919.52000000,79919.52000000,79919.52000000,79919.52000000,0.00000000
1788654540000,79919.52000000,79919.52000000,79919.52000000,79919.52000000,0.00000000
1788654600000,79919.52000000,79919.52000000,79919.52000000,79919.52000000,0.00000000
1788654660000,79894.38000000,79894.38000000,79894.38000000,79894.38000000,0.00228000
1788654720000,79894.38000000,79894.38000000,79894.38000000,79894.38000000,0.00000000
1788654780000,79894.38000000,79894.38000000,79894.38000000,79894.38000000,0.00000000
1788654840000,79912.35000000,79912.35000000,79890.82000000,79890.82000000,0.07626000
1788654900000,79891.61000000,79891.61000000,79891.61000000,79891.61000000,0.00029000
1788654960000,79891.61000000,79891.61000000,79891.61000000,79891.61000000,0.00000000
1788655020000,79891.61000000,79891.61000000,79891.61000000,79891.61000000,0.00000000
1788655080000,79891.61000000,79891.61000000,79891.61000000,79891.61000000,0.00000000
1788655140000,79874.59000000,79875.85000000,79874.59000000,79875.85000000,0.00640000
1788655200000,79875.85000000,79875.85000000,79875.85000000,79875.85000000,0.00000000
1788655260000,79875.85000000,79875.85000000,79875.85000000,79875.85000000,0.00000000
1788655320000,79911.14000000,79911.14000000,79911.14000000,79911.14000000,0.00006000
1788655380000,79911.14000000,79911.14000000,79911.14000000,79911.14000000,0.00000000
1788655440000,79911.14000000,79911.14000000,79911.14000000,79911.14000000,0.00000000
1788655500000,79880.72000000,79880.72000000,79880.72000000,79880.72000000,0.00016000
1788655560000,79877.51000000,79877.51000000,79868.60000000,79868.60000000,0.00095000
1788655620000,79872.71000000,79881.15000000,79872.71000000,79881.15000000,0.00315000
1788655680000,79881.15000000,79881.15000000,79881.15000000,79881.15000000,0.00000000
1788655740000,79881.15000000,79881.15000000,79881.15000000,79881.15000000,0.00000000
1788655800000,79873.56000000,79873.56000000,79873.56000000,79873.56000000,0.00094000
1788655860000,79869.00000000,79869.00000000,79869.00000000,79869.00000000,0.00638000
1788655920000,79924.15000000,79925.32000000,79918.69000000,79925.32000000,0.00339000
1788655980000,79925.32000000,79925.32000000,79925.32000000,79925.32000000,0.00000000
1788656040000,79925.32000000,79925.32000000,79925.32000000,79925.32000000,0.00000000
1788656100000,79925.32000000,79925.32000000,79925.32000000,79925.32000000,0.00000000
1788656160000,79925.32000000,79925.32000000,79925.32000000,79925.32000000,0.00000000
1788656220000,79925.32000000,79925.32000000,79925.32000000,79925.32000000,0.00000000
1788656280000,79930.71000000,79930.71000000,79930.71000000,79930.71000000,0.00196000
1788656340000,79930.71000000,79930.71000000,79930.71000000,79930.71000000,0.00000000
1788656400000,79923.37000000,79923.37000000,79923.37000000,79923.37000000,0.00063000
1788656460000,79923.37000000,79923.37000000,79923.37000000,79923.37000000,0.00000000
1788656520000,79923.37000000,79923.37000000,79923.37000000,79923.37000000,0.00000000
1788656580000,79897.31000000,79971.68000000,79897.31000000,79957.66000000,0.20336000
1788656640000,79957.66000000,79957.66000000,79957.66000000,79957.66000000,0.00000000
1788656700000,79924.65000000,79964.38000000,79924.65000000,79964.38000000,0.01196000
1788656760000,79979.12000000,79979.65000000,79964.82000000,79979.65000000,0.02516000
1788656820000,79988.81000000,79988.81000000,79988.80000000,79988.80000000,0.00009000
1788656880000,79988.81000000,79988.81000000,79987.53000000,79987.53000000,0.00005000
1788656940000,79978.92000000,79978.92000000,79978.92000000,79978.92000000,0.00064000
1788657000000,79978.92000000,79978.92000000,79978.92000000,79978.92000000,0.00000000
1788657060000,79978.06000000,79978.06000000,79978.06000000,79978.06000000,0.00020000
1788657120000,79981.83000000,79981.83000000,79980.86000000,79980.86000000,0.00338000
1788657180000,80002.47000000,80002.47000000,80002.47000000,80002.47000000,0.00004000
1788657240000,79990.05000000,79990.05000000,79990.00000000,79990.00000000,0.00642000
1788657300000,79957.76000000,79957.76000000,79957.76000000,79957.76000000,0.00005000
1788657360000,79957.76000000,79957.76000000,79957.76000000,79957.76000000,0.00000000
1788657420000,79970.68000000,79989.98000000,79970.68000000,79989.98000000,0.06786000
1788657480000,79989.98000000,79989.98000000,79989.98000000,79989.98000000,0.00000000
1788657540000,79952.08000000,79985.45000000,79952.08000000,79985.45000000,2.05647000
1788657600000,79985.45000000,79985.45000000,79985.45000000,79985.45000000,0.00000000
1788657660000,79985.45000000,79985.45000000,79985.45000000,79985.45000000,0.00000000
1788657720000,79985.45000000,79985.45000000,79985.45000000,79985.45000000,0.00000000
1788657780000,79941.86000000,79941.86000000,79941.86000000,79941.86000000,0.00938000
1788657840000,79941.86000000,79941.86000000,79941.86000000,79941.86000000,0.00188000
1788657900000,79941.86000000,79941.86000000,79941.86000000,79941.86000000,0.00000000
1788657960000,79941.86000000,79941.86000000,79941.86000000,79941.86000000,0.00000000
1788658020000,79941.86000000,79941.86000000,79941.86000000,79941.86000000,0.00000000
1788658080000,79941.86000000,79941.86000000,79941.86000000,79941.86000000,0.00000000
1788658140000,79941.86000000,79941.86000000,79941.86000000,79941.86000000,0.00000000
1788658200000,79941.86000000,79941.86000000,79941.86000000,79941.86000000,0.00000000
1788658260000,79941.86000000,79941.86000000,79941.86000000,79941.86000000,0.00000000
1788658320000,79941.86000000,79941.86000000,79941.86000000,79941.86000000,0.00000000
1788658380000,79941.86000000,79941.86000000,79941.86000000,79941.86000000,0.00000000
1788658440000,79941.86000000,79941.86000000,79941.86000000,79941.86000000,0.00000000
1788658500000,79941.86000000,79941.86000000,79941.86000000,79941.86000000,0.00000000
1788658560000,79999.07000000,79999.07000000,79999.07000000,79999.07000000,0.00007000
1788658620000,79962.52000000,80000.88000000,79962.52000000,80000.88000000,0.00013000
1788658680000,79997.19000000,79997.19000000,79997.19000000,79997.19000000,0.00010000
1788658740000,80005.36000000,80005.36000000,80005.36000000,80005.36000000,0.02503000
1788658800000,80036.18000000,80043.93000000,80036.18000000,80043.93000000,0.00013000
1788658860000,80037.69000000,80040.00000000,80018.70000000,80018.70000000,0.67421000
1788658920000,80018.70000000,80018.70000000,80018.70000000,80018.70000000,0.00000000
1788658980000,80018.70000000,80018.70000000,80018.70000000,80018.70000000,0.00000000
1788659040000,79962.52000000,79962.52000000,79962.52000000,79962.52000000,0.00005000
1788659100000,79975.00000000,79975.00000000,79962.52000000,79962.52000000,0.01028000
1788659160000,79962.52000000,79966.52000000,79962.52000000,79966.52000000,0.30208000
1788659220000,79966.52000000,79966.52000000,79966.52000000,79966.52000000,0.00000000
1788659280000,79966.52000000,79966.52000000,79966.52000000,79966.52000000,0.00000000
1788659340000,79953.26000000,79953.26000000,79953.26000000,79953.26000000,0.00500000
1788659400000,79953.26000000,79953.26000000,79953.26000000,79953.26000000,0.00012000
1788659460000,79953.26000000,79953.26000000,79953.26000000,79953.26000000,0.00000000
1788659520000,79953.26000000,79953.26000000,79953.26000000,79953.26000000,0.00000000
1788659580000,79953.26000000,79953.26000000,79953.26000000,79953.26000000,0.00000000
1788659640000,79953.26000000,79953.26000000,79953.26000000,79953.26000000,0.00000000
1788659700000,79953.26000000,79953.26000000,79953.26000000,79953.26000000,0.00000000
1788659760000,79981.94000000,79989.36000000,79981.94000000,79982.66000000,0.12476000
1788659820000,79983.89000000,79983.89000000,79983.89000000,79983.89000000,0.00642000
1788659880000,79946.16000000,79946.16000000,79946.16000000,79946.16000000,0.00072000
1788659940000,79946.16000000,79946.16000000,79946.16000000,79946.16000000,0.00000000
1788660000000,79964.40000000,79981.43000000,79964.40000000,79981.43000000,0.00701000
1788660060000,79969.68000000,79969.68000000,79969.68000000,79969.68000000,0.00665000
1788660120000,79952.90000000,79952.90000000,79952.90000000,79952.90000000,0.00449000
1788660180000,79944.77000000,79944.77000000,79940.78000000,79940.78000000,0.01835000
1788660240000,79940.78000000,79940.78000000,79940.78000000,79940.78000000,0.00356000
1788660300000,79951.31000000,79951.31000000,79951.31000000,79951.31000000,0.00006000
1788660360000,79951.31000000,79951.31000000,79951.31000000,79951.31000000,0.00000000
1788660420000,79961.60000000,79968.57000000,79961.60000000,79968.57000000,0.00010000
1788660480000,79968.57000000,79968.57000000,79968.57000000,79968.57000000,0.00000000
1788660540000,79968.57000000,79968.57000000,79968.57000000,79968.57000000,0.00000000
1788660600000,79975.26000000,79975.26000000,79969.55000000,79969.55000000,0.00593000
1788660660000,79969.55000000,79969.55000000,79969.55000000,79969.55000000,0.00000000
1788660720000,79969.55000000,79969.55000000,79969.55000000,79969.55000000,0.00000000
1788660780000,80000.81000000,80003.58000000,80000.81000000,80003.58000000,0.02499000
1788660840000,80003.58000000,80003.58000000,80003.58000000,80003.58000000,0.00000000
1788660900000,80001.64000000,80001.64000000,80001.64000000,80001.64000000,0.00132000
1788660960000,80001.64000000,80001.64000000,80001.64000000,80001.64000000,0.00000000
1788661020000,80001.64000000,80001.64000000,80001.64000000,80001.64000000,0.00000000
1788661080000,80001.64000000,80001.64000000,80001.64000000,80001.64000000,0.00000000
1788661140000,79957.70000000,79957.70000000,79957.70000000,79957.70000000,0.00180000
1788661200000,79957.70000000,79957.70000000,79957.70000000,79957.70000000,0.00000000
1788661260000,79957.70000000,79957.70000000,79957.70000000,79957.70000000,0.00000000
1788661320000,79927.82000000,79929.63000000,79927.82000000,79929.63000000,0.00060000
1788661380000,79929.63000000,79929.63000000,79929.63000000,79929.63000000,0.00000000
1788661440000,79923.53000000,79923.53000000,79923.53000000,79923.53000000,0.00139000
1788661500000,79923.53000000,79923.53000000,79923.53000000,79923.53000000,0.00000000
1788661560000,79923.53000000,79923.53000000,79923.53000000,79923.53000000,0.00000000
1788661620000,79923.53000000,79923.53000000,79923.53000000,79923.53000000,0.00000000
1788661680000,79923.53000000,79923.53000000,79923.53000000,79923.53000000,0.00000000
1788661740000,79923.53000000,79923.53000000,79923.53000000,79923.53000000,0.00000000
1788661800000,79923.53000000,79923.53000000,79923.53000000,79923.53000000,0.00000000
1788661860000,79923.53000000,79923.53000000,79923.53000000,79923.53000000,0.00000000
1788661920000,79923.53000000,79923.53000000,79923.53000000,79923.53000000,0.00000000
1788661980000,79963.92000000,79963.92000000,79963.92000000,79963.92000000,0.00010000
1788662040000,79963.92000000,79963.92000000,79963.92000000,79963.92000000,0.00000000
1788662100000,79963.92000000,79963.92000000,79963.92000000,79963.92000000,0.00000000
1788662160000,79963.92000000,79963.92000000,79963.92000000,79963.92000000,0.00000000
1788662220000,79963.92000000,79963.92000000,79963.92000000,79963.92000000,0.00000000
1788662280000,79899.06000000,79904.84000000,79899.06000000,79904.84000000,0.00477000
1788662340000,79904.84000000,79904.84000000,79904.84000000,79904.84000000,0.00000000
1788662400000,79931.37000000,79951.31000000,79931.37000000,79951.31000000,0.00079000
1788662460000,79951.30000000,79951.30000000,79920.48000000,79929.29000000,0.00032000
1788662520000,79933.43000000,79933.43000000,79933.43000000,79933.43000000,0.00010000
1788662580000,79933.43000000,79933.43000000,79933.43000000,79933.43000000,0.00000000
1788662640000,79933.43000000,79933.43000000,79933.43000000,79933.43000000,0.00000000
1788662700000,79933.43000000,79933.43000000,79933.43000000,79933.43000000,0.00000000
1788662760000,79933.43000000,79933.43000000,79933.43000000,79933.43000000,0.00000000
1788662820000,79880.03000000,79880.03000000,79880.03000000,79880.03000000,0.00077000
1788662880000,79880.03000000,79880.03000000,79880.03000000,79880.03000000,0.00000000
1788662940000,79880.03000000,79880.03000000,79880.03000000,79880.03000000,0.00000000
1788663000000,79880.03000000,79880.03000000,79880.03000000,79880.03000000,0.00000000
1788663060000,79880.03000000,79880.03000000,79880.03000000,79880.03000000,0.00000000
1788663120000,79875.11000000,79875.11000000,79875.11000000,79875.11000000,0.00022000
1788663180000,79879.78000000,79890.93000000,79879.78000000,79890.93000000,0.00201000
1788663240000,79890.93000000,79890.93000000,79890.93000000,79890.93000000,0.00000000
1788663300000,79890.93000000,79890.93000000,79890.93000000,79890.93000000,0.00000000
1788663360000,79890.93000000,79890.93000000,79890.93000000,79890.93000000,0.00000000
1788663420000,79888.83000000,79888.83000000,79888.83000000,79888.83000000,0.00009000
1788663480000,79888.83000000,79888.83000000,79888.83000000,79888.83000000,0.00000000
1788663540000,79888.83000000,79888.83000000,79888.83000000,79888.83000000,0.00000000
1788663600000,79888.83000000,79888.83000000,79888.83000000,79888.83000000,0.00000000
1788663660000,79903.74000000,79903.74000000,79902.78000000,79902.78000000,0.01264000
1788663720000,79902.78000000,79902.78000000,79902.78000000,79902.78000000,0.00000000
1788663780000,79902.78000000,79902.78000000,79902.78000000,79902.78000000,0.00000000
1788663840000,79916.73000000,79917.00000000,79916.73000000,79917.00000000,0.00624000
1788663900000,79919.95000000,79923.55000000,79919.95000000,79923.55000000,0.02627000
1788663960000,79923.55000000,79923.55000000,79923.55000000,79923.55000000,0.00127000
1788664020000,79923.55000000,79923.55000000,79923.55000000,79923.55000000,0.00035000
1788664080000,79923.80000000,79923.80000000,79923.80000000,79923.80000000,0.00002000
1788664140000,79923.79000000,79923.79000000,79923.79000000,79923.79000000,0.00010000
1788664200000,79923.79000000,79923.79000000,79923.79000000,79923.79000000,0.00000000
1788664260000,79923.79000000,79923.79000000,79923.79000000,79923.79000000,0.00000000
1788664320000,79918.51000000,79918.51000000,79918.51000000,79918.51000000,0.00125000
1788664380000,79914.01000000,79914.01000000,79914.01000000,79914.01000000,0.00125000
1788664440000,79940.13000000,79940.13000000,79940.13000000,79940.13000000,0.00125000
1788664500000,79940.13000000,79940.13000000,79940.13000000,79940.13000000,0.00000000
1788664560000,79954.46000000,79954.46000000,79954.46000000,79954.46000000,0.00062000
1788664620000,79956.50000000,79956.50000000,79956.50000000,79956.50000000,0.00004000
1788664680000,79956.50000000,79956.50000000,79956.50000000,79956.50000000,0.00000000
1788664740000,79956.50000000,79956.50000000,79956.50000000,79956.50000000,0.00000000
1788664800000,79956.50000000,79956.50000000,79956.50000000,79956.50000000,0.00000000
1788664860000,79943.10000000,79943.10000000,79943.10000000,79943.10000000,0.00321000
1788664920000,79943.10000000,79943.10000000,79943.10000000,79943.10000000,0.00000000
1788664980000,79943.10000000,79943.10000000,79943.10000000,79943.10000000,0.00000000
1788665040000,79936.98000000,79936.98000000,79936.98000000,79936.98000000,0.00006000
1788665100000,79970.21000000,79970.21000000,79932.87000000,79939.27000000,0.00644000
1788665160000,79942.25000000,79942.25000000,79942.25000000,79942.25000000,0.00010000
1788665220000,79942.25000000,79942.25000000,79942.25000000,79942.25000000,0.00000000
1788665280000,79942.25000000,79942.25000000,79942.25000000,79942.25000000,0.00000000
1788665340000,79891.87000000,79900.06000000,79891.87000000,79900.06000000,0.00481000
1788665400000,79900.06000000,79900.06000000,79900.06000000,79900.06000000,0.00000000
1788665460000,79942.25000000,79942.25000000,79942.25000000,79942.25000000,0.00025000
1788665520000,79942.25000000,79942.25000000,79942.25000000,79942.25000000,0.00000000
1788665580000,79942.25000000,79942.25000000,79942.24000000,79942.25000000,0.08938000
1788665640000,79942.25000000,79942.25000000,79942.25000000,79942.25000000,0.17865000
1788665700000,79942.25000000,79942.25000000,79942.25000000,79942.25000000,0.16216000
1788665760000,79942.25000000,79942.25000000,79942.25000000,79942.25000000,0.10206000
1788665820000,79942.25000000,79999.10000000,79942.25000000,79989.02000000,1.53220000
1788665880000,79989.02000000,79989.02000000,79989.02000000,79989.02000000,0.00000000
1788665940000,79989.03000000,80002.82000000,79989.03000000,80002.82000000,0.00566000
1788666000000,80002.82000000,80020.29000000,80002.82000000,80020.29000000,0.00710000
1788666060000,80007.29000000,80034.22000000,80007.29000000,80023.14000000,0.02512000
1788666120000,80023.16000000,80023.16000000,80023.16000000,80023.16000000,0.00009000
1788666180000,80055.83000000,80090.76000000,80053.32000000,80090.76000000,0.04298000
1788666240000,80103.50000000,80103.50000000,80103.50000000,80103.50000000,0.02499000
1788666300000,80102.76000000,80102.76000000,80102.76000000,80102.76000000,0.00013000
1788666360000,80094.21000000,80094.21000000,80064.12000000,80064.12000000,0.05676000
1788666420000,80057.41000000,80057.77000000,80031.12000000,80037.48000000,0.02774000
1788666480000,80021.22000000,80021.22000000,80021.22000000,80021.22000000,0.02046000
1788666540000,80008.76000000,80008.96000000,80005.43000000,80008.96000000,0.01078000
1788666600000,80007.40000000,80007.40000000,80007.40000000,80007.40000000,0.00025000
1788666660000,80007.40000000,80007.40000000,80007.40000000,80007.40000000,0.00000000
1788666720000,80031.67000000,80031.67000000,80031.67000000,80031.67000000,0.00367000
1788666780000,80064.17000000,80064.17000000,80052.49000000,80052.49000000,0.02702000
1788666840000,80052.40000000,80052.40000000,80052.40000000,80052.40000000,0.00002000
1788666900000,80052.40000000,80052.40000000,80052.40000000,80052.40000000,0.00000000
1788666960000,80054.50000000,80054.51000000,80054.50000000,80054.51000000,0.00049000
1788667020000,80053.96000000,80053.96000000,80029.01000000,80029.01000000,0.00080000
1788667080000,80029.01000000,80029.01000000,80029.01000000,80029.01000000,0.00000000
1788667140000,80038.54000000,80038.54000000,80035.94000000,80035.94000000,0.00908000
1788667200000,80024.00000000,80024.00000000,80009.82000000,80021.38000000,0.25013000
1788667260000,80024.40000000,80024.40000000,80024.40000000,80024.40000000,0.00006000
1788667320000,80013.16000000,80013.16000000,80008.31000000,80008.31000000,0.01378000
1788667380000,79995.68000000,79995.68000000,79995.68000000,79995.68000000,0.00012000
1788667440000,79995.68000000,79995.68000000,79995.68000000,79995.68000000,0.00000000
1788667500000,79995.60000000,79995.60000000,79995.60000000,79995.60000000,0.00018000
1788667560000,79995.60000000,79995.60000000,79995.60000000,79995.60000000,0.00000000
1788667620000,79995.60000000,79995.60000000,79995.60000000,79995.60000000,0.00000000
1788667680000,79995.60000000,79995.60000000,79995.60000000,79995.60000000,0.00000000
1788667740000,79995.60000000,79995.60000000,79995.60000000,79995.60000000,0.00000000
1788667800000,79954.49000000,79954.49000000,79954.49000000,79954.49000000,0.00010000
1788667860000,79954.49000000,79954.49000000,79954.49000000,79954.49000000,0.00000000
1788667920000,79954.49000000,79954.49000000,79954.49000000,79954.49000000,0.00000000
1788667980000,79995.59000000,79995.59000000,79973.72000000,79973.72000000,0.01954000
1788668040000,79962.62000000,79967.18000000,79962.62000000,79967.18000000,0.00020000
1788668100000,79986.96000000,79986.96000000,79986.96000000,79986.96000000,0.00081000
1788668160000,79986.96000000,79986.96000000,79986.96000000,79986.96000000,0.00000000
1788668220000,79986.96000000,79986.96000000,79986.96000000,79986.96000000,0.00000000
1788668280000,79986.96000000,79986.96000000,79986.96000000,79986.96000000,0.00000000
1788668340000,79986.96000000,79986.96000000,79986.96000000,79986.96000000,0.00000000
1788668400000,79986.96000000,79986.96000000,79986.96000000,79986.96000000,0.00000000
1788668460000,79986.96000000,79986.96000000,79986.96000000,79986.96000000,0.00000000
1788668520000,79986.96000000,79986.96000000,79986.96000000,79986.96000000,0.00000000
1788668580000,79919.34000000,79919.34000000,79919.34000000,79919.34000000,0.00127000
1788668640000,79919.34000000,79919.34000000,79919.34000000,79919.34000000,0.00000000
1788668700000,79919.34000000,79919.34000000,79919.34000000,79919.34000000,0.00000000
1788668760000,79919.34000000,79919.34000000,79919.34000000,79919.34000000,0.00000000
1788668820000,79919.34000000,79919.34000000,79919.34000000,79919.34000000,0.00000000
1788668880000,79919.93000000,79919.93000000,79919.93000000,79919.93000000,0.00003000
1788668940000,79919.93000000,79919.93000000,79919.93000000,79919.93000000,0.00000000
1788669000000,79919.93000000,79919.93000000,79919.93000000,79919.93000000,0.00000000
1788669060000,79919.93000000,79919.93000000,79919.93000000,79919.93000000,0.00000000
1788669120000,79919.93000000,79919.93000000,79919.93000000,79919.93000000,0.00000000
1788669180000,79919.93000000,79919.93000000,79919.93000000,79919.93000000,0.00000000
1788669240000,79919.93000000,79919.93000000,79919.93000000,79919.93000000,0.00000000
1788669300000,79919.93000000,79919.93000000,79919.93000000,79919.93000000,0.00000000
1788669360000,79919.93000000,79919.93000000,79919.93000000,79919.93000000,0.00000000
1788669420000,79919.93000000,79919.93000000,79919.93000000,79919.93000000,0.00000000
1788669480000,79919.93000000,79919.93000000,79919.93000000,79919.93000000,0.00000000
1788669540000,79919.93000000,79919.93000000,79919.93000000,79919.93000000,0.00000000
1788669600000,79919.93000000,79919.93000000,79919.93000000,79919.93000000,0.00000000
1788669660000,79919.93000000,79919.93000000,79919.93000000,79919.93000000,0.00000000
1788669720000,79919.93000000,79919.93000000,79919.93000000,79919.93000000,0.00000000
1788669780000,79942.01000000,79942.01000000,79928.26000000,79928.26000000,0.00103000
1788669840000,79928.26000000,79928.26000000,79928.26000000,79928.26000000,0.00000000
1788669900000,79928.26000000,79928.26000000,79928.26000000,79928.26000000,0.00000000
1788669960000,79928.26000000,79928.26000000,79928.26000000,79928.26000000,0.00000000
1788670020000,79951.17000000,79951.17000000,79951.17000000,79951.17000000,0.00010000
1788670080000,79951.17000000,79951.17000000,79951.17000000,79951.17000000,0.00000000
1788670140000,79913.27000000,79914.99000000,79913.27000000,79914.99000000,0.00529000
1788670200000,79914.99000000,79914.99000000,79914.99000000,79914.99000000,0.00000000
1788670260000,79914.98000000,79914.98000000,79914.98000000,79914.98000000,0.00010000
1788670320000,79914.98000000,79914.98000000,79914.98000000,79914.98000000,0.00000000
1788670380000,79914.98000000,79914.98000000,79914.98000000,79914.98000000,0.00000000
1788670440000,79889.11000000,79889.12000000,79861.91000000,79877.22000000,0.03800000
1788670500000,79919.27000000,79919.27000000,79919.27000000,79919.27000000,0.00010000
1788670560000,79919.27000000,79919.27000000,79919.27000000,79919.27000000,0.00000000
1788670620000,79861.02000000,79868.88000000,79861.02000000,79868.88000000,0.00252000
1788670680000,79868.88000000,79868.88000000,79868.88000000,79868.88000000,0.00000000
1788670740000,79868.88000000,79868.88000000,79868.88000000,79868.88000000,0.00000000
1788670800000,79868.88000000,79868.88000000,79868.88000000,79868.88000000,0.00000000
1788670860000,79894.35000000,79894.35000000,79875.72000000,79890.37000000,0.00647000
1788670920000,79890.37000000,79890.37000000,79890.37000000,79890.37000000,0.00006000
1788670980000,79908.83000000,79908.83000000,79890.34000000,79890.34000000,0.00059000
1788671040000,79908.65000000,79908.65000000,79899.75000000,79899.75000000,0.00652000
1788671100000,79853.02000000,79855.55000000,79853.02000000,79855.55000000,0.00125000
1788671160000,79866.73000000,79866.74000000,79866.73000000,79866.74000000,0.00274000
1788671220000,79866.74000000,79866.74000000,79866.74000000,79866.74000000,0.00000000
1788671280000,79866.74000000,79870.73000000,79866.74000000,79870.73000000,0.00019000
1788671340000,79870.73000000,79870.73000000,79870.73000000,79870.73000000,0.00000000
1788671400000,79872.35000000,79872.35000000,79866.74000000,79866.74000000,0.00048000
1788671460000,79866.74000000,79866.74000000,79866.74000000,79866.74000000,0.00000000
1788671520000,79837.32000000,79837.32000000,79810.27000000,79818.23000000,0.00187000
1788671580000,79818.22000000,79818.22000000,79814.23000000,79814.23000000,0.00080000
1788671640000,79809.71000000,79810.89000000,79809.71000000,79810.89000000,0.00014000
1788671700000,79815.55000000,79815.55000000,79814.78000000,79814.78000000,0.00017000
1788671760000,79814.78000000,79814.78000000,79814.78000000,79814.78000000,0.00000000
1788671820000,79814.78000000,79814.78000000,79814.78000000,79814.78000000,0.00000000
1788671880000,79814.78000000,79814.78000000,79814.78000000,79814.78000000,0.00000000
1788671940000,79809.18000000,79809.18000000,79786.61000000,79786.61000000,0.07498000
1788672000000,79790.35000000,79824.86000000,79790.35000000,79824.86000000,0.00147000
1788672060000,79834.16000000,79846.26000000,79834.16000000,79846.26000000,0.02505000
1788672120000,79836.04000000,79836.04000000,79836.04000000,79836.04000000,0.00005000
1788672180000,79849.66000000,79849.66000000,79849.66000000,79849.66000000,0.00024000
1788672240000,79849.66000000,79849.66000000,79849.66000000,79849.66000000,0.00000000
1788672300000,79853.66000000,79853.66000000,79853.66000000,79853.66000000,0.00061000
1788672360000,79853.66000000,79853.66000000,79853.66000000,79853.66000000,0.00000000
1788672420000,79853.66000000,79853.66000000,79853.66000000,79853.66000000,0.00000000
1788672480000,79853.66000000,79853.66000000,79853.66000000,79853.66000000,0.00000000
1788672540000,79853.66000000,79853.66000000,79853.66000000,79853.66000000,0.00000000
1788672600000,79849.20000000,79849.21000000,79849.20000000,79849.21000000,0.02648000
1788672660000,79849.21000000,79849.21000000,79849.21000000,79849.21000000,0.00000000
1788672720000,79849.21000000,79849.21000000,79849.21000000,79849.21000000,0.00000000
1788672780000,79867.70000000,79867.70000000,79864.59000000,79864.59000000,0.00754000
1788672840000,79864.59000000,79864.59000000,79864.59000000,79864.59000000,0.00000000
1788672900000,79969.82000000,79974.24000000,79964.52000000,79964.52000000,0.05006000
1788672960000,79990.25000000,79990.25000000,79974.58000000,79974.58000000,0.03030000
1788673020000,79974.58000000,79974.58000000,79974.58000000,79974.58000000,0.00000000
1788673080000,79974.58000000,79974.58000000,79974.58000000,79974.58000000,0.00000000
1788673140000,79990.25000000,80082.51000000,79990.25000000,80082.51000000,0.07737000
1788673200000,80103.50000000,80103.50000000,80067.59000000,80067.60000000,0.00405000
1788673260000,80086.45000000,80086.45000000,80086.45000000,80086.45000000,0.00012000
1788673320000,80089.20000000,80089.20000000,80067.61000000,80067.61000000,0.00684000
1788673380000,80042.70000000,80042.70000000,80036.11000000,80036.13000000,0.00285000
1788673440000,80036.13000000,80036.13000000,80036.13000000,80036.13000000,0.00000000
1788673500000,80036.13000000,80036.13000000,80036.13000000,80036.13000000,0.00000000
1788673560000,80036.13000000,80036.13000000,80036.13000000,80036.13000000,0.00000000
1788673620000,80017.09000000,80017.09000000,80017.09000000,80017.09000000,0.00031000
1788673680000,80017.09000000,80017.09000000,80017.09000000,80017.09000000,0.00000000
1788673740000,80017.09000000,80017.09000000,80017.09000000,80017.09000000,0.00000000
1788673800000,79996.89000000,79996.89000000,79996.89000000,79996.89000000,0.00013000
1788673860000,79996.89000000,79996.89000000,79996.89000000,79996.89000000,0.00000000
1788673920000,80000.58000000,80000.58000000,80000.58000000,80000.58000000,0.00006000
1788673980000,79996.09000000,79996.09000000,79996.09000000,79996.09000000,0.00134000
1788674040000,79996.09000000,79996.09000000,79984.47000000,79986.23000000,0.00081000
1788674100000,79986.23000000,79986.23000000,79986.23000000,79986.23000000,0.00003000
1788674160000,79986.23000000,79986.23000000,79986.23000000,79986.23000000,0.00000000
1788674220000,79986.23000000,79986.23000000,79986.23000000,79986.23000000,0.00000000
1788674280000,79986.23000000,79986.23000000,79986.23000000,79986.23000000,0.00000000
1788674340000,79956.65000000,79956.65000000,79956.65000000,79956.65000000,0.00031000
1788674400000,79980.47000000,79980.47000000,79953.60000000,79955.68000000,0.00094000
1788674460000,79955.68000000,79955.68000000,79955.68000000,79955.68000000,0.00000000
1788674520000,79955.68000000,79955.68000000,79955.68000000,79955.68000000,0.00000000
1788674580000,79955.68000000,79955.68000000,79955.68000000,79955.68000000,0.00000000
1788674640000,79959.88000000,79959.88000000,79959.88000000,79959.88000000,0.00013000
1788674700000,79959.87000000,79959.87000000,79959.87000000,79959.87000000,0.00026000
1788674760000,79954.86000000,79954.86000000,79944.02000000,79944.02000000,0.00051000
1788674820000,79940.04000000,79940.04000000,79940.04000000,79940.04000000,0.00049000
1788674880000,79940.04000000,79940.04000000,79940.04000000,79940.04000000,0.00042000
1788674940000,79940.04000000,79940.05000000,79940.04000000,79940.04000000,0.00025000
1788675000000,79940.04000000,79940.04000000,79940.04000000,79940.04000000,0.00029000
1788675060000,79931.67000000,79953.44000000,79931.67000000,79953.44000000,0.00043000
1788675120000,79953.44000000,79981.55000000,79953.44000000,79981.55000000,0.00484000
1788675180000,79960.26000000,79960.26000000,79940.44000000,79940.44000000,0.00041000
1788675240000,79940.44000000,79940.44000000,79931.68000000,79931.68000000,0.00033000
1788675300000,79931.68000000,79931.68000000,79931.68000000,79931.68000000,0.00035000
1788675360000,79931.68000000,79931.68000000,79922.99000000,79922.99000000,0.00036000
1788675420000,79920.07000000,79920.07000000,79915.31000000,79915.31000000,0.00033000
1788675480000,79906.58000000,79906.58000000,79889.45000000,79889.45000000,0.00033000
1788675540000,79889.45000000,79889.46000000,79889.45000000,79889.46000000,0.00389000
1788675600000,79907.77000000,79907.77000000,79907.77000000,79907.77000000,0.00034000
1788675660000,79907.77000000,79907.77000000,79907.77000000,79907.77000000,0.00032000
1788675720000,79905.20000000,79905.20000000,79872.64000000,79872.64000000,0.00076000
1788675780000,79872.64000000,79872.64000000,79872.64000000,79872.64000000,0.00022000
1788675840000,79872.64000000,79872.64000000,79829.94000000,79851.75000000,0.05175000
1788675900000,79851.70000000,79851.70000000,79831.39000000,79835.40000000,0.04418000
1788675960000,79835.40000000,79844.59000000,79835.40000000,79844.59000000,0.06834000
1788676020000,79851.71000000,79851.71000000,79832.99000000,79845.91000000,0.09779000
1788676080000,79845.91000000,79848.04000000,79844.00000000,79848.04000000,0.04736000
1788676140000,79848.83000000,79848.84000000,79844.29000000,79846.34000000,0.06275000
1788676200000,79831.40000000,79831.40000000,79831.40000000,79831.40000000,0.02505000
1788676260000,79831.40000000,79831.40000000,79831.40000000,79831.40000000,0.00000000
1788676320000,79831.40000000,79831.40000000,79831.40000000,79831.40000000,0.00000000
1788676380000,79831.40000000,79831.40000000,79831.40000000,79831.40000000,0.00000000
1788676440000,79844.09000000,79844.09000000,79844.09000000,79844.09000000,0.00025000
1788676500000,79844.27000000,79844.27000000,79844.27000000,79844.27000000,0.00010000
1788676560000,79844.27000000,79844.27000000,79844.27000000,79844.27000000,0.00000000
1788676620000,79844.27000000,79844.27000000,79844.27000000,79844.27000000,0.00000000
1788676680000,79844.27000000,79844.27000000,79844.27000000,79844.27000000,0.00000000
1788676740000,79844.27000000,79844.27000000,79844.27000000,79844.27000000,0.00000000
1788676800000,79831.39000000,79831.39000000,79827.40000000,79827.40000000,0.00056000
1788676860000,79808.03000000,79808.03000000,79808.03000000,79808.03000000,0.00649000
1788676920000,79769.57000000,79801.67000000,79769.57000000,79801.67000000,0.00743000
1788676980000,79801.99000000,79802.01000000,79801.99000000,79802.01000000,0.04203000
1788677040000,79802.01000000,79802.01000000,79802.01000000,79802.01000000,0.00000000
1788677100000,79831.38000000,79831.38000000,79827.39000000,79827.39000000,0.00659000
1788677160000,79802.01000000,79802.01000000,79798.01000000,79798.01000000,0.15129000
1788677220000,79798.01000000,79798.01000000,79798.01000000,79798.01000000,0.00000000
1788677280000,79790.99000000,79790.99000000,79726.21000000,79726.21000000,0.15770000
1788677340000,79726.21000000,79726.21000000,79726.21000000,79726.21000000,0.00000000
1788677400000,79755.94000000,79755.94000000,79755.94000000,79755.94000000,0.00017000
1788677460000,79769.98000000,79769.98000000,79769.98000000,79769.98000000,0.00062000
1788677520000,79769.98000000,79769.98000000,79769.98000000,79769.98000000,0.00000000
1788677580000,79769.98000000,79769.98000000,79769.98000000,79769.98000000,0.00000000
1788677640000,79773.95000000,79782.15000000,79773.95000000,79782.15000000,0.02507000
1788677700000,79796.87000000,79796.87000000,79796.87000000,79796.87000000,0.00009000
1788677760000,79796.87000000,79796.87000000,79796.87000000,79796.87000000,0.00000000
1788677820000,79796.87000000,79796.87000000,79796.87000000,79796.87000000,0.00000000
1788677880000,79796.87000000,79796.87000000,79796.87000000,79796.87000000,0.00000000
1788677940000,79759.17000000,79759.17000000,79759.17000000,79759.17000000,0.00009000
1788678000000,79794.19000000,79794.19000000,79794.19000000,79794.19000000,0.00060000
1788678060000,79794.19000000,79794.19000000,79794.19000000,79794.19000000,0.00187000
1788678120000,79805.20000000,79805.20000000,79805.20000000,79805.20000000,0.00014000
1788678180000,79805.20000000,79805.20000000,79805.20000000,79805.20000000,0.00000000
1788678240000,79805.20000000,79805.20000000,79805.20000000,79805.20000000,0.00004000
1788678300000,79805.20000000,79805.20000000,79805.20000000,79805.20000000,0.00000000
1788678360000,79805.20000000,79805.20000000,79805.20000000,79805.20000000,0.00032000
1788678420000,79805.20000000,79805.20000000,79805.20000000,79805.20000000,0.00000000
1788678480000,79805.19000000,79805.19000000,79744.96000000,79779.84000000,0.00802000
1788678540000,79757.31000000,79757.31000000,79757.31000000,79757.31000000,0.00160000
1788678600000,79757.31000000,79757.31000000,79757.31000000,79757.31000000,0.00000000
1788678660000,79765.91000000,79771.06000000,79729.38000000,79729.38000000,0.09125000
1788678720000,79708.05000000,79708.05000000,79708.05000000,79708.05000000,0.00002000
1788678780000,79700.00000000,79700.00000000,79578.23000000,79668.03000000,0.04745000
1788678840000,79650.99000000,79650.99000000,79650.99000000,79650.99000000,0.00004000
1788678900000,79675.24000000,79708.05000000,79675.24000000,79708.05000000,0.00676000
1788678960000,79708.05000000,79708.05000000,79708.05000000,79708.05000000,0.00000000
1788679020000,79708.05000000,79708.05000000,79708.05000000,79708.05000000,0.00000000
1788679080000,79802.32000000,79802.32000000,79802.32000000,79802.32000000,0.00442000
1788679140000,79798.16000000,79798.16000000,79798.16000000,79798.16000000,0.00153000
1788679200000,79798.16000000,79798.16000000,79798.16000000,79798.16000000,0.00000000
1788679260000,79806.32000000,79806.32000000,79806.32000000,79806.32000000,0.00148000
1788679320000,79806.32000000,79806.32000000,79806.32000000,79806.32000000,0.00000000
1788679380000,79845.08000000,79845.08000000,79845.08000000,79845.08000000,0.00034000
1788679440000,79836.12000000,79836.12000000,79835.43000000,79835.43000000,0.00640000
1788679500000,79835.43000000,79835.43000000,79835.43000000,79835.43000000,0.00000000
1788679560000,79811.76000000,79812.67000000,79810.53000000,79810.53000000,0.02973000
1788679620000,79810.53000000,79810.53000000,79810.53000000,79810.53000000,0.00000000
1788679680000,79810.53000000,79810.53000000,79810.53000000,79810.53000000,0.00000000
1788679740000,79810.53000000,79810.53000000,79810.53000000,79810.53000000,0.00000000
1788679800000,79820.22000000,79828.65000000,79820.22000000,79828.65000000,0.00125000
1788679860000,79828.65000000,79828.65000000,79828.65000000,79828.65000000,0.00000000
1788679920000,79828.65000000,79828.65000000,79828.65000000,79828.65000000,0.00000000
1788679980000,79828.65000000,79828.65000000,79828.65000000,79828.65000000,0.00000000
1788680040000,79829.01000000,79829.01000000,79817.18000000,79817.18000000,0.02133000
1788680100000,79817.18000000,79817.18000000,79817.18000000,79817.18000000,0.00000000
1788680160000,79789.93000000,79789.93000000,79789.93000000,79789.93000000,0.00006000
1788680220000,79789.93000000,79789.93000000,79789.93000000,79789.93000000,0.00000000
1788680280000,79801.85000000,79801.85000000,79801.85000000,79801.85000000,0.00006000
1788680340000,79801.85000000,79801.85000000,79801.85000000,79801.85000000,0.00000000
1788680400000,79801.85000000,79801.85000000,79801.85000000,79801.85000000,0.00000000
1788680460000,79831.50000000,79831.50000000,79831.50000000,79831.50000000,0.00548000
1788680520000,79843.45000000,79851.77000000,79843.45000000,79851.77000000,0.00014000
1788680580000,79846.78000000,79846.78000000,79846.78000000,79846.78000000,0.00006000
1788680640000,79846.78000000,79846.78000000,79846.78000000,79846.78000000,0.00000000
1788680700000,79823.42000000,79823.42000000,79823.42000000,79823.42000000,0.00002000
1788680760000,79823.42000000,79823.42000000,79823.42000000,79823.42000000,0.00000000
1788680820000,79823.42000000,79823.42000000,79823.42000000,79823.42000000,0.00000000
1788680880000,79823.42000000,79823.42000000,79823.42000000,79823.42000000,0.00000000
1788680940000,79839.95000000,79839.95000000,79839.95000000,79839.95000000,0.00038000
1788681000000,79839.95000000,79839.95000000,79839.95000000,79839.95000000,0.00000000
1788681060000,79839.95000000,79839.95000000,79839.95000000,79839.95000000,0.00000000
1788681120000,79812.18000000,79813.79000000,79812.18000000,79813.79000000,0.00138000
1788681180000,79816.15000000,79816.15000000,79816.15000000,79816.15000000,0.00021000
1788681240000,79816.15000000,79816.15000000,79816.15000000,79816.15000000,0.00000000
1788681300000,79816.15000000,79816.15000000,79816.15000000,79816.15000000,0.00000000
1788681360000,79825.22000000,79837.25000000,79825.22000000,79837.25000000,0.00134000
1788681420000,79851.76000000,79851.76000000,79851.76000000,79851.76000000,0.00009000
1788681480000,79823.30000000,79823.30000000,79823.30000000,79823.30000000,0.00069000
1788681540000,79823.30000000,79823.30000000,79823.30000000,79823.30000000,0.00000000
1788681600000,79823.30000000,79823.30000000,79823.30000000,79823.30000000,0.00000000
1788681660000,79823.30000000,79823.30000000,79823.30000000,79823.30000000,0.00000000
1788681720000,79803.41000000,79809.12000000,79803.41000000,79809.12000000,0.00012000
1788681780000,79809.12000000,79809.12000000,79809.12000000,79809.12000000,0.00000000
1788681840000,79809.12000000,79809.12000000,79809.12000000,79809.12000000,0.00000000
1788681900000,79851.76000000,79851.76000000,79851.76000000,79851.76000000,0.00009000
1788681960000,79821.81000000,79847.22000000,79821.81000000,79847.22000000,0.00021000
1788682020000,79847.22000000,79847.22000000,79847.22000000,79847.22000000,0.00000000
1788682080000,79847.22000000,79847.22000000,79847.22000000,79847.22000000,0.00000000
1788682140000,79851.77000000,79882.70000000,79851.77000000,79879.42000000,0.02508000
1788682200000,79862.32000000,79862.32000000,79862.32000000,79862.32000000,0.00009000
1788682260000,79892.07000000,79892.07000000,79892.07000000,79892.07000000,0.00009000
1788682320000,79892.07000000,79892.07000000,79892.07000000,79892.07000000,0.00000000
1788682380000,79854.18000000,79854.18000000,79854.18000000,79854.18000000,0.00009000
1788682440000,79854.18000000,79854.18000000,79854.18000000,79854.18000000,0.00000000
1788682500000,79854.18000000,79854.18000000,79854.18000000,79854.18000000,0.00000000
1788682560000,79880.63000000,79880.63000000,79880.63000000,79880.63000000,0.00009000
1788682620000,79880.63000000,79880.63000000,79880.63000000,79880.63000000,0.00000000
1788682680000,79880.63000000,79880.63000000,79880.63000000,79880.63000000,0.00000000
1788682740000,79880.63000000,79880.63000000,79880.63000000,79880.63000000,0.00000000
1788682800000,79880.63000000,79880.63000000,79880.63000000,79880.63000000,0.00000000
1788682860000,79880.63000000,79880.63000000,79880.63000000,79880.63000000,0.00000000
1788682920000,79880.63000000,79880.63000000,79880.63000000,79880.63000000,0.00000000
1788682980000,79880.63000000,79880.63000000,79880.63000000,79880.63000000,0.00000000
1788683040000,79880.63000000,79880.63000000,79880.63000000,79880.63000000,0.00000000
1788683100000,79880.63000000,79880.63000000,79880.63000000,79880.63000000,0.00000000
1788683160000,79880.63000000,79880.63000000,79880.63000000,79880.63000000,0.00000000
1788683220000,79880.63000000,79880.63000000,79880.63000000,79880.63000000,0.00000000
1788683280000,79880.63000000,79880.63000000,79880.63000000,79880.63000000,0.00000000
1788683340000,79800.20000000,79805.87000000,79800.20000000,79805.87000000,0.00079000
1788683400000,79805.87000000,79805.87000000,79805.87000000,79805.87000000,0.00000000
1788683460000,79805.87000000,79805.87000000,79805.87000000,79805.87000000,0.00000000
1788683520000,79805.87000000,79805.87000000,79805.87000000,79805.87000000,0.00000000
1788683580000,79805.87000000,79805.87000000,79805.87000000,79805.87000000,0.00000000
1788683640000,79805.87000000,79805.87000000,79805.87000000,79805.87000000,0.00000000
1788683700000,79815.72000000,79815.72000000,79815.72000000,79815.72000000,0.00009000
1788683760000,79815.72000000,79815.72000000,79815.72000000,79815.72000000,0.00000000
1788683820000,79791.06000000,79791.06000000,79791.06000000,79791.06000000,0.00086000
1788683880000,79791.06000000,79791.06000000,79791.06000000,79791.06000000,0.00000000
1788683940000,79791.06000000,79791.06000000,79791.06000000,79791.06000000,0.00000000
1788684000000,79791.06000000,79791.06000000,79791.06000000,79791.06000000,0.00000000
1788684060000,79791.06000000,79791.06000000,79791.06000000,79791.06000000,0.00000000
1788684120000,79791.06000000,79791.06000000,79791.06000000,79791.06000000,0.00000000
1788684180000,79791.06000000,79791.06000000,79791.06000000,79791.06000000,0.00000000
1788684240000,79791.06000000,79791.06000000,79791.06000000,79791.06000000,0.00000000
1788684300000,79764.63000000,79764.64000000,79764.63000000,79764.64000000,0.00020000
1788684360000,79764.64000000,79764.64000000,79764.64000000,79764.64000000,0.00000000
1788684420000,79764.64000000,79764.64000000,79764.64000000,79764.64000000,0.00000000
1788684480000,79764.64000000,79764.64000000,79764.64000000,79764.64000000,0.00000000
1788684540000,79781.42000000,79781.42000000,79768.56000000,79768.56000000,0.01589000
1788684600000,79768.56000000,79768.56000000,79768.56000000,79768.56000000,0.00000000
1788684660000,79768.58000000,79768.58000000,79768.58000000,79768.58000000,0.00009000
1788684720000,79802.39000000,79802.39000000,79802.39000000,79802.39000000,0.00062000
1788684780000,79832.80000000,79832.80000000,79830.90000000,79830.90000000,0.00027000
1788684840000,79830.90000000,79830.90000000,79830.90000000,79830.90000000,0.00000000
1788684900000,79859.58000000,79859.58000000,79858.12000000,79858.13000000,0.00099000
1788684960000,79880.24000000,79880.24000000,79849.94000000,79852.04000000,0.00144000
1788685020000,79852.04000000,79852.04000000,79852.04000000,79852.04000000,0.00000000
1788685080000,79852.04000000,79852.04000000,79852.04000000,79852.04000000,0.00000000
1788685140000,79852.04000000,79852.04000000,79852.04000000,79852.04000000,0.00000000
1788685200000,79852.04000000,79852.04000000,79852.04000000,79852.04000000,0.00000000
1788685260000,79854.76000000,79854.76000000,79854.76000000,79854.76000000,0.00086000
1788685320000,79854.75000000,79854.75000000,79815.17000000,79815.17000000,0.00018000
1788685380000,79815.17000000,79815.17000000,79815.17000000,79815.17000000,0.00000000
1788685440000,79815.17000000,79815.17000000,79815.17000000,79815.17000000,0.00000000
1788685500000,79815.17000000,79815.17000000,79815.17000000,79815.17000000,0.00000000
1788685560000,79815.17000000,79815.17000000,79815.17000000,79815.17000000,0.00000000
1788685620000,79876.58000000,79876.58000000,79876.58000000,79876.58000000,0.00012000
1788685680000,79876.58000000,79876.58000000,79876.58000000,79876.58000000,0.00000000
1788685740000,79876.58000000,79876.58000000,79876.58000000,79876.58000000,0.00000000
1788685800000,79894.89000000,79912.38000000,79894.89000000,79912.38000000,0.02575000
1788685860000,79907.06000000,79907.06000000,79883.13000000,79883.13000000,0.00206000
1788685920000,79919.93000000,79921.67000000,79919.93000000,79921.67000000,0.02502000
1788685980000,79921.67000000,79921.67000000,79921.67000000,79921.67000000,0.00000000
1788686040000,79937.33000000,79937.33000000,79933.89000000,79933.89000000,0.02505000
1788686100000,79933.91000000,79933.91000000,79933.91000000,79933.91000000,0.00017000
1788686160000,79933.91000000,79933.91000000,79933.91000000,79933.91000000,0.00000000
1788686220000,79933.91000000,79933.91000000,79933.91000000,79933.91000000,0.00000000
1788686280000,79933.91000000,79933.91000000,79933.91000000,79933.91000000,0.00000000
1788686340000,79965.68000000,79965.68000000,79965.68000000,79965.68000000,0.00009000
1788686400000,79936.08000000,79936.09000000,79936.08000000,79936.09000000,0.00324000
1788686460000,79951.67000000,79951.67000000,79944.06000000,79944.06000000,0.00501000
1788686520000,79944.07000000,79976.50000000,79922.89000000,79946.55000000,0.00805000
1788686580000,79983.57000000,79983.57000000,79983.57000000,79983.57000000,0.00009000
1788686640000,79983.57000000,79983.57000000,79983.57000000,79983.57000000,0.00000000
1788686700000,79983.57000000,79983.57000000,79983.57000000,79983.57000000,0.00000000
1788686760000,79983.57000000,79983.57000000,79983.57000000,79983.57000000,0.00000000
1788686820000,79983.57000000,79983.57000000,79983.57000000,79983.57000000,0.00000000
1788686880000,79964.12000000,79998.11000000,79964.12000000,79991.90000000,0.02512000
1788686940000,79983.95000000,80005.25000000,79983.95000000,79999.84000000,0.09593000
1788687000000,79999.83000000,79999.83000000,79976.56000000,79981.39000000,0.10278000
1788687060000,79981.39000000,79981.39000000,79981.39000000,79981.39000000,0.00000000
1788687120000,79981.39000000,79981.39000000,79981.39000000,79981.39000000,0.00000000
1788687180000,79981.39000000,79981.39000000,79981.39000000,79981.39000000,0.00000000
1788687240000,79989.93000000,79989.93000000,79989.93000000,79989.93000000,0.00178000
1788687300000,79979.32000000,79979.32000000,79979.32000000,79979.32000000,0.00007000
1788687360000,79963.20000000,79963.20000000,79963.20000000,79963.20000000,0.00005000
1788687420000,79963.20000000,79963.20000000,79963.20000000,79963.20000000,0.00000000
1788687480000,79963.20000000,79963.20000000,79963.20000000,79963.20000000,0.00000000
1788687540000,79919.23000000,79919.23000000,79919.23000000,79919.23000000,0.00005000
1788687600000,79919.23000000,79919.23000000,79874.11000000,79874.11000000,0.01535000
1788687660000,79874.11000000,79874.11000000,79874.11000000,79874.11000000,0.00000000
1788687720000,79874.11000000,79874.11000000,79874.11000000,79874.11000000,0.00000000
1788687780000,79906.64000000,79906.64000000,79838.56000000,79838.56000000,0.00646000
1788687840000,79861.86000000,79861.86000000,79861.86000000,79861.86000000,0.00626000
1788687900000,79861.86000000,79861.86000000,79861.86000000,79861.86000000,0.00000000
1788687960000,79861.86000000,79861.86000000,79861.86000000,79861.86000000,0.00000000
1788688020000,79861.86000000,79861.86000000,79861.86000000,79861.86000000,0.00000000
1788688080000,79861.86000000,79861.86000000,79861.86000000,79861.86000000,0.00000000
1788688140000,79861.86000000,79861.86000000,79861.86000000,79861.86000000,0.00000000
1788688200000,79861.86000000,79861.86000000,79861.86000000,79861.86000000,0.00000000
1788688260000,79861.86000000,79861.86000000,79861.86000000,79861.86000000,0.00000000
1788688320000,79861.86000000,79861.86000000,79861.86000000,79861.86000000,0.00000000
1788688380000,79861.86000000,79861.86000000,79861.86000000,79861.86000000,0.00000000
1788688440000,79861.86000000,79861.86000000,79861.86000000,79861.86000000,0.00000000
1788688500000,79861.86000000,79861.86000000,79861.86000000,79861.86000000,0.00000000
1788688560000,79868.75000000,79868.75000000,79868.75000000,79868.75000000,0.00030000
1788688620000,79868.75000000,79868.75000000,79868.75000000,79868.75000000,0.00000000
1788688680000,79877.88000000,79884.32000000,79877.88000000,79884.32000000,0.05670000
1788688740000,79906.64000000,79906.64000000,79868.48000000,79868.48000000,0.00018000
1788688800000,79868.48000000,79868.48000000,79868.48000000,79868.48000000,0.00000000
1788688860000,79906.64000000,79906.64000000,79905.14000000,79905.14000000,0.00029000
1788688920000,79903.89000000,79906.65000000,79903.89000000,79906.65000000,0.00634000
1788688980000,79906.65000000,79906.65000000,79906.65000000,79906.65000000,0.00000000
1788689040000,79906.65000000,79906.65000000,79906.65000000,79906.65000000,0.00000000
1788689100000,79906.65000000,79906.65000000,79906.65000000,79906.65000000,0.00000000
1788689160000,79952.12000000,79952.12000000,79952.12000000,79952.12000000,0.00009000
1788689220000,79952.12000000,79952.12000000,79952.12000000,79952.12000000,0.00000000
1788689280000,79952.12000000,79952.12000000,79952.12000000,79952.12000000,0.00000000
1788689340000,79913.97000000,79924.72000000,79913.97000000,79924.72000000,0.00124000
1788689400000,79924.72000000,79924.72000000,79924.72000000,79924.72000000,0.00000000
1788689460000,79932.19000000,79932.19000000,79932.19000000,79932.19000000,0.00004000
1788689520000,79932.19000000,79932.19000000,79932.19000000,79932.19000000,0.00000000
1788689580000,79932.19000000,79932.19000000,79932.19000000,79932.19000000,0.00000000
1788689640000,79932.19000000,79932.19000000,79932.19000000,79932.19000000,0.00000000
1788689700000,79967.07000000,79967.07000000,79965.18000000,79965.18000000,0.04809000
1788689760000,79937.59000000,79943.05000000,79937.59000000,79943.05000000,0.00012000
1788689820000,79943.05000000,79943.05000000,79943.05000000,79943.05000000,0.00000000
1788689880000,79943.05000000,79943.05000000,79943.05000000,79943.05000000,0.00000000
1788689940000,79943.05000000,79943.05000000,79943.05000000,79943.05000000,0.00000000
1788690000000,79943.05000000,79943.05000000,79943.05000000,79943.05000000,0.00000000
1788690060000,79943.05000000,79943.05000000,79943.05000000,79943.05000000,0.00000000
1788690120000,79943.05000000,79943.05000000,79943.05000000,79943.05000000,0.00000000
1788690180000,79943.05000000,79943.05000000,79943.05000000,79943.05000000,0.00000000
1788690240000,79943.05000000,79943.05000000,79943.05000000,79943.05000000,0.00000000
1788690300000,79990.75000000,79990.75000000,79990.75000000,79990.75000000,0.00009000
1788690360000,79990.75000000,79990.75000000,79990.75000000,79990.75000000,0.00000000
1788690420000,79951.70000000,79951.70000000,79951.70000000,79951.70000000,0.00009000
1788690480000,79951.70000000,79951.70000000,79951.70000000,79951.70000000,0.00000000
1788690540000,79951.70000000,79951.70000000,79951.70000000,79951.70000000,0.00000000
1788690600000,79951.70000000,79951.70000000,79951.70000000,79951.70000000,0.00000000
1788690660000,79951.70000000,79951.70000000,79951.70000000,79951.70000000,0.00000000
1788690720000,79951.70000000,79951.70000000,79951.70000000,79951.70000000,0.00000000
1788690780000,79951.70000000,79951.70000000,79951.70000000,79951.70000000,0.00000000
1788690840000,79951.70000000,79951.70000000,79951.70000000,79951.70000000,0.00000000
1788690900000,79951.70000000,79951.70000000,79951.70000000,79951.70000000,0.00000000
1788690960000,79951.70000000,79951.70000000,79951.70000000,79951.70000000,0.00000000
1788691020000,79951.70000000,79951.70000000,79951.70000000,79951.70000000,0.00000000
1788691080000,79987.09000000,79987.09000000,79970.71000000,79970.71000000,0.00141000
1788691140000,79970.71000000,79970.71000000,79970.71000000,79970.71000000,0.00000000
1788691200000,79970.71000000,79970.71000000,79970.71000000,79970.71000000,0.00000000
1788691260000,79970.72000000,79991.01000000,79970.72000000,79991.01000000,0.00022000
1788691320000,80000.00000000,80000.00000000,79999.99000000,79999.99000000,0.03753000
1788691380000,79999.99000000,79999.99000000,79999.99000000,79999.99000000,0.00000000
1788691440000,79999.99000000,79999.99000000,79999.99000000,79999.99000000,0.00000000
1788691500000,79999.99000000,79999.99000000,79999.99000000,79999.99000000,0.00000000
1788691560000,79999.99000000,79999.99000000,79999.99000000,79999.99000000,0.00000000
1788691620000,79999.99000000,79999.99000000,79999.99000000,79999.99000000,0.00000000
1788691680000,79999.99000000,79999.99000000,79999.99000000,79999.99000000,0.00000000
1788691740000,79993.70000000,79993.70000000,79993.70000000,79993.70000000,0.00005000
1788691800000,79993.71000000,79997.15000000,79993.71000000,79997.14000000,0.00068000
1788691860000,79997.13000000,79997.13000000,79982.33000000,79982.33000000,0.00089000
1788691920000,79982.34000000,79982.34000000,79982.34000000,79982.34000000,0.00005000
1788691980000,79982.34000000,79982.34000000,79982.34000000,79982.34000000,0.00000000
1788692040000,79982.34000000,79982.34000000,79982.34000000,79982.34000000,0.00000000
1788692100000,79982.34000000,79982.34000000,79982.34000000,79982.34000000,0.00000000
1788692160000,80000.00000000,80020.73000000,80000.00000000,80000.84000000,0.01365000
1788692220000,79994.18000000,79994.18000000,79994.18000000,79994.18000000,0.00009000
1788692280000,79994.18000000,79994.18000000,79994.18000000,79994.18000000,0.00000000
1788692340000,79994.18000000,79994.18000000,79994.18000000,79994.18000000,0.00000000
1788692400000,80018.31000000,80018.31000000,80018.31000000,80018.31000000,0.01529000
1788692460000,80018.30000000,80018.30000000,79975.30000000,79975.30000000,0.00030000
1788692520000,79975.30000000,79975.30000000,79975.30000000,79975.30000000,0.00000000
1788692580000,79975.30000000,79975.30000000,79975.30000000,79975.30000000,0.00000000
1788692640000,80000.45000000,80000.45000000,80000.45000000,80000.45000000,0.00031000
1788692700000,80000.45000000,80000.45000000,80000.45000000,80000.45000000,0.00000000
1788692760000,80000.45000000,80000.45000000,80000.45000000,80000.45000000,0.00026000
1788692820000,80000.44000000,80000.44000000,80000.44000000,80000.44000000,0.00009000
1788692880000,79943.15000000,79943.15000000,79943.15000000,79943.15000000,0.00009000
1788692940000,79943.15000000,79943.15000000,79943.15000000,79943.15000000,0.00000000
1788693000000,79962.01000000,79962.01000000,79962.01000000,79962.01000000,0.00005000
1788693060000,79962.01000000,79962.01000000,79962.01000000,79962.01000000,0.00000000
1788693120000,79962.01000000,79962.01000000,79962.01000000,79962.01000000,0.00000000
1788693180000,79922.16000000,79926.16000000,79914.20000000,79926.16000000,0.07526000
1788693240000,79926.16000000,79926.16000000,79926.16000000,79926.16000000,0.00000000
1788693300000,79990.50000000,79990.50000000,79986.37000000,79986.37000000,0.00472000
1788693360000,79984.19000000,79984.19000000,79984.19000000,79984.19000000,0.00013000
1788693420000,79984.19000000,79984.19000000,79984.19000000,79984.19000000,0.00000000
1788693480000,79984.19000000,79984.19000000,79984.19000000,79984.19000000,0.00000000
1788693540000,79984.19000000,79984.19000000,79984.19000000,79984.19000000,0.00000000
1788693600000,79933.28000000,79934.27000000,79921.67000000,79921.67000000,0.03976000
1788693660000,79921.67000000,79921.67000000,79921.67000000,79921.67000000,0.00000000
1788693720000,79921.69000000,79921.69000000,79921.69000000,79921.69000000,0.00009000
1788693780000,79921.69000000,79921.69000000,79921.69000000,79921.69000000,0.00000000
1788693840000,79921.69000000,79921.69000000,79921.69000000,79921.69000000,0.00000000
1788693900000,79949.35000000,79949.35000000,79912.36000000,79912.54000000,0.00021000
1788693960000,79912.54000000,79912.54000000,79912.54000000,79912.54000000,0.00000000
1788694020000,79911.76000000,79913.06000000,79911.76000000,79913.06000000,0.04681000
1788694080000,79913.06000000,79913.06000000,79913.06000000,79913.06000000,0.00000000
1788694140000,79989.86000000,79989.86000000,79989.86000000,79989.86000000,0.00009000
1788694200000,79989.86000000,79989.86000000,79989.86000000,79989.86000000,0.00000000
1788694260000,79884.49000000,79906.46000000,79884.49000000,79906.46000000,0.00481000
1788694320000,79895.35000000,79895.35000000,79895.35000000,79895.35000000,0.00005000
1788694380000,79895.35000000,79895.35000000,79895.35000000,79895.35000000,0.00000000
1788694440000,79895.35000000,79895.35000000,79895.35000000,79895.35000000,0.00000000
1788694500000,79983.97000000,79983.97000000,79902.00000000,79902.00000000,0.01170000
1788694560000,79902.00000000,79906.50000000,79902.00000000,79904.13000000,0.00515000
1788694620000,79903.68000000,79910.57000000,79903.68000000,79910.57000000,0.00077000
1788694680000,79910.57000000,79910.57000000,79910.57000000,79910.57000000,0.00061000
1788694740000,79910.57000000,79910.57000000,79910.57000000,79910.57000000,0.00061000
1788694800000,79910.12000000,79910.47000000,79910.12000000,79910.47000000,0.00040000
1788694860000,79910.47000000,79919.91000000,79910.47000000,79919.91000000,0.00049000
1788694920000,79919.91000000,79923.91000000,79919.19000000,79919.19000000,0.00193000
1788694980000,79916.73000000,79943.06000000,79916.73000000,79943.06000000,0.00862000
1788695040000,79941.31000000,79942.66000000,79941.31000000,79942.66000000,0.00061000
1788695100000,79934.16000000,79940.53000000,79934.16000000,79940.53000000,0.00033000
1788695160000,79951.42000000,79958.06000000,79951.42000000,79958.06000000,0.00054000
1788695220000,79951.61000000,79955.25000000,79951.61000000,79955.25000000,0.00055000
1788695280000,79958.02000000,79958.02000000,79958.02000000,79958.02000000,0.00045000
1788695340000,79958.05000000,79966.05000000,79956.29000000,79959.04000000,0.00432000
1788695400000,79953.07000000,79957.05000000,79950.78000000,79950.78000000,0.00364000
1788695460000,79950.78000000,79950.78000000,79950.78000000,79950.78000000,0.00052000
1788695520000,79950.78000000,79950.78000000,79936.73000000,79936.73000000,0.00060000
1788695580000,79908.95000000,79916.45000000,79908.95000000,79916.45000000,0.00034000
1788695640000,79921.80000000,79921.80000000,79916.45000000,79916.45000000,0.00366000
1788695700000,79916.45000000,79916.45000000,79916.45000000,79916.45000000,0.00089000
1788695760000,79916.45000000,79921.80000000,79916.45000000,79916.45000000,0.00053000
1788695820000,79916.45000000,79916.45000000,79916.45000000,79916.45000000,0.00057000
1788695880000,79916.45000000,79919.19000000,79916.45000000,79916.45000000,0.02030000
1788695940000,79916.45000000,79916.45000000,79914.40000000,79914.40000000,0.00061000
1788696000000,79914.40000000,79914.40000000,79914.40000000,79914.40000000,0.00047000
1788696060000,79914.40000000,79919.15000000,79914.40000000,79914.40000000,0.00055000
1788696120000,79914.40000000,79917.41000000,79914.40000000,79917.41000000,0.00048000
1788696180000,79917.41000000,79917.41000000,79917.41000000,79917.41000000,0.00029000
1788696240000,79917.41000000,79917.41000000,79917.41000000,79917.41000000,0.00032000
1788696300000,79921.39000000,79921.39000000,79898.39000000,79898.39000000,0.00405000
1788696360000,79899.77000000,79899.77000000,79892.18000000,79892.18000000,0.00039000
1788696420000,79905.70000000,79914.60000000,79900.70000000,79908.47000000,0.09133000
1788696480000,79908.47000000,79910.66000000,79908.47000000,79910.66000000,0.00087000
1788696540000,79908.47000000,79908.47000000,79878.50000000,79893.95000000,0.25102000
1788696600000,79894.69000000,79894.69000000,79893.95000000,79893.95000000,0.00283000
1788696660000,79885.71000000,79885.71000000,79857.26000000,79862.35000000,0.00557000
1788696720000,79862.35000000,79865.16000000,79862.35000000,79863.13000000,0.00430000
1788696780000,79865.63000000,79879.81000000,79865.63000000,79874.70000000,0.00410000
1788696840000,79892.46000000,79942.31000000,79892.46000000,79922.37000000,0.02726000
1788696900000,79968.79000000,79972.44000000,79968.79000000,79972.44000000,0.00578000
1788696960000,79948.47000000,79948.47000000,79948.47000000,79948.47000000,0.00013000
1788697020000,79985.23000000,79985.25000000,79985.23000000,79985.25000000,0.00561000
1788697080000,79988.22000000,79988.22000000,79988.22000000,79988.22000000,0.00025000
1788697140000,79988.22000000,79988.22000000,79988.22000000,79988.22000000,0.00000000
1788697200000,79963.79000000,79963.79000000,79963.79000000,79963.79000000,0.00312000
1788697260000,79963.79000000,79963.79000000,79963.79000000,79963.79000000,0.00000000
1788697320000,79963.79000000,79963.79000000,79963.79000000,79963.79000000,0.00000000
1788697380000,79963.79000000,79963.79000000,79963.79000000,79963.79000000,0.00000000
1788697440000,79989.86000000,79989.86000000,79989.86000000,79989.86000000,0.00037000
1788697500000,79989.86000000,79989.86000000,79989.86000000,79989.86000000,0.00000000
1788697560000,79989.86000000,79989.86000000,79989.86000000,79989.86000000,0.00000000
1788697620000,79989.86000000,79989.86000000,79989.86000000,79989.86000000,0.00000000
1788697680000,79989.86000000,79989.86000000,79989.86000000,79989.86000000,0.00125000
1788697740000,79989.86000000,79989.86000000,79989.86000000,79989.86000000,0.00000000
1788697800000,79984.14000000,79984.14000000,79984.14000000,79984.14000000,0.00031000
1788697860000,79984.14000000,79984.14000000,79984.14000000,79984.14000000,0.00000000
1788697920000,79989.86000000,79989.86000000,79958.13000000,79958.13000000,0.16946000
1788697980000,79958.13000000,79958.13000000,79958.13000000,79958.13000000,0.00000000
1788698040000,79988.65000000,79988.65000000,79988.65000000,79988.65000000,0.00101000
1788698100000,79988.65000000,79988.65000000,79988.65000000,79988.65000000,0.00000000
1788698160000,79988.65000000,79988.65000000,79988.65000000,79988.65000000,0.00000000
1788698220000,79988.65000000,79988.65000000,79988.65000000,79988.65000000,0.00000000
1788698280000,79980.76000000,79980.76000000,79980.76000000,79980.76000000,0.00006000
1788698340000,79980.76000000,79980.76000000,79980.76000000,79980.76000000,0.00000000
1788698400000,79980.76000000,79980.76000000,79980.76000000,79980.76000000,0.00000000
1788698460000,79980.76000000,79980.76000000,79980.76000000,79980.76000000,0.00000000
1788698520000,79956.69000000,79956.69000000,79956.15000000,79956.15000000,0.00278000
1788698580000,79956.15000000,79956.15000000,79956.15000000,79956.15000000,0.00000000
1788698640000,79956.15000000,79956.15000000,79956.15000000,79956.15000000,0.00000000
1788698700000,79956.15000000,79956.15000000,79956.15000000,79956.15000000,0.00000000
1788698760000,79956.15000000,79956.15000000,79956.15000000,79956.15000000,0.00000000
1788698820000,79970.01000000,79970.01000000,79950.21000000,79950.21000000,0.00281000
1788698880000,79950.21000000,79950.21000000,79950.21000000,79950.21000000,0.00000000
1788698940000,79923.95000000,79923.95000000,79923.95000000,79923.95000000,0.00119000
1788699000000,79923.95000000,79923.95000000,79923.95000000,79923.95000000,0.00000000
1788699060000,79923.95000000,79923.95000000,79923.95000000,79923.95000000,0.00000000
1788699120000,79923.95000000,79923.95000000,79923.95000000,79923.95000000,0.00000000
1788699180000,79923.95000000,79923.95000000,79923.95000000,79923.95000000,0.00000000
1788699240000,79923.95000000,79923.95000000,79923.95000000,79923.95000000,0.00000000
1788699300000,79989.86000000,79989.86000000,79989.85000000,79989.85000000,0.00134000
1788699360000,79989.85000000,79989.85000000,79989.85000000,79989.85000000,0.00000000
1788699420000,79989.85000000,79989.85000000,79989.85000000,79989.85000000,0.00000000
1788699480000,79989.85000000,79989.85000000,79989.85000000,79989.85000000,0.00000000
1788699540000,79925.86000000,79942.61000000,79925.86000000,79942.61000000,0.00018000
1788699600000,79942.61000000,79942.61000000,79942.61000000,79942.61000000,0.00000000
1788699660000,79942.61000000,79942.61000000,79942.61000000,79942.61000000,0.00000000
1788699720000,79876.04000000,79881.16000000,79876.04000000,79881.16000000,0.00650000
1788699780000,79881.16000000,79881.16000000,79881.16000000,79881.16000000,0.00000000
1788699840000,79956.82000000,79956.82000000,79956.81000000,79956.81000000,0.00034000
1788699900000,79956.81000000,79956.81000000,79956.81000000,79956.81000000,0.00000000
1788699960000,79956.81000000,79956.81000000,79956.81000000,79956.81000000,0.00000000
1788700020000,79911.13000000,79911.13000000,79911.13000000,79911.13000000,0.00009000
1788700080000,79911.13000000,79911.13000000,79911.13000000,79911.13000000,0.00000000
1788700140000,79968.59000000,79968.59000000,79964.74000000,79964.74000000,0.05037000
1788700200000,79937.12000000,79937.12000000,79937.12000000,79937.12000000,0.00031000
1788700260000,79937.12000000,79937.12000000,79937.12000000,79937.12000000,0.00000000
1788700320000,79937.12000000,79937.12000000,79937.12000000,79937.12000000,0.00000000
1788700380000,79910.18000000,79910.18000000,79906.07000000,79906.07000000,0.00020000
1788700440000,79903.41000000,79909.98000000,79903.41000000,79909.98000000,0.13652000
1788700500000,79909.98000000,79909.98000000,79909.98000000,79909.98000000,0.00000000
1788700560000,79910.18000000,79910.18000000,79910.18000000,79910.18000000,0.15607000
1788700620000,79910.18000000,79910.18000000,79857.00000000,79857.00000000,1.74336000
1788700680000,79857.00000000,79857.00000000,79857.00000000,79857.00000000,0.00000000
1788700740000,79857.00000000,79857.00000000,79857.00000000,79857.00000000,0.00000000
1788700800000,79837.97000000,79837.97000000,79837.97000000,79837.97000000,0.00007000
1788700860000,79837.97000000,79837.97000000,79837.97000000,79837.97000000,0.00000000
1788700920000,79831.43000000,79831.43000000,79831.43000000,79831.43000000,0.00012000
1788700980000,79831.43000000,79831.43000000,79831.43000000,79831.43000000,0.00000000
1788701040000,79836.24000000,79836.24000000,79836.24000000,79836.24000000,0.00177000
1788701100000,79836.24000000,79836.24000000,79836.24000000,79836.24000000,0.00000000
1788701160000,79836.24000000,79836.24000000,79836.24000000,79836.24000000,0.00000000
1788701220000,79831.07000000,79831.95000000,79831.07000000,79831.95000000,0.00815000
1788701280000,79831.95000000,79831.95000000,79831.95000000,79831.95000000,0.00000000
1788701340000,79831.95000000,79831.95000000,79817.91000000,79817.91000000,0.13416000
1788701400000,79815.17000000,79815.17000000,79788.09000000,79788.09000000,0.12532000
1788701460000,79788.09000000,79788.09000000,79788.09000000,79788.09000000,0.00000000
1788701520000,79788.09000000,79788.09000000,79788.09000000,79788.09000000,0.00000000
1788701580000,79788.09000000,79788.09000000,79788.09000000,79788.09000000,0.00000000
1788701640000,79788.09000000,79788.09000000,79788.09000000,79788.09000000,0.02568000
1788701700000,79788.09000000,79788.09000000,79788.09000000,79788.09000000,0.00000000
1788701760000,79788.09000000,79788.09000000,79788.09000000,79788.09000000,0.00000000
1788701820000,79823.46000000,79823.46000000,79823.46000000,79823.46000000,0.00062000
1788701880000,79848.77000000,79852.77000000,79848.77000000,79852.77000000,0.00063000
1788701940000,79852.77000000,79855.31000000,79834.09000000,79834.09000000,0.04582000
1788702000000,79834.09000000,79834.09000000,79834.09000000,79834.09000000,0.00000000
1788702060000,79834.09000000,79834.09000000,79834.09000000,79834.09000000,0.00000000
1788702120000,79834.09000000,79834.09000000,79834.09000000,79834.09000000,0.00000000
1788702180000,79834.09000000,79834.09000000,79834.09000000,79834.09000000,0.00000000
1788702240000,79834.09000000,79834.09000000,79834.09000000,79834.09000000,0.00000000
1788702300000,79834.09000000,79834.09000000,79834.09000000,79834.09000000,0.00000000
1788702360000,79834.09000000,79834.09000000,79834.09000000,79834.09000000,0.00000000
1788702420000,79838.62000000,79838.62000000,79837.18000000,79837.18000000,0.02626000
1788702480000,79837.18000000,79837.18000000,79837.18000000,79837.18000000,0.00000000
1788702540000,79837.18000000,79837.18000000,79837.18000000,79837.18000000,0.00000000
1788702600000,79814.64000000,79814.64000000,79814.64000000,79814.64000000,0.00031000
1788702660000,79814.64000000,79814.64000000,79814.64000000,79814.64000000,0.02184000
1788702720000,79814.65000000,79824.90000000,79814.65000000,79824.90000000,0.00026000
1788702780000,79824.90000000,79824.90000000,79824.90000000,79824.90000000,0.00000000
1788702840000,79821.24000000,79821.24000000,79816.68000000,79816.68000000,0.00117000
1788702900000,79816.68000000,79816.68000000,79816.68000000,79816.68000000,0.00011000
1788702960000,79816.68000000,79816.68000000,79816.68000000,79816.68000000,0.00000000
1788703020000,79816.68000000,79816.68000000,79816.68000000,79816.68000000,0.00000000
1788703080000,79816.68000000,79816.68000000,79810.65000000,79810.65000000,0.16149000
1788703140000,79810.65000000,79810.65000000,79810.65000000,79810.65000000,0.00000000
1788703200000,79810.65000000,79810.65000000,79810.65000000,79810.65000000,0.00000000
1788703260000,79810.65000000,79810.65000000,79810.65000000,79810.65000000,0.00000000
1788703320000,79810.65000000,79810.65000000,79810.65000000,79810.65000000,0.00000000
1788703380000,79831.90000000,79837.80000000,79831.90000000,79837.80000000,0.00783000
1788703440000,79837.80000000,79837.80000000,79837.80000000,79837.80000000,0.00000000
1788703500000,79837.80000000,79837.80000000,79837.80000000,79837.80000000,0.00000000
1788703560000,79837.80000000,79837.80000000,79837.80000000,79837.80000000,0.00000000
1788703620000,79791.51000000,79791.51000000,79791.51000000,79791.51000000,0.00094000
1788703680000,79788.10000000,79788.10000000,79766.93000000,79766.93000000,0.18071000
1788703740000,79775.25000000,79775.25000000,79775.25000000,79775.25000000,0.00384000
1788703800000,79766.93000000,79766.93000000,79766.93000000,79766.93000000,0.00016000
1788703860000,79766.93000000,79766.93000000,79766.93000000,79766.93000000,0.00000000
1788703920000,79776.19000000,79776.19000000,79776.19000000,79776.19000000,0.00025000
1788703980000,79766.94000000,79766.94000000,79766.94000000,79766.94000000,0.00021000
1788704040000,79766.94000000,79766.94000000,79756.99000000,79756.99000000,0.01703000
1788704100000,79756.99000000,79756.99000000,79756.99000000,79756.99000000,0.00000000
1788704160000,79753.00000000,79753.00000000,79703.20000000,79703.20000000,0.00020000
1788704220000,79700.00000000,79700.00000000,79612.49000000,79673.81000000,0.10797000
1788704280000,79756.90000000,79777.48000000,79756.90000000,79777.48000000,0.00493000
1788704340000,79791.17000000,79791.17000000,79784.35000000,79784.35000000,0.00763000
1788704400000,79784.35000000,79784.35000000,79784.35000000,79784.35000000,0.00000000
1788704460000,79628.79000000,79628.79000000,79625.86000000,79625.86000000,0.00363000
1788704520000,79625.86000000,79625.86000000,79625.86000000,79625.86000000,0.00000000
1788704580000,79625.86000000,79625.86000000,79625.86000000,79625.86000000,0.00000000
1788704640000,79651.44000000,79651.44000000,79651.44000000,79651.44000000,0.00036000
1788704700000,79658.58000000,79658.58000000,79658.58000000,79658.58000000,0.00128000
1788704760000,79658.58000000,79658.58000000,79658.58000000,79658.58000000,0.00000000
1788704820000,79690.56000000,79691.05000000,79690.56000000,79691.05000000,0.02509000
1788704880000,79691.35000000,79691.35000000,79685.49000000,79685.49000000,0.00307000
1788704940000,79685.49000000,79685.49000000,79685.49000000,79685.49000000,0.00000000
1788705000000,79685.49000000,79685.49000000,79685.49000000,79685.49000000,0.00000000
1788705060000,79596.01000000,79596.01000000,79521.04000000,79521.04000000,0.09342000
1788705120000,79521.03000000,79521.03000000,79269.84000000,79475.62000000,1.30922000
1788705180000,79475.62000000,79475.62000000,79475.62000000,79475.62000000,0.00000000
1788705240000,79521.04000000,79521.04000000,79521.04000000,79521.04000000,0.00025000
1788705300000,79555.89000000,79579.07000000,79555.89000000,79579.07000000,0.00136000
1788705360000,79589.28000000,79589.28000000,79589.28000000,79589.28000000,0.00120000
1788705420000,79589.28000000,79589.28000000,79589.28000000,79589.28000000,0.00000000
1788705480000,79589.28000000,79589.28000000,79589.28000000,79589.28000000,0.00000000
1788705540000,79589.28000000,79589.28000000,79589.28000000,79589.28000000,0.00000000
1788705600000,79668.70000000,79668.70000000,79668.70000000,79668.70000000,0.00279000
1788705660000,79681.58000000,79726.21000000,79681.58000000,79726.21000000,0.00775000
1788705720000,79726.21000000,79726.21000000,79726.21000000,79726.21000000,0.00000000
1788705780000,79702.27000000,79715.10000000,79702.27000000,79715.10000000,0.00067000
1788705840000,79683.72000000,79683.72000000,79683.72000000,79683.72000000,0.00011000
1788705900000,79684.14000000,79684.14000000,79635.19000000,79635.19000000,0.00188000
1788705960000,79635.19000000,79635.19000000,79635.19000000,79635.19000000,0.00000000
1788706020000,79560.86000000,79560.86000000,79550.90000000,79551.17000000,0.31119000
1788706080000,79612.85000000,79612.85000000,79612.85000000,79612.85000000,0.00010000
1788706140000,79612.85000000,79612.85000000,79612.85000000,79612.85000000,0.00000000
1788706200000,79612.85000000,79612.85000000,79612.85000000,79612.85000000,0.00000000
1788706260000,79612.85000000,79612.85000000,79612.85000000,79612.85000000,0.00000000
1788706320000,79612.85000000,79612.85000000,79612.85000000,79612.85000000,0.00000000
1788706380000,79698.72000000,79698.72000000,79698.72000000,79698.72000000,0.00031000
1788706440000,79684.87000000,79684.87000000,79684.87000000,79684.87000000,0.00187000
1788706500000,79684.87000000,79684.87000000,79684.87000000,79684.87000000,0.00000000
1788706560000,79627.32000000,79627.32000000,79608.05000000,79608.05000000,0.00028000
1788706620000,79608.05000000,79608.05000000,79608.05000000,79608.05000000,0.00000000
1788706680000,79599.24000000,79599.24000000,79599.24000000,79599.24000000,0.00025000
1788706740000,79599.24000000,79599.24000000,79599.24000000,79599.24000000,0.00000000
1788706800000,79552.36000000,79552.36000000,79485.28000000,79485.28000000,0.00097000
1788706860000,79449.08000000,79449.08000000,79414.39000000,79430.98000000,0.00155000
1788706920000,79430.98000000,79430.98000000,79430.98000000,79430.98000000,1.99998000
1788706980000,79495.48000000,79495.48000000,79495.48000000,79495.48000000,0.00075000
1788707040000,79488.13000000,79488.13000000,79488.13000000,79488.13000000,0.00025000
1788707100000,79563.67000000,79563.67000000,79563.67000000,79563.67000000,0.00014000
1788707160000,79576.81000000,79576.81000000,79535.78000000,79562.20000000,0.09471000
1788707220000,79562.20000000,79562.20000000,79562.20000000,79562.20000000,0.00000000
1788707280000,79562.20000000,79562.20000000,79562.20000000,79562.20000000,0.00000000
1788707340000,79562.20000000,79562.20000000,79562.20000000,79562.20000000,0.00000000
1788707400000,79562.20000000,79562.20000000,79562.20000000,79562.20000000,0.00000000
1788707460000,79562.20000000,79562.20000000,79562.20000000,79562.20000000,0.00000000
1788707520000,79534.63000000,79534.63000000,79534.63000000,79534.63000000,0.00063000
1788707580000,79534.63000000,79534.63000000,79534.63000000,79534.63000000,0.00000000
1788707640000,79516.25000000,79516.25000000,79516.25000000,79516.25000000,0.00038000
1788707700000,79539.54000000,79539.54000000,79539.54000000,79539.54000000,0.00036000
1788707760000,79539.54000000,79539.54000000,79539.54000000,79539.54000000,0.00000000
1788707820000,79539.54000000,79539.54000000,79539.54000000,79539.54000000,0.00000000
1788707880000,79583.74000000,79583.74000000,79570.93000000,79570.93000000,0.00121000
1788707940000,79570.93000000,79570.93000000,79570.93000000,79570.93000000,0.00000000
1788708000000,79616.12000000,79637.29000000,79616.12000000,79637.17000000,0.01167000
1788708060000,79637.17000000,79637.17000000,79637.17000000,79637.17000000,0.00000000
1788708120000,79637.17000000,79637.17000000,79637.17000000,79637.17000000,0.00000000
1788708180000,79629.48000000,79630.78000000,79614.68000000,79614.68000000,0.05217000
1788708240000,79614.68000000,79614.68000000,79614.68000000,79614.68000000,0.00000000
1788708300000,79614.68000000,79614.68000000,79614.68000000,79614.68000000,0.00000000
1788708360000,79643.16000000,79649.05000000,79643.16000000,79649.05000000,0.00065000
1788708420000,79631.64000000,79631.64000000,79631.64000000,79631.64000000,0.00009000
1788708480000,79635.07000000,79635.07000000,79635.07000000,79635.07000000,0.00009000
1788708540000,79635.07000000,79635.07000000,79635.07000000,79635.07000000,0.00000000
1788708600000,79635.07000000,79635.07000000,79635.07000000,79635.07000000,0.00000000
1788708660000,79635.07000000,79635.07000000,79635.07000000,79635.07000000,0.00000000
1788708720000,79635.07000000,79635.07000000,79635.07000000,79635.07000000,0.00205000
1788708780000,79635.07000000,79635.07000000,79635.07000000,79635.07000000,0.00000000
